{
  "type": "FeatureCollection", 
  "features": [
    {
      "type": "Feature", 
      "geometry": {
        "coordinates": [
          85.3585396, 
          28.2407506
        ], 
        "type": "Point"
      }, 
      "properties": {
        "severity": "Warnings", 
        "rule": "Tag checker", 
        "message": "Property values contain multiple white spaces - Tag 'name:hi' invalid.", 
        "object_id": "way/1422414759", 
        "josm_remote_url": "http://127.0.0.1:8111/zoom?left=85.3582396&right=85.3588396&top=28.2410506&bottom=28.2404506&select=way1422414759"
      }
    }, 
    {
      "type": "Feature", 
      "geometry": {
        "coordinates": [
          85.1135304, 
          27.853737
        ], 
        "type": "Point"
      }, 
      "properties": {
        "severity": "Warnings", 
        "rule": "Tag checker (MapCSS based)", 
        "message": "Overlapping buildings", 
        "object_id": "way/924593452", 
        "josm_remote_url": "http://127.0.0.1:8111/zoom?left=85.1132304&right=85.1138304&top=27.854037&bottom=27.853437&select=way924593452"
      }
    }, 
    {
      "type": "Feature", 
      "geometry": {
        "coordinates": [
          85.1413079, 
          27.8875372
        ], 
        "type": "Point"
      }, 
      "properties": {
        "severity": "Warnings", 
        "rule": "Tag checker (MapCSS based)", 
        "message": "Overlapping Identical Landuses", 
        "object_id": "way/1553052416", 
        "josm_remote_url": "http://127.0.0.1:8111/zoom?left=85.1410079&right=85.1416079&top=27.8878372&bottom=27.8872372&select=way1553052416"
      }
    }, 
    {
      "type": "Feature", 
      "geometry": {
        "coordinates": [
          85.1738174, 
          27.9662456
        ], 
        "type": "Point"
      }, 
      "properties": {
        "severity": "Warnings", 
        "rule": "Tag checker (MapCSS based)", 
        "message": "Overlapping Identical Landuses", 
        "object_id": "way/346397471", 
        "josm_remote_url": "http://127.0.0.1:8111/zoom?left=85.1735174&right=85.1741174&top=27.9665456&bottom=27.9659456&select=way346397471"
      }
    }, 
    {
      "type": "Feature", 
      "geometry": {
        "coordinates": [
          85.1164882, 
          27.8548609
        ], 
        "type": "Point"
      }, 
      "properties": {
        "severity": "Warnings", 
        "rule": "Tag checker (MapCSS based)", 
        "message": "Overlapping buildings", 
        "object_id": "way/340600146", 
        "josm_remote_url": "http://127.0.0.1:8111/zoom?left=85.1161882&right=85.1167882&top=27.8551609&bottom=27.8545609&select=way340600146"
      }
    }, 
    {
      "type": "Feature", 
      "geometry": {
        "coordinates": [
          85.1868073, 
          28.0429907
        ], 
        "type": "Point"
      }, 
      "properties": {
        "severity": "Warnings", 
        "rule": "Tag checker (MapCSS based)", 
        "message": "Overlapping buildings", 
        "object_id": "way/341522395", 
        "josm_remote_url": "http://127.0.0.1:8111/zoom?left=85.1865073&right=85.1871073&top=28.0432907&bottom=28.0426907&select=way341522395"
      }
    }, 
    {
      "type": "Feature", 
      "geometry": {
        "coordinates": [
          85.1869425, 
          28.042947
        ], 
        "type": "Point"
      }, 
      "properties": {
        "severity": "Warnings", 
        "rule": "Tag checker (MapCSS based)", 
        "message": "Overlapping buildings", 
        "object_id": "way/341522423", 
        "josm_remote_url": "http://127.0.0.1:8111/zoom?left=85.1866425&right=85.1872425&top=28.043247&bottom=28.042647&select=way341522423"
      }
    }, 
    {
      "type": "Feature", 
      "geometry": {
        "coordinates": [
          85.2076162, 
          28.0738281
        ], 
        "type": "Point"
      }, 
      "properties": {
        "severity": "Warnings", 
        "rule": "Tag checker (MapCSS based)", 
        "message": "Overlapping buildings", 
        "object_id": "way/1554269942", 
        "josm_remote_url": "http://127.0.0.1:8111/zoom?left=85.2073162&right=85.2079162&top=28.0741281&bottom=28.0735281&select=way1554269942"
      }
    }, 
    {
      "type": "Feature", 
      "geometry": {
        "coordinates": [
          85.1080292, 
          27.8696901
        ], 
        "type": "Point"
      }, 
      "properties": {
        "severity": "Warnings", 
        "rule": "Tag checker (MapCSS based)", 
        "message": "Overlapping buildings", 
        "object_id": "way/1553699861", 
        "josm_remote_url": "http://127.0.0.1:8111/zoom?left=85.1077292&right=85.1083292&top=27.8699901&bottom=27.8693901&select=way1553699861"
      }
    }, 
    {
      "type": "Feature", 
      "geometry": {
        "coordinates": [
          85.1846681, 
          28.0272742
        ], 
        "type": "Point"
      }, 
      "properties": {
        "severity": "Warnings", 
        "rule": "Tag checker (MapCSS based)", 
        "message": "waterway=canal is the tag for the linear waterway. To tag the water area use natural=water + water=* instead.", 
        "object_id": "way/1555345001", 
        "josm_remote_url": "http://127.0.0.1:8111/zoom?left=85.1843681&right=85.1849681&top=28.0275742&bottom=28.0269742&select=way1555345001"
      }
    }, 
    {
      "type": "Feature", 
      "geometry": {
        "coordinates": [
          85.1987111, 
          28.0209796
        ], 
        "type": "Point"
      }, 
      "properties": {
        "severity": "Warnings", 
        "rule": "Tag checker (MapCSS based)", 
        "message": "Overlapping buildings", 
        "object_id": "way/863488243", 
        "josm_remote_url": "http://127.0.0.1:8111/zoom?left=85.1984111&right=85.1990111&top=28.0212796&bottom=28.0206796&select=way863488243"
      }
    }, 
    {
      "type": "Feature", 
      "geometry": {
        "coordinates": [
          85.1522505, 
          27.9224642
        ], 
        "type": "Point"
      }, 
      "properties": {
        "severity": "Warnings", 
        "rule": "Tag checker (MapCSS based)", 
        "message": "HOT TM Validator Checker - Overlapping landuse areas", 
        "object_id": "way/264573149", 
        "josm_remote_url": "http://127.0.0.1:8111/zoom?left=85.1519505&right=85.1525505&top=27.9227642&bottom=27.9221642&select=way264573149"
      }
    }, 
    {
      "type": "Feature", 
      "geometry": {
        "coordinates": [
          85.1862717, 
          27.9884756
        ], 
        "type": "Point"
      }, 
      "properties": {
        "severity": "Warnings", 
        "rule": "Tag checker (MapCSS based)", 
        "message": "HOT TM Validator Checker - Overlapping landuse areas", 
        "object_id": "way/912405496", 
        "josm_remote_url": "http://127.0.0.1:8111/zoom?left=85.1859717&right=85.1865717&top=27.9887756&bottom=27.9881756&select=way912405496"
      }
    }, 
    {
      "type": "Feature", 
      "geometry": {
        "coordinates": [
          85.1607046, 
          27.9502179
        ], 
        "type": "Point"
      }, 
      "properties": {
        "severity": "Warnings", 
        "rule": "Tag checker (MapCSS based)", 
        "message": "HOT TM Validator Checker - Overlapping landuse areas", 
        "object_id": "way/346099079", 
        "josm_remote_url": "http://127.0.0.1:8111/zoom?left=85.1604046&right=85.1610046&top=27.9505179&bottom=27.9499179&select=way346099079"
      }
    }, 
    {
      "type": "Feature", 
      "geometry": {
        "coordinates": [
          85.1631165, 
          27.9364186
        ], 
        "type": "Point"
      }, 
      "properties": {
        "severity": "Warnings", 
        "rule": "Tag checker (MapCSS based)", 
        "message": "HOT TM Validator Checker - Overlapping landuse areas", 
        "object_id": "way/345359477", 
        "josm_remote_url": "http://127.0.0.1:8111/zoom?left=85.1628165&right=85.1634165&top=27.9367186&bottom=27.9361186&select=way345359477"
      }
    }, 
    {
      "type": "Feature", 
      "geometry": {
        "coordinates": [
          85.1631165, 
          27.9364186
        ], 
        "type": "Point"
      }, 
      "properties": {
        "severity": "Warnings", 
        "rule": "Tag checker (MapCSS based)", 
        "message": "HOT TM Validator Checker - Overlapping landuse areas", 
        "object_id": "way/345359477", 
        "josm_remote_url": "http://127.0.0.1:8111/zoom?left=85.1628165&right=85.1634165&top=27.9367186&bottom=27.9361186&select=way345359477"
      }
    }, 
    {
      "type": "Feature", 
      "geometry": {
        "coordinates": [
          85.168231, 
          27.9377018
        ], 
        "type": "Point"
      }, 
      "properties": {
        "severity": "Warnings", 
        "rule": "Tag checker (MapCSS based)", 
        "message": "HOT TM Validator Checker - Overlapping landuse areas", 
        "object_id": "way/343687358", 
        "josm_remote_url": "http://127.0.0.1:8111/zoom?left=85.167931&right=85.168531&top=27.9380018&bottom=27.9374018&select=way343687358"
      }
    }, 
    {
      "type": "Feature", 
      "geometry": {
        "coordinates": [
          85.1703094, 
          27.989218
        ], 
        "type": "Point"
      }, 
      "properties": {
        "severity": "Warnings", 
        "rule": "Tag checker (MapCSS based)", 
        "message": "HOT TM Validator Checker - Landuse inside landuse", 
        "object_id": "way/342069046", 
        "josm_remote_url": "http://127.0.0.1:8111/zoom?left=85.1700094&right=85.1706094&top=27.989518&bottom=27.988918&select=way342069046"
      }
    }, 
    {
      "type": "Feature", 
      "geometry": {
        "coordinates": [
          85.1703094, 
          27.989218
        ], 
        "type": "Point"
      }, 
      "properties": {
        "severity": "Warnings", 
        "rule": "Tag checker (MapCSS based)", 
        "message": "HOT TM Validator Checker - Landuse inside landuse", 
        "object_id": "way/342069046", 
        "josm_remote_url": "http://127.0.0.1:8111/zoom?left=85.1700094&right=85.1706094&top=27.989518&bottom=27.988918&select=way342069046"
      }
    }, 
    {
      "type": "Feature", 
      "geometry": {
        "coordinates": [
          85.1703094, 
          27.989218
        ], 
        "type": "Point"
      }, 
      "properties": {
        "severity": "Warnings", 
        "rule": "Tag checker (MapCSS based)", 
        "message": "HOT TM Validator Checker - Overlapping landuse areas", 
        "object_id": "way/342069046", 
        "josm_remote_url": "http://127.0.0.1:8111/zoom?left=85.1700094&right=85.1706094&top=27.989518&bottom=27.988918&select=way342069046"
      }
    }, 
    {
      "type": "Feature", 
      "geometry": {
        "coordinates": [
          85.1703094, 
          27.989218
        ], 
        "type": "Point"
      }, 
      "properties": {
        "severity": "Warnings", 
        "rule": "Tag checker (MapCSS based)", 
        "message": "HOT TM Validator Checker - Overlapping landuse areas", 
        "object_id": "way/342069046", 
        "josm_remote_url": "http://127.0.0.1:8111/zoom?left=85.1700094&right=85.1706094&top=27.989518&bottom=27.988918&select=way342069046"
      }
    }, 
    {
      "type": "Feature", 
      "geometry": {
        "coordinates": [
          85.1282776, 
          27.8824433
        ], 
        "type": "Point"
      }, 
      "properties": {
        "severity": "Warnings", 
        "rule": "Tag checker (MapCSS based)", 
        "message": "HOT TM Validator Checker - Overlapping landuse areas", 
        "object_id": "way/342519194", 
        "josm_remote_url": "http://127.0.0.1:8111/zoom?left=85.1279776&right=85.1285776&top=27.8827433&bottom=27.8821433&select=way342519194"
      }
    }, 
    {
      "type": "Feature", 
      "geometry": {
        "coordinates": [
          85.1330406, 
          27.92345
        ], 
        "type": "Point"
      }, 
      "properties": {
        "severity": "Warnings", 
        "rule": "Tag checker (MapCSS based)", 
        "message": "HOT TM Validator Checker - Landuse inside landuse", 
        "object_id": "way/1554065101", 
        "josm_remote_url": "http://127.0.0.1:8111/zoom?left=85.1327406&right=85.1333406&top=27.92375&bottom=27.92315&select=way1554065101"
      }
    }, 
    {
      "type": "Feature", 
      "geometry": {
        "coordinates": [
          85.1330406, 
          27.92345
        ], 
        "type": "Point"
      }, 
      "properties": {
        "severity": "Warnings", 
        "rule": "Tag checker (MapCSS based)", 
        "message": "HOT TM Validator Checker - Landuse inside landuse", 
        "object_id": "way/1554065101", 
        "josm_remote_url": "http://127.0.0.1:8111/zoom?left=85.1327406&right=85.1333406&top=27.92375&bottom=27.92315&select=way1554065101"
      }
    }, 
    {
      "type": "Feature", 
      "geometry": {
        "coordinates": [
          85.1584095, 
          27.9170758
        ], 
        "type": "Point"
      }, 
      "properties": {
        "severity": "Warnings", 
        "rule": "Tag checker (MapCSS based)", 
        "message": "HOT TM Validator Checker - Landuse inside landuse", 
        "object_id": "way/1553949582", 
        "josm_remote_url": "http://127.0.0.1:8111/zoom?left=85.1581095&right=85.1587095&top=27.9173758&bottom=27.9167758&select=way1553949582"
      }
    }, 
    {
      "type": "Feature", 
      "geometry": {
        "coordinates": [
          85.1584095, 
          27.9170758
        ], 
        "type": "Point"
      }, 
      "properties": {
        "severity": "Warnings", 
        "rule": "Tag checker (MapCSS based)", 
        "message": "HOT TM Validator Checker - Overlapping landuse areas", 
        "object_id": "way/1553949582", 
        "josm_remote_url": "http://127.0.0.1:8111/zoom?left=85.1581095&right=85.1587095&top=27.9173758&bottom=27.9167758&select=way1553949582"
      }
    }, 
    {
      "type": "Feature", 
      "geometry": {
        "coordinates": [
          85.1590586, 
          27.9448376
        ], 
        "type": "Point"
      }, 
      "properties": {
        "severity": "Warnings", 
        "rule": "Tag checker (MapCSS based)", 
        "message": "HOT TM Validator Checker - Overlapping landuse areas", 
        "object_id": "way/346100256", 
        "josm_remote_url": "http://127.0.0.1:8111/zoom?left=85.1587586&right=85.1593586&top=27.9451376&bottom=27.9445376&select=way346100256"
      }
    }, 
    {
      "type": "Feature", 
      "geometry": {
        "coordinates": [
          85.2064104, 
          28.0624898
        ], 
        "type": "Point"
      }, 
      "properties": {
        "severity": "Warnings", 
        "rule": "Tag checker (MapCSS based)", 
        "message": "HOT TM Validator Checker - _Fix - _Bridge is missing layer tag", 
        "object_id": "way/1553948209", 
        "josm_remote_url": "http://127.0.0.1:8111/zoom?left=85.2061104&right=85.2067104&top=28.0627898&bottom=28.0621898&select=way1553948209"
      }
    }, 
    {
      "type": "Feature", 
      "geometry": {
        "coordinates": [
          85.1852055, 
          27.9953511
        ], 
        "type": "Point"
      }, 
      "properties": {
        "severity": "Warnings", 
        "rule": "Tag checker (MapCSS based)", 
        "message": "HOT TM Validator Checker - Unclassified highway shorter than 50 meters", 
        "object_id": "way/1553974282", 
        "josm_remote_url": "http://127.0.0.1:8111/zoom?left=85.1849055&right=85.1855055&top=27.9956511&bottom=27.9950511&select=way1553974282"
      }
    }, 
    {
      "type": "Feature", 
      "geometry": {
        "coordinates": [
          85.1681276, 
          27.9671366
        ], 
        "type": "Point"
      }, 
      "properties": {
        "severity": "Warnings", 
        "rule": "Tag checker (MapCSS based)", 
        "message": "HOT TM Validator Checker - Landuse inside landuse", 
        "object_id": "way/342218759", 
        "josm_remote_url": "http://127.0.0.1:8111/zoom?left=85.1678276&right=85.1684276&top=27.9674366&bottom=27.9668366&select=way342218759"
      }
    }, 
    {
      "type": "Feature", 
      "geometry": {
        "coordinates": [
          85.1399943, 
          27.9318883
        ], 
        "type": "Point"
      }, 
      "properties": {
        "severity": "Warnings", 
        "rule": "Tag checker (MapCSS based)", 
        "message": "HOT TM Validator Checker - _Fix - Highway has layer tag", 
        "object_id": "way/303466454", 
        "josm_remote_url": "http://127.0.0.1:8111/zoom?left=85.1396943&right=85.1402943&top=27.9321883&bottom=27.9315883&select=way303466454"
      }
    }, 
    {
      "type": "Feature", 
      "geometry": {
        "coordinates": [
          85.1650942, 
          27.9461546
        ], 
        "type": "Point"
      }, 
      "properties": {
        "severity": "Warnings", 
        "rule": "Tag checker (MapCSS based)", 
        "message": "HOT TM Validator Checker - Overlapping landuse areas", 
        "object_id": "way/342222999", 
        "josm_remote_url": "http://127.0.0.1:8111/zoom?left=85.1647942&right=85.1653942&top=27.9464546&bottom=27.9458546&select=way342222999"
      }
    }, 
    {
      "type": "Feature", 
      "geometry": {
        "coordinates": [
          85.1591002, 
          27.9377316
        ], 
        "type": "Point"
      }, 
      "properties": {
        "severity": "Warnings", 
        "rule": "Tag checker (MapCSS based)", 
        "message": "HOT TM Validator Checker - Overlapping landuse areas", 
        "object_id": "way/345359482", 
        "josm_remote_url": "http://127.0.0.1:8111/zoom?left=85.1588002&right=85.1594002&top=27.9380316&bottom=27.9374316&select=way345359482"
      }
    }, 
    {
      "type": "Feature", 
      "geometry": {
        "coordinates": [
          85.1591002, 
          27.9377316
        ], 
        "type": "Point"
      }, 
      "properties": {
        "severity": "Warnings", 
        "rule": "Tag checker (MapCSS based)", 
        "message": "HOT TM Validator Checker - Overlapping landuse areas", 
        "object_id": "way/345359482", 
        "josm_remote_url": "http://127.0.0.1:8111/zoom?left=85.1588002&right=85.1594002&top=27.9380316&bottom=27.9374316&select=way345359482"
      }
    }, 
    {
      "type": "Feature", 
      "geometry": {
        "coordinates": [
          85.1542514, 
          27.9243862
        ], 
        "type": "Point"
      }, 
      "properties": {
        "severity": "Warnings", 
        "rule": "Tag checker (MapCSS based)", 
        "message": "HOT TM Validator Checker - Overlapping landuse areas", 
        "object_id": "way/264573589", 
        "josm_remote_url": "http://127.0.0.1:8111/zoom?left=85.1539514&right=85.1545514&top=27.9246862&bottom=27.9240862&select=way264573589"
      }
    }, 
    {
      "type": "Feature", 
      "geometry": {
        "coordinates": [
          85.2226888, 
          28.0819418
        ], 
        "type": "Point"
      }, 
      "properties": {
        "severity": "Warnings", 
        "rule": "Tag checker (MapCSS based)", 
        "message": "HOT TM Validator Checker - _Fix - _Bridge is missing layer tag", 
        "object_id": "way/1553951066", 
        "josm_remote_url": "http://127.0.0.1:8111/zoom?left=85.2223888&right=85.2229888&top=28.0822418&bottom=28.0816418&select=way1553951066"
      }
    }, 
    {
      "type": "Feature", 
      "geometry": {
        "coordinates": [
          85.147519, 
          27.922518
        ], 
        "type": "Point"
      }, 
      "properties": {
        "severity": "Warnings", 
        "rule": "Tag checker (MapCSS based)", 
        "message": "HOT TM Validator Checker - _Fix - Building has layer tag", 
        "object_id": "way/888538444", 
        "josm_remote_url": "http://127.0.0.1:8111/zoom?left=85.147219&right=85.147819&top=27.922818&bottom=27.922218&select=way888538444"
      }
    }, 
    {
      "type": "Feature", 
      "geometry": {
        "coordinates": [
          85.1550539, 
          27.9295051
        ], 
        "type": "Point"
      }, 
      "properties": {
        "severity": "Warnings", 
        "rule": "Tag checker (MapCSS based)", 
        "message": "HOT TM Validator Checker - Landuse inside landuse", 
        "object_id": "way/346322748", 
        "josm_remote_url": "http://127.0.0.1:8111/zoom?left=85.1547539&right=85.1553539&top=27.9298051&bottom=27.9292051&select=way346322748"
      }
    }, 
    {
      "type": "Feature", 
      "geometry": {
        "coordinates": [
          85.1550539, 
          27.9295051
        ], 
        "type": "Point"
      }, 
      "properties": {
        "severity": "Warnings", 
        "rule": "Tag checker (MapCSS based)", 
        "message": "HOT TM Validator Checker - Overlapping landuse areas", 
        "object_id": "way/346322748", 
        "josm_remote_url": "http://127.0.0.1:8111/zoom?left=85.1547539&right=85.1553539&top=27.9298051&bottom=27.9292051&select=way346322748"
      }
    }, 
    {
      "type": "Feature", 
      "geometry": {
        "coordinates": [
          85.1413079, 
          27.8875372
        ], 
        "type": "Point"
      }, 
      "properties": {
        "severity": "Warnings", 
        "rule": "Tag checker (MapCSS based)", 
        "message": "HOT TM Validator Checker - Overlapping landuse areas", 
        "object_id": "way/1553052416", 
        "josm_remote_url": "http://127.0.0.1:8111/zoom?left=85.1410079&right=85.1416079&top=27.8878372&bottom=27.8872372&select=way1553052416"
      }
    }, 
    {
      "type": "Feature", 
      "geometry": {
        "coordinates": [
          85.1220012, 
          27.8872137
        ], 
        "type": "Point"
      }, 
      "properties": {
        "severity": "Warnings", 
        "rule": "Tag checker (MapCSS based)", 
        "message": "HOT TM Validator Checker - Landuse inside landuse", 
        "object_id": "way/1554020449", 
        "josm_remote_url": "http://127.0.0.1:8111/zoom?left=85.1217012&right=85.1223012&top=27.8875137&bottom=27.8869137&select=way1554020449"
      }
    }, 
    {
      "type": "Feature", 
      "geometry": {
        "coordinates": [
          85.1445664, 
          27.9406218
        ], 
        "type": "Point"
      }, 
      "properties": {
        "severity": "Warnings", 
        "rule": "Tag checker (MapCSS based)", 
        "message": "HOT TM Validator Checker - Overlapping landuse areas", 
        "object_id": "way/345064766", 
        "josm_remote_url": "http://127.0.0.1:8111/zoom?left=85.1442664&right=85.1448664&top=27.9409218&bottom=27.9403218&select=way345064766"
      }
    }, 
    {
      "type": "Feature", 
      "geometry": {
        "coordinates": [
          85.1738174, 
          27.9662456
        ], 
        "type": "Point"
      }, 
      "properties": {
        "severity": "Warnings", 
        "rule": "Tag checker (MapCSS based)", 
        "message": "HOT TM Validator Checker - Overlapping landuse areas", 
        "object_id": "way/346397471", 
        "josm_remote_url": "http://127.0.0.1:8111/zoom?left=85.1735174&right=85.1741174&top=27.9665456&bottom=27.9659456&select=way346397471"
      }
    }, 
    {
      "type": "Feature", 
      "geometry": {
        "coordinates": [
          85.1339432, 
          27.9084081
        ], 
        "type": "Point"
      }, 
      "properties": {
        "severity": "Warnings", 
        "rule": "Tag checker (MapCSS based)", 
        "message": "HOT TM Validator Checker - Landuse inside landuse", 
        "object_id": "way/354599826", 
        "josm_remote_url": "http://127.0.0.1:8111/zoom?left=85.1336432&right=85.1342432&top=27.9087081&bottom=27.9081081&select=way354599826"
      }
    }, 
    {
      "type": "Feature", 
      "geometry": {
        "coordinates": [
          85.1640669, 
          27.9542485
        ], 
        "type": "Point"
      }, 
      "properties": {
        "severity": "Warnings", 
        "rule": "Tag checker (MapCSS based)", 
        "message": "HOT TM Validator Checker - Overlapping landuse areas", 
        "object_id": "way/345368800", 
        "josm_remote_url": "http://127.0.0.1:8111/zoom?left=85.1637669&right=85.1643669&top=27.9545485&bottom=27.9539485&select=way345368800"
      }
    }, 
    {
      "type": "Feature", 
      "geometry": {
        "coordinates": [
          85.200018, 
          28.0670917
        ], 
        "type": "Point"
      }, 
      "properties": {
        "severity": "Warnings", 
        "rule": "Tag checker (MapCSS based)", 
        "message": "HOT TM Validator Checker - Overlapping landuse areas", 
        "object_id": "way/345715208", 
        "josm_remote_url": "http://127.0.0.1:8111/zoom?left=85.199718&right=85.200318&top=28.0673917&bottom=28.0667917&select=way345715208"
      }
    }, 
    {
      "type": "Feature", 
      "geometry": {
        "coordinates": [
          85.1333376, 
          27.927168
        ], 
        "type": "Point"
      }, 
      "properties": {
        "severity": "Warnings", 
        "rule": "Tag checker (MapCSS based)", 
        "message": "HOT TM Validator Checker - Overlapping landuse areas", 
        "object_id": "way/340760665", 
        "josm_remote_url": "http://127.0.0.1:8111/zoom?left=85.1330376&right=85.1336376&top=27.927468&bottom=27.926868&select=way340760665"
      }
    }, 
    {
      "type": "Feature", 
      "geometry": {
        "coordinates": [
          85.1831236, 
          27.9816863
        ], 
        "type": "Point"
      }, 
      "properties": {
        "severity": "Warnings", 
        "rule": "Tag checker (MapCSS based)", 
        "message": "HOT TM Validator Checker - Unclassified highway shorter than 50 meters", 
        "object_id": "way/1553193346", 
        "josm_remote_url": "http://127.0.0.1:8111/zoom?left=85.1828236&right=85.1834236&top=27.9819863&bottom=27.9813863&select=way1553193346"
      }
    }, 
    {
      "type": "Feature", 
      "geometry": {
        "coordinates": [
          85.1648591, 
          27.9457442
        ], 
        "type": "Point"
      }, 
      "properties": {
        "severity": "Warnings", 
        "rule": "Tag checker (MapCSS based)", 
        "message": "HOT TM Validator Checker - Overlapping landuse areas", 
        "object_id": "way/343687361", 
        "josm_remote_url": "http://127.0.0.1:8111/zoom?left=85.1645591&right=85.1651591&top=27.9460442&bottom=27.9454442&select=way343687361"
      }
    }, 
    {
      "type": "Feature", 
      "geometry": {
        "coordinates": [
          85.2747604, 
          28.1142513
        ], 
        "type": "Point"
      }, 
      "properties": {
        "severity": "Warnings", 
        "rule": "Tag checker (MapCSS based)", 
        "message": "HOT TM Validator Checker - _Fix - _Bridge is missing layer tag", 
        "object_id": "way/1557302794", 
        "josm_remote_url": "http://127.0.0.1:8111/zoom?left=85.2744604&right=85.2750604&top=28.1145513&bottom=28.1139513&select=way1557302794"
      }
    }, 
    {
      "type": "Feature", 
      "geometry": {
        "coordinates": [
          85.1191708, 
          27.8672136
        ], 
        "type": "Point"
      }, 
      "properties": {
        "severity": "Warnings", 
        "rule": "Tag checker (MapCSS based)", 
        "message": "HOT TM Validator Checker - Overlapping landuse areas", 
        "object_id": "way/541435796", 
        "josm_remote_url": "http://127.0.0.1:8111/zoom?left=85.1188708&right=85.1194708&top=27.8675136&bottom=27.8669136&select=way541435796"
      }
    }, 
    {
      "type": "Feature", 
      "geometry": {
        "coordinates": [
          85.1214006, 
          27.8861993
        ], 
        "type": "Point"
      }, 
      "properties": {
        "severity": "Warnings", 
        "rule": "Tag checker (MapCSS based)", 
        "message": "HOT TM Validator Checker - Landuse inside landuse", 
        "object_id": "way/340561903", 
        "josm_remote_url": "http://127.0.0.1:8111/zoom?left=85.1211006&right=85.1217006&top=27.8864993&bottom=27.8858993&select=way340561903"
      }
    }, 
    {
      "type": "Feature", 
      "geometry": {
        "coordinates": [
          85.1600722, 
          27.954092
        ], 
        "type": "Point"
      }, 
      "properties": {
        "severity": "Warnings", 
        "rule": "Tag checker (MapCSS based)", 
        "message": "HOT TM Validator Checker - Landuse inside landuse", 
        "object_id": "way/341889627", 
        "josm_remote_url": "http://127.0.0.1:8111/zoom?left=85.1597722&right=85.1603722&top=27.954392&bottom=27.953792&select=way341889627"
      }
    }, 
    {
      "type": "Feature", 
      "geometry": {
        "coordinates": [
          85.1600722, 
          27.954092
        ], 
        "type": "Point"
      }, 
      "properties": {
        "severity": "Warnings", 
        "rule": "Tag checker (MapCSS based)", 
        "message": "HOT TM Validator Checker - Landuse inside landuse", 
        "object_id": "way/341889627", 
        "josm_remote_url": "http://127.0.0.1:8111/zoom?left=85.1597722&right=85.1603722&top=27.954392&bottom=27.953792&select=way341889627"
      }
    }, 
    {
      "type": "Feature", 
      "geometry": {
        "coordinates": [
          85.1600722, 
          27.954092
        ], 
        "type": "Point"
      }, 
      "properties": {
        "severity": "Warnings", 
        "rule": "Tag checker (MapCSS based)", 
        "message": "HOT TM Validator Checker - Landuse inside landuse", 
        "object_id": "way/341889627", 
        "josm_remote_url": "http://127.0.0.1:8111/zoom?left=85.1597722&right=85.1603722&top=27.954392&bottom=27.953792&select=way341889627"
      }
    }, 
    {
      "type": "Feature", 
      "geometry": {
        "coordinates": [
          85.1600722, 
          27.954092
        ], 
        "type": "Point"
      }, 
      "properties": {
        "severity": "Warnings", 
        "rule": "Tag checker (MapCSS based)", 
        "message": "HOT TM Validator Checker - Landuse inside landuse", 
        "object_id": "way/341889627", 
        "josm_remote_url": "http://127.0.0.1:8111/zoom?left=85.1597722&right=85.1603722&top=27.954392&bottom=27.953792&select=way341889627"
      }
    }, 
    {
      "type": "Feature", 
      "geometry": {
        "coordinates": [
          85.1600722, 
          27.954092
        ], 
        "type": "Point"
      }, 
      "properties": {
        "severity": "Warnings", 
        "rule": "Tag checker (MapCSS based)", 
        "message": "HOT TM Validator Checker - Landuse inside landuse", 
        "object_id": "way/341889627", 
        "josm_remote_url": "http://127.0.0.1:8111/zoom?left=85.1597722&right=85.1603722&top=27.954392&bottom=27.953792&select=way341889627"
      }
    }, 
    {
      "type": "Feature", 
      "geometry": {
        "coordinates": [
          85.1600722, 
          27.954092
        ], 
        "type": "Point"
      }, 
      "properties": {
        "severity": "Warnings", 
        "rule": "Tag checker (MapCSS based)", 
        "message": "HOT TM Validator Checker - Landuse inside landuse", 
        "object_id": "way/341889627", 
        "josm_remote_url": "http://127.0.0.1:8111/zoom?left=85.1597722&right=85.1603722&top=27.954392&bottom=27.953792&select=way341889627"
      }
    }, 
    {
      "type": "Feature", 
      "geometry": {
        "coordinates": [
          85.1600722, 
          27.954092
        ], 
        "type": "Point"
      }, 
      "properties": {
        "severity": "Warnings", 
        "rule": "Tag checker (MapCSS based)", 
        "message": "HOT TM Validator Checker - Landuse inside landuse", 
        "object_id": "way/341889627", 
        "josm_remote_url": "http://127.0.0.1:8111/zoom?left=85.1597722&right=85.1603722&top=27.954392&bottom=27.953792&select=way341889627"
      }
    }, 
    {
      "type": "Feature", 
      "geometry": {
        "coordinates": [
          85.1600722, 
          27.954092
        ], 
        "type": "Point"
      }, 
      "properties": {
        "severity": "Warnings", 
        "rule": "Tag checker (MapCSS based)", 
        "message": "HOT TM Validator Checker - Overlapping landuse areas", 
        "object_id": "way/341889627", 
        "josm_remote_url": "http://127.0.0.1:8111/zoom?left=85.1597722&right=85.1603722&top=27.954392&bottom=27.953792&select=way341889627"
      }
    }, 
    {
      "type": "Feature", 
      "geometry": {
        "coordinates": [
          85.1600722, 
          27.954092
        ], 
        "type": "Point"
      }, 
      "properties": {
        "severity": "Warnings", 
        "rule": "Tag checker (MapCSS based)", 
        "message": "HOT TM Validator Checker - Overlapping landuse areas", 
        "object_id": "way/341889627", 
        "josm_remote_url": "http://127.0.0.1:8111/zoom?left=85.1597722&right=85.1603722&top=27.954392&bottom=27.953792&select=way341889627"
      }
    }, 
    {
      "type": "Feature", 
      "geometry": {
        "coordinates": [
          85.1600722, 
          27.954092
        ], 
        "type": "Point"
      }, 
      "properties": {
        "severity": "Warnings", 
        "rule": "Tag checker (MapCSS based)", 
        "message": "HOT TM Validator Checker - Overlapping landuse areas", 
        "object_id": "way/341889627", 
        "josm_remote_url": "http://127.0.0.1:8111/zoom?left=85.1597722&right=85.1603722&top=27.954392&bottom=27.953792&select=way341889627"
      }
    }, 
    {
      "type": "Feature", 
      "geometry": {
        "coordinates": [
          85.1581505, 
          27.9513454
        ], 
        "type": "Point"
      }, 
      "properties": {
        "severity": "Warnings", 
        "rule": "Tag checker (MapCSS based)", 
        "message": "HOT TM Validator Checker - Landuse inside landuse", 
        "object_id": "way/419157227", 
        "josm_remote_url": "http://127.0.0.1:8111/zoom?left=85.1578505&right=85.1584505&top=27.9516454&bottom=27.9510454&select=way419157227"
      }
    }, 
    {
      "type": "Feature", 
      "geometry": {
        "coordinates": [
          85.1400005, 
          27.8985852
        ], 
        "type": "Point"
      }, 
      "properties": {
        "severity": "Warnings", 
        "rule": "Tag checker (MapCSS based)", 
        "message": "HOT TM Validator Checker - Unclassified highway shorter than 50 meters", 
        "object_id": "way/1553013267", 
        "josm_remote_url": "http://127.0.0.1:8111/zoom?left=85.1397005&right=85.1403005&top=27.8988852&bottom=27.8982852&select=way1553013267"
      }
    }, 
    {
      "type": "Feature", 
      "geometry": {
        "coordinates": [
          85.1720855, 
          27.9772886
        ], 
        "type": "Point"
      }, 
      "properties": {
        "severity": "Warnings", 
        "rule": "Tag checker (MapCSS based)", 
        "message": "HOT TM Validator Checker - Overlapping landuse areas", 
        "object_id": "way/1554276441", 
        "josm_remote_url": "http://127.0.0.1:8111/zoom?left=85.1717855&right=85.1723855&top=27.9775886&bottom=27.9769886&select=way1554276441"
      }
    }, 
    {
      "type": "Feature", 
      "geometry": {
        "coordinates": [
          85.1445163, 
          27.9410473
        ], 
        "type": "Point"
      }, 
      "properties": {
        "severity": "Warnings", 
        "rule": "Tag checker (MapCSS based)", 
        "message": "HOT TM Validator Checker - Landuse inside landuse", 
        "object_id": "way/342222546", 
        "josm_remote_url": "http://127.0.0.1:8111/zoom?left=85.1442163&right=85.1448163&top=27.9413473&bottom=27.9407473&select=way342222546"
      }
    }, 
    {
      "type": "Feature", 
      "geometry": {
        "coordinates": [
          85.1445163, 
          27.9410473
        ], 
        "type": "Point"
      }, 
      "properties": {
        "severity": "Warnings", 
        "rule": "Tag checker (MapCSS based)", 
        "message": "HOT TM Validator Checker - Landuse inside landuse", 
        "object_id": "way/342222546", 
        "josm_remote_url": "http://127.0.0.1:8111/zoom?left=85.1442163&right=85.1448163&top=27.9413473&bottom=27.9407473&select=way342222546"
      }
    }, 
    {
      "type": "Feature", 
      "geometry": {
        "coordinates": [
          85.1445163, 
          27.9410473
        ], 
        "type": "Point"
      }, 
      "properties": {
        "severity": "Warnings", 
        "rule": "Tag checker (MapCSS based)", 
        "message": "HOT TM Validator Checker - Landuse inside landuse", 
        "object_id": "way/342222546", 
        "josm_remote_url": "http://127.0.0.1:8111/zoom?left=85.1442163&right=85.1448163&top=27.9413473&bottom=27.9407473&select=way342222546"
      }
    }, 
    {
      "type": "Feature", 
      "geometry": {
        "coordinates": [
          85.1445163, 
          27.9410473
        ], 
        "type": "Point"
      }, 
      "properties": {
        "severity": "Warnings", 
        "rule": "Tag checker (MapCSS based)", 
        "message": "HOT TM Validator Checker - Overlapping landuse areas", 
        "object_id": "way/342222546", 
        "josm_remote_url": "http://127.0.0.1:8111/zoom?left=85.1442163&right=85.1448163&top=27.9413473&bottom=27.9407473&select=way342222546"
      }
    }, 
    {
      "type": "Feature", 
      "geometry": {
        "coordinates": [
          85.1635863, 
          27.9289007
        ], 
        "type": "Point"
      }, 
      "properties": {
        "severity": "Warnings", 
        "rule": "Tag checker (MapCSS based)", 
        "message": "HOT TM Validator Checker - Overlapping landuse areas", 
        "object_id": "way/1553949573", 
        "josm_remote_url": "http://127.0.0.1:8111/zoom?left=85.1632863&right=85.1638863&top=27.9292007&bottom=27.9286007&select=way1553949573"
      }
    }, 
    {
      "type": "Feature", 
      "geometry": {
        "coordinates": [
          85.1466983, 
          27.9230825
        ], 
        "type": "Point"
      }, 
      "properties": {
        "severity": "Warnings", 
        "rule": "Tag checker (MapCSS based)", 
        "message": "HOT TM Validator Checker - Landuse inside landuse", 
        "object_id": "way/341654846", 
        "josm_remote_url": "http://127.0.0.1:8111/zoom?left=85.1463983&right=85.1469983&top=27.9233825&bottom=27.9227825&select=way341654846"
      }
    }, 
    {
      "type": "Feature", 
      "geometry": {
        "coordinates": [
          85.1466983, 
          27.9230825
        ], 
        "type": "Point"
      }, 
      "properties": {
        "severity": "Warnings", 
        "rule": "Tag checker (MapCSS based)", 
        "message": "HOT TM Validator Checker - Landuse inside landuse", 
        "object_id": "way/341654846", 
        "josm_remote_url": "http://127.0.0.1:8111/zoom?left=85.1463983&right=85.1469983&top=27.9233825&bottom=27.9227825&select=way341654846"
      }
    }, 
    {
      "type": "Feature", 
      "geometry": {
        "coordinates": [
          85.2056785, 
          28.0646854
        ], 
        "type": "Point"
      }, 
      "properties": {
        "severity": "Warnings", 
        "rule": "Tag checker (MapCSS based)", 
        "message": "HOT TM Validator Checker - Unclassified highway shorter than 50 meters", 
        "object_id": "way/1553515493", 
        "josm_remote_url": "http://127.0.0.1:8111/zoom?left=85.2053785&right=85.2059785&top=28.0649854&bottom=28.0643854&select=way1553515493"
      }
    }, 
    {
      "type": "Feature", 
      "geometry": {
        "coordinates": [
          85.1646886, 
          27.9457513
        ], 
        "type": "Point"
      }, 
      "properties": {
        "severity": "Warnings", 
        "rule": "Tag checker (MapCSS based)", 
        "message": "HOT TM Validator Checker - Landuse inside landuse", 
        "object_id": "way/343687359", 
        "josm_remote_url": "http://127.0.0.1:8111/zoom?left=85.1643886&right=85.1649886&top=27.9460513&bottom=27.9454513&select=way343687359"
      }
    }, 
    {
      "type": "Feature", 
      "geometry": {
        "coordinates": [
          85.1646886, 
          27.9457513
        ], 
        "type": "Point"
      }, 
      "properties": {
        "severity": "Warnings", 
        "rule": "Tag checker (MapCSS based)", 
        "message": "HOT TM Validator Checker - Overlapping landuse areas", 
        "object_id": "way/343687359", 
        "josm_remote_url": "http://127.0.0.1:8111/zoom?left=85.1643886&right=85.1649886&top=27.9460513&bottom=27.9454513&select=way343687359"
      }
    }, 
    {
      "type": "Feature", 
      "geometry": {
        "coordinates": [
          85.127477, 
          27.9083844
        ], 
        "type": "Point"
      }, 
      "properties": {
        "severity": "Warnings", 
        "rule": "Tag checker (MapCSS based)", 
        "message": "HOT TM Validator Checker - Overlapping landuse areas", 
        "object_id": "way/345531465", 
        "josm_remote_url": "http://127.0.0.1:8111/zoom?left=85.127177&right=85.127777&top=27.9086844&bottom=27.9080844&select=way345531465"
      }
    }, 
    {
      "type": "Feature", 
      "geometry": {
        "coordinates": [
          85.1325847, 
          27.8854155
        ], 
        "type": "Point"
      }, 
      "properties": {
        "severity": "Warnings", 
        "rule": "Tag checker (MapCSS based)", 
        "message": "HOT TM Validator Checker - Landuse inside landuse", 
        "object_id": "way/342519195", 
        "josm_remote_url": "http://127.0.0.1:8111/zoom?left=85.1322847&right=85.1328847&top=27.8857155&bottom=27.8851155&select=way342519195"
      }
    }, 
    {
      "type": "Feature", 
      "geometry": {
        "coordinates": [
          85.1845637, 
          27.9956742
        ], 
        "type": "Point"
      }, 
      "properties": {
        "severity": "Warnings", 
        "rule": "Tag checker (MapCSS based)", 
        "message": "HOT TM Validator Checker - Unclassified highway shorter than 50 meters", 
        "object_id": "way/1553974284", 
        "josm_remote_url": "http://127.0.0.1:8111/zoom?left=85.1842637&right=85.1848637&top=27.9959742&bottom=27.9953742&select=way1553974284"
      }
    }, 
    {
      "type": "Feature", 
      "geometry": {
        "coordinates": [
          85.148437, 
          27.9190865
        ], 
        "type": "Point"
      }, 
      "properties": {
        "severity": "Warnings", 
        "rule": "Tag checker (MapCSS based)", 
        "message": "HOT TM Validator Checker - Overlapping landuse areas", 
        "object_id": "way/1553949583", 
        "josm_remote_url": "http://127.0.0.1:8111/zoom?left=85.148137&right=85.148737&top=27.9193865&bottom=27.9187865&select=way1553949583"
      }
    }, 
    {
      "type": "Feature", 
      "geometry": {
        "coordinates": [
          85.148437, 
          27.9190865
        ], 
        "type": "Point"
      }, 
      "properties": {
        "severity": "Warnings", 
        "rule": "Tag checker (MapCSS based)", 
        "message": "HOT TM Validator Checker - Overlapping landuse areas", 
        "object_id": "way/1553949583", 
        "josm_remote_url": "http://127.0.0.1:8111/zoom?left=85.148137&right=85.148737&top=27.9193865&bottom=27.9187865&select=way1553949583"
      }
    }, 
    {
      "type": "Feature", 
      "geometry": {
        "coordinates": [
          85.1594149, 
          27.9347806
        ], 
        "type": "Point"
      }, 
      "properties": {
        "severity": "Warnings", 
        "rule": "Tag checker (MapCSS based)", 
        "message": "HOT TM Validator Checker - Overlapping landuse areas", 
        "object_id": "way/342040339", 
        "josm_remote_url": "http://127.0.0.1:8111/zoom?left=85.1591149&right=85.1597149&top=27.9350806&bottom=27.9344806&select=way342040339"
      }
    }, 
    {
      "type": "Feature", 
      "geometry": {
        "coordinates": [
          85.1848541, 
          27.9956235
        ], 
        "type": "Point"
      }, 
      "properties": {
        "severity": "Warnings", 
        "rule": "Tag checker (MapCSS based)", 
        "message": "HOT TM Validator Checker - _Fix - _Bridge is missing layer tag", 
        "object_id": "way/1553974283", 
        "josm_remote_url": "http://127.0.0.1:8111/zoom?left=85.1845541&right=85.1851541&top=27.9959235&bottom=27.9953235&select=way1553974283"
      }
    }, 
    {
      "type": "Feature", 
      "geometry": {
        "coordinates": [
          85.1347677, 
          27.9041301
        ], 
        "type": "Point"
      }, 
      "properties": {
        "severity": "Warnings", 
        "rule": "Tag checker (MapCSS based)", 
        "message": "HOT TM Validator Checker - Landuse inside landuse", 
        "object_id": "way/1554043921", 
        "josm_remote_url": "http://127.0.0.1:8111/zoom?left=85.1344677&right=85.1350677&top=27.9044301&bottom=27.9038301&select=way1554043921"
      }
    }, 
    {
      "type": "Feature", 
      "geometry": {
        "coordinates": [
          85.1645953, 
          27.9417616
        ], 
        "type": "Point"
      }, 
      "properties": {
        "severity": "Warnings", 
        "rule": "Tag checker (MapCSS based)", 
        "message": "HOT TM Validator Checker - Landuse inside landuse", 
        "object_id": "way/342223106", 
        "josm_remote_url": "http://127.0.0.1:8111/zoom?left=85.1642953&right=85.1648953&top=27.9420616&bottom=27.9414616&select=way342223106"
      }
    }, 
    {
      "type": "Feature", 
      "geometry": {
        "coordinates": [
          85.1645953, 
          27.9417616
        ], 
        "type": "Point"
      }, 
      "properties": {
        "severity": "Warnings", 
        "rule": "Tag checker (MapCSS based)", 
        "message": "HOT TM Validator Checker - Landuse inside landuse", 
        "object_id": "way/342223106", 
        "josm_remote_url": "http://127.0.0.1:8111/zoom?left=85.1642953&right=85.1648953&top=27.9420616&bottom=27.9414616&select=way342223106"
      }
    }, 
    {
      "type": "Feature", 
      "geometry": {
        "coordinates": [
          85.1645953, 
          27.9417616
        ], 
        "type": "Point"
      }, 
      "properties": {
        "severity": "Warnings", 
        "rule": "Tag checker (MapCSS based)", 
        "message": "HOT TM Validator Checker - Landuse inside landuse", 
        "object_id": "way/342223106", 
        "josm_remote_url": "http://127.0.0.1:8111/zoom?left=85.1642953&right=85.1648953&top=27.9420616&bottom=27.9414616&select=way342223106"
      }
    }, 
    {
      "type": "Feature", 
      "geometry": {
        "coordinates": [
          85.2417693, 
          28.0923459
        ], 
        "type": "Point"
      }, 
      "properties": {
        "severity": "Warnings", 
        "rule": "Tag checker (MapCSS based)", 
        "message": "HOT TM Validator Checker - Overlapping landuse areas", 
        "object_id": "way/341247238", 
        "josm_remote_url": "http://127.0.0.1:8111/zoom?left=85.2414693&right=85.2420693&top=28.0926459&bottom=28.0920459&select=way341247238"
      }
    }, 
    {
      "type": "Feature", 
      "geometry": {
        "coordinates": [
          85.2075818, 
          28.0719259
        ], 
        "type": "Point"
      }, 
      "properties": {
        "severity": "Warnings", 
        "rule": "Tag checker (MapCSS based)", 
        "message": "HOT TM Validator Checker - Overlapping landuse areas", 
        "object_id": "way/1553948216", 
        "josm_remote_url": "http://127.0.0.1:8111/zoom?left=85.2072818&right=85.2078818&top=28.0722259&bottom=28.0716259&select=way1553948216"
      }
    }, 
    {
      "type": "Feature", 
      "geometry": {
        "coordinates": [
          85.151393, 
          27.9472981
        ], 
        "type": "Point"
      }, 
      "properties": {
        "severity": "Warnings", 
        "rule": "Tag checker (MapCSS based)", 
        "message": "HOT TM Validator Checker - Unclassified highway shorter than 50 meters", 
        "object_id": "way/1152859134", 
        "josm_remote_url": "http://127.0.0.1:8111/zoom?left=85.151093&right=85.151693&top=27.9475981&bottom=27.9469981&select=way1152859134"
      }
    }, 
    {
      "type": "Feature", 
      "geometry": {
        "coordinates": [
          85.1625146, 
          27.9363332
        ], 
        "type": "Point"
      }, 
      "properties": {
        "severity": "Warnings", 
        "rule": "Tag checker (MapCSS based)", 
        "message": "HOT TM Validator Checker - Landuse inside landuse", 
        "object_id": "way/342221919", 
        "josm_remote_url": "http://127.0.0.1:8111/zoom?left=85.1622146&right=85.1628146&top=27.9366332&bottom=27.9360332&select=way342221919"
      }
    }, 
    {
      "type": "Feature", 
      "geometry": {
        "coordinates": [
          85.1710916, 
          27.9782314
        ], 
        "type": "Point"
      }, 
      "properties": {
        "severity": "Warnings", 
        "rule": "Tag checker (MapCSS based)", 
        "message": "HOT TM Validator Checker - Overlapping landuse areas", 
        "object_id": "way/342301254", 
        "josm_remote_url": "http://127.0.0.1:8111/zoom?left=85.1707916&right=85.1713916&top=27.9785314&bottom=27.9779314&select=way342301254"
      }
    }, 
    {
      "type": "Feature", 
      "geometry": {
        "coordinates": [
          85.1761991, 
          27.9692682
        ], 
        "type": "Point"
      }, 
      "properties": {
        "severity": "Warnings", 
        "rule": "Tag checker (MapCSS based)", 
        "message": "HOT TM Validator Checker - Overlapping landuse areas", 
        "object_id": "way/341754375", 
        "josm_remote_url": "http://127.0.0.1:8111/zoom?left=85.1758991&right=85.1764991&top=27.9695682&bottom=27.9689682&select=way341754375"
      }
    }, 
    {
      "type": "Feature", 
      "geometry": {
        "coordinates": [
          85.1413132, 
          27.8875374
        ], 
        "type": "Point"
      }, 
      "properties": {
        "severity": "Warnings", 
        "rule": "Tag checker (MapCSS based)", 
        "message": "HOT TM Validator Checker - Landuse inside landuse", 
        "object_id": "way/1553052417", 
        "josm_remote_url": "http://127.0.0.1:8111/zoom?left=85.1410132&right=85.1416132&top=27.8878374&bottom=27.8872374&select=way1553052417"
      }
    }, 
    {
      "type": "Feature", 
      "geometry": {
        "coordinates": [
          85.1413132, 
          27.8875374
        ], 
        "type": "Point"
      }, 
      "properties": {
        "severity": "Warnings", 
        "rule": "Tag checker (MapCSS based)", 
        "message": "HOT TM Validator Checker - Landuse inside landuse", 
        "object_id": "way/1553052417", 
        "josm_remote_url": "http://127.0.0.1:8111/zoom?left=85.1410132&right=85.1416132&top=27.8878374&bottom=27.8872374&select=way1553052417"
      }
    }, 
    {
      "type": "Feature", 
      "geometry": {
        "coordinates": [
          85.1413132, 
          27.8875374
        ], 
        "type": "Point"
      }, 
      "properties": {
        "severity": "Warnings", 
        "rule": "Tag checker (MapCSS based)", 
        "message": "HOT TM Validator Checker - Landuse inside landuse", 
        "object_id": "way/1553052417", 
        "josm_remote_url": "http://127.0.0.1:8111/zoom?left=85.1410132&right=85.1416132&top=27.8878374&bottom=27.8872374&select=way1553052417"
      }
    }, 
    {
      "type": "Feature", 
      "geometry": {
        "coordinates": [
          85.1413132, 
          27.8875374
        ], 
        "type": "Point"
      }, 
      "properties": {
        "severity": "Warnings", 
        "rule": "Tag checker (MapCSS based)", 
        "message": "HOT TM Validator Checker - Landuse inside landuse", 
        "object_id": "way/1553052417", 
        "josm_remote_url": "http://127.0.0.1:8111/zoom?left=85.1410132&right=85.1416132&top=27.8878374&bottom=27.8872374&select=way1553052417"
      }
    }, 
    {
      "type": "Feature", 
      "geometry": {
        "coordinates": [
          85.1413132, 
          27.8875374
        ], 
        "type": "Point"
      }, 
      "properties": {
        "severity": "Warnings", 
        "rule": "Tag checker (MapCSS based)", 
        "message": "HOT TM Validator Checker - Landuse inside landuse", 
        "object_id": "way/1553052417", 
        "josm_remote_url": "http://127.0.0.1:8111/zoom?left=85.1410132&right=85.1416132&top=27.8878374&bottom=27.8872374&select=way1553052417"
      }
    }, 
    {
      "type": "Feature", 
      "geometry": {
        "coordinates": [
          85.1413132, 
          27.8875374
        ], 
        "type": "Point"
      }, 
      "properties": {
        "severity": "Warnings", 
        "rule": "Tag checker (MapCSS based)", 
        "message": "HOT TM Validator Checker - Landuse inside landuse", 
        "object_id": "way/1553052417", 
        "josm_remote_url": "http://127.0.0.1:8111/zoom?left=85.1410132&right=85.1416132&top=27.8878374&bottom=27.8872374&select=way1553052417"
      }
    }, 
    {
      "type": "Feature", 
      "geometry": {
        "coordinates": [
          85.1413132, 
          27.8875374
        ], 
        "type": "Point"
      }, 
      "properties": {
        "severity": "Warnings", 
        "rule": "Tag checker (MapCSS based)", 
        "message": "HOT TM Validator Checker - Landuse inside landuse", 
        "object_id": "way/1553052417", 
        "josm_remote_url": "http://127.0.0.1:8111/zoom?left=85.1410132&right=85.1416132&top=27.8878374&bottom=27.8872374&select=way1553052417"
      }
    }, 
    {
      "type": "Feature", 
      "geometry": {
        "coordinates": [
          85.1413132, 
          27.8875374
        ], 
        "type": "Point"
      }, 
      "properties": {
        "severity": "Warnings", 
        "rule": "Tag checker (MapCSS based)", 
        "message": "HOT TM Validator Checker - Overlapping landuse areas", 
        "object_id": "way/1553052417", 
        "josm_remote_url": "http://127.0.0.1:8111/zoom?left=85.1410132&right=85.1416132&top=27.8878374&bottom=27.8872374&select=way1553052417"
      }
    }, 
    {
      "type": "Feature", 
      "geometry": {
        "coordinates": [
          85.1413132, 
          27.8875374
        ], 
        "type": "Point"
      }, 
      "properties": {
        "severity": "Warnings", 
        "rule": "Tag checker (MapCSS based)", 
        "message": "HOT TM Validator Checker - Overlapping landuse areas", 
        "object_id": "way/1553052417", 
        "josm_remote_url": "http://127.0.0.1:8111/zoom?left=85.1410132&right=85.1416132&top=27.8878374&bottom=27.8872374&select=way1553052417"
      }
    }, 
    {
      "type": "Feature", 
      "geometry": {
        "coordinates": [
          85.1823669, 
          27.9820392
        ], 
        "type": "Point"
      }, 
      "properties": {
        "severity": "Warnings", 
        "rule": "Tag checker (MapCSS based)", 
        "message": "HOT TM Validator Checker - Overlapping landuse areas", 
        "object_id": "way/342221358", 
        "josm_remote_url": "http://127.0.0.1:8111/zoom?left=85.1820669&right=85.1826669&top=27.9823392&bottom=27.9817392&select=way342221358"
      }
    }, 
    {
      "type": "Feature", 
      "geometry": {
        "coordinates": [
          85.1587195, 
          27.9372917
        ], 
        "type": "Point"
      }, 
      "properties": {
        "severity": "Warnings", 
        "rule": "Tag checker (MapCSS based)", 
        "message": "HOT TM Validator Checker - Overlapping landuse areas", 
        "object_id": "way/342221959", 
        "josm_remote_url": "http://127.0.0.1:8111/zoom?left=85.1584195&right=85.1590195&top=27.9375917&bottom=27.9369917&select=way342221959"
      }
    }, 
    {
      "type": "Feature", 
      "geometry": {
        "coordinates": [
          85.1632053, 
          27.9445619
        ], 
        "type": "Point"
      }, 
      "properties": {
        "severity": "Warnings", 
        "rule": "Tag checker (MapCSS based)", 
        "message": "HOT TM Validator Checker - Overlapping landuse areas", 
        "object_id": "way/345368801", 
        "josm_remote_url": "http://127.0.0.1:8111/zoom?left=85.1629053&right=85.1635053&top=27.9448619&bottom=27.9442619&select=way345368801"
      }
    }, 
    {
      "type": "Feature", 
      "geometry": {
        "coordinates": [
          85.1354389, 
          27.8728577
        ], 
        "type": "Point"
      }, 
      "properties": {
        "severity": "Warnings", 
        "rule": "Tag checker (MapCSS based)", 
        "message": "HOT TM Validator Checker - Overlapping landuse areas", 
        "object_id": "way/346770857", 
        "josm_remote_url": "http://127.0.0.1:8111/zoom?left=85.1351389&right=85.1357389&top=27.8731577&bottom=27.8725577&select=way346770857"
      }
    }, 
    {
      "type": "Feature", 
      "geometry": {
        "coordinates": [
          85.1921544, 
          27.9836159
        ], 
        "type": "Point"
      }, 
      "properties": {
        "severity": "Warnings", 
        "rule": "Tag checker (MapCSS based)", 
        "message": "HOT TM Validator Checker - Overlapping landuse areas", 
        "object_id": "way/341623278", 
        "josm_remote_url": "http://127.0.0.1:8111/zoom?left=85.1918544&right=85.1924544&top=27.9839159&bottom=27.9833159&select=way341623278"
      }
    }, 
    {
      "type": "Feature", 
      "geometry": {
        "coordinates": [
          85.1834005, 
          27.9809463
        ], 
        "type": "Point"
      }, 
      "properties": {
        "severity": "Warnings", 
        "rule": "Tag checker (MapCSS based)", 
        "message": "HOT TM Validator Checker - Unclassified highway shorter than 50 meters", 
        "object_id": "way/1553193348", 
        "josm_remote_url": "http://127.0.0.1:8111/zoom?left=85.1831005&right=85.1837005&top=27.9812463&bottom=27.9806463&select=way1553193348"
      }
    }, 
    {
      "type": "Feature", 
      "geometry": {
        "coordinates": [
          85.1539616, 
          27.927545
        ], 
        "type": "Point"
      }, 
      "properties": {
        "severity": "Warnings", 
        "rule": "Tag checker (MapCSS based)", 
        "message": "HOT TM Validator Checker - Overlapping landuse areas", 
        "object_id": "way/303472200", 
        "josm_remote_url": "http://127.0.0.1:8111/zoom?left=85.1536616&right=85.1542616&top=27.927845&bottom=27.927245&select=way303472200"
      }
    }, 
    {
      "type": "Feature", 
      "geometry": {
        "coordinates": [
          85.1439388, 
          27.9245969
        ], 
        "type": "Point"
      }, 
      "properties": {
        "severity": "Warnings", 
        "rule": "Tag checker (MapCSS based)", 
        "message": "HOT TM Validator Checker - _Fix - Building has layer tag", 
        "object_id": "way/889061407", 
        "josm_remote_url": "http://127.0.0.1:8111/zoom?left=85.1436388&right=85.1442388&top=27.9248969&bottom=27.9242969&select=way889061407"
      }
    }, 
    {
      "type": "Feature", 
      "geometry": {
        "coordinates": [
          85.1831656, 
          27.9812694
        ], 
        "type": "Point"
      }, 
      "properties": {
        "severity": "Warnings", 
        "rule": "Tag checker (MapCSS based)", 
        "message": "HOT TM Validator Checker - Unclassified highway shorter than 50 meters", 
        "object_id": "way/1553193347", 
        "josm_remote_url": "http://127.0.0.1:8111/zoom?left=85.1828656&right=85.1834656&top=27.9815694&bottom=27.9809694&select=way1553193347"
      }
    }, 
    {
      "type": "Feature", 
      "geometry": {
        "coordinates": [
          85.1428306, 
          27.9170985
        ], 
        "type": "Point"
      }, 
      "properties": {
        "severity": "Warnings", 
        "rule": "Tag checker (MapCSS based)", 
        "message": "HOT TM Validator Checker - Landuse inside landuse", 
        "object_id": "way/1554061562", 
        "josm_remote_url": "http://127.0.0.1:8111/zoom?left=85.1425306&right=85.1431306&top=27.9173985&bottom=27.9167985&select=way1554061562"
      }
    }, 
    {
      "type": "Feature", 
      "geometry": {
        "coordinates": [
          85.1428306, 
          27.9170985
        ], 
        "type": "Point"
      }, 
      "properties": {
        "severity": "Warnings", 
        "rule": "Tag checker (MapCSS based)", 
        "message": "HOT TM Validator Checker - Landuse inside landuse", 
        "object_id": "way/1554061562", 
        "josm_remote_url": "http://127.0.0.1:8111/zoom?left=85.1425306&right=85.1431306&top=27.9173985&bottom=27.9167985&select=way1554061562"
      }
    }, 
    {
      "type": "Feature", 
      "geometry": {
        "coordinates": [
          85.1428306, 
          27.9170985
        ], 
        "type": "Point"
      }, 
      "properties": {
        "severity": "Warnings", 
        "rule": "Tag checker (MapCSS based)", 
        "message": "HOT TM Validator Checker - Landuse inside landuse", 
        "object_id": "way/1554061562", 
        "josm_remote_url": "http://127.0.0.1:8111/zoom?left=85.1425306&right=85.1431306&top=27.9173985&bottom=27.9167985&select=way1554061562"
      }
    }, 
    {
      "type": "Feature", 
      "geometry": {
        "coordinates": [
          85.1428306, 
          27.9170985
        ], 
        "type": "Point"
      }, 
      "properties": {
        "severity": "Warnings", 
        "rule": "Tag checker (MapCSS based)", 
        "message": "HOT TM Validator Checker - Landuse inside landuse", 
        "object_id": "way/1554061562", 
        "josm_remote_url": "http://127.0.0.1:8111/zoom?left=85.1425306&right=85.1431306&top=27.9173985&bottom=27.9167985&select=way1554061562"
      }
    }, 
    {
      "type": "Feature", 
      "geometry": {
        "coordinates": [
          85.1428306, 
          27.9170985
        ], 
        "type": "Point"
      }, 
      "properties": {
        "severity": "Warnings", 
        "rule": "Tag checker (MapCSS based)", 
        "message": "HOT TM Validator Checker - Landuse inside landuse", 
        "object_id": "way/1554061562", 
        "josm_remote_url": "http://127.0.0.1:8111/zoom?left=85.1425306&right=85.1431306&top=27.9173985&bottom=27.9167985&select=way1554061562"
      }
    }, 
    {
      "type": "Feature", 
      "geometry": {
        "coordinates": [
          85.1428306, 
          27.9170985
        ], 
        "type": "Point"
      }, 
      "properties": {
        "severity": "Warnings", 
        "rule": "Tag checker (MapCSS based)", 
        "message": "HOT TM Validator Checker - Landuse inside landuse", 
        "object_id": "way/1554061562", 
        "josm_remote_url": "http://127.0.0.1:8111/zoom?left=85.1425306&right=85.1431306&top=27.9173985&bottom=27.9167985&select=way1554061562"
      }
    }, 
    {
      "type": "Feature", 
      "geometry": {
        "coordinates": [
          85.1428306, 
          27.9170985
        ], 
        "type": "Point"
      }, 
      "properties": {
        "severity": "Warnings", 
        "rule": "Tag checker (MapCSS based)", 
        "message": "HOT TM Validator Checker - Landuse inside landuse", 
        "object_id": "way/1554061562", 
        "josm_remote_url": "http://127.0.0.1:8111/zoom?left=85.1425306&right=85.1431306&top=27.9173985&bottom=27.9167985&select=way1554061562"
      }
    }, 
    {
      "type": "Feature", 
      "geometry": {
        "coordinates": [
          85.1428306, 
          27.9170985
        ], 
        "type": "Point"
      }, 
      "properties": {
        "severity": "Warnings", 
        "rule": "Tag checker (MapCSS based)", 
        "message": "HOT TM Validator Checker - Landuse inside landuse", 
        "object_id": "way/1554061562", 
        "josm_remote_url": "http://127.0.0.1:8111/zoom?left=85.1425306&right=85.1431306&top=27.9173985&bottom=27.9167985&select=way1554061562"
      }
    }, 
    {
      "type": "Feature", 
      "geometry": {
        "coordinates": [
          85.1428306, 
          27.9170985
        ], 
        "type": "Point"
      }, 
      "properties": {
        "severity": "Warnings", 
        "rule": "Tag checker (MapCSS based)", 
        "message": "HOT TM Validator Checker - Overlapping landuse areas", 
        "object_id": "way/1554061562", 
        "josm_remote_url": "http://127.0.0.1:8111/zoom?left=85.1425306&right=85.1431306&top=27.9173985&bottom=27.9167985&select=way1554061562"
      }
    }, 
    {
      "type": "Feature", 
      "geometry": {
        "coordinates": [
          85.1428306, 
          27.9170985
        ], 
        "type": "Point"
      }, 
      "properties": {
        "severity": "Warnings", 
        "rule": "Tag checker (MapCSS based)", 
        "message": "HOT TM Validator Checker - Overlapping landuse areas", 
        "object_id": "way/1554061562", 
        "josm_remote_url": "http://127.0.0.1:8111/zoom?left=85.1425306&right=85.1431306&top=27.9173985&bottom=27.9167985&select=way1554061562"
      }
    }, 
    {
      "type": "Feature", 
      "geometry": {
        "coordinates": [
          85.1276296, 
          27.9055962
        ], 
        "type": "Point"
      }, 
      "properties": {
        "severity": "Warnings", 
        "rule": "Tag checker (MapCSS based)", 
        "message": "HOT TM Validator Checker - Landuse inside landuse", 
        "object_id": "way/341676546", 
        "josm_remote_url": "http://127.0.0.1:8111/zoom?left=85.1273296&right=85.1279296&top=27.9058962&bottom=27.9052962&select=way341676546"
      }
    }, 
    {
      "type": "Feature", 
      "geometry": {
        "coordinates": [
          85.1578286, 
          27.942675
        ], 
        "type": "Point"
      }, 
      "properties": {
        "severity": "Warnings", 
        "rule": "Tag checker (MapCSS based)", 
        "message": "HOT TM Validator Checker - _Fix - Waterway has layer tag", 
        "object_id": "way/246173473", 
        "josm_remote_url": "http://127.0.0.1:8111/zoom?left=85.1575286&right=85.1581286&top=27.942975&bottom=27.942375&select=way246173473"
      }
    }, 
    {
      "type": "Feature", 
      "geometry": {
        "coordinates": [
          85.2069725, 
          28.0638783
        ], 
        "type": "Point"
      }, 
      "properties": {
        "severity": "Warnings", 
        "rule": "Tag checker (MapCSS based)", 
        "message": "HOT TM Validator Checker - _Fix - Waterway has layer tag", 
        "object_id": "way/1555362005", 
        "josm_remote_url": "http://127.0.0.1:8111/zoom?left=85.2066725&right=85.2072725&top=28.0641783&bottom=28.0635783&select=way1555362005"
      }
    }, 
    {
      "type": "Feature", 
      "geometry": {
        "coordinates": [
          85.1587031, 
          27.944229
        ], 
        "type": "Point"
      }, 
      "properties": {
        "severity": "Warnings", 
        "rule": "Tag checker (MapCSS based)", 
        "message": "HOT TM Validator Checker - Unclassified highway shorter than 50 meters", 
        "object_id": "way/1553116325", 
        "josm_remote_url": "http://127.0.0.1:8111/zoom?left=85.1584031&right=85.1590031&top=27.944529&bottom=27.943929&select=way1553116325"
      }
    }, 
    {
      "type": "Feature", 
      "geometry": {
        "coordinates": [
          85.1606103, 
          27.9385677
        ], 
        "type": "Point"
      }, 
      "properties": {
        "severity": "Warnings", 
        "rule": "Tag checker (MapCSS based)", 
        "message": "HOT TM Validator Checker - Landuse inside landuse", 
        "object_id": "way/342221949", 
        "josm_remote_url": "http://127.0.0.1:8111/zoom?left=85.1603103&right=85.1609103&top=27.9388677&bottom=27.9382677&select=way342221949"
      }
    }, 
    {
      "type": "Feature", 
      "geometry": {
        "coordinates": [
          85.1449232, 
          27.9243989
        ], 
        "type": "Point"
      }, 
      "properties": {
        "severity": "Warnings", 
        "rule": "Tag checker (MapCSS based)", 
        "message": "HOT TM Validator Checker - Unclassified highway shorter than 50 meters", 
        "object_id": "way/237590766", 
        "josm_remote_url": "http://127.0.0.1:8111/zoom?left=85.1446232&right=85.1452232&top=27.9246989&bottom=27.9240989&select=way237590766"
      }
    }, 
    {
      "type": "Feature", 
      "geometry": {
        "coordinates": [
          85.1298004, 
          27.9007336
        ], 
        "type": "Point"
      }, 
      "properties": {
        "severity": "Warnings", 
        "rule": "Tag checker (MapCSS based)", 
        "message": "HOT TM Validator Checker - Landuse inside landuse", 
        "object_id": "way/341676740", 
        "josm_remote_url": "http://127.0.0.1:8111/zoom?left=85.1295004&right=85.1301004&top=27.9010336&bottom=27.9004336&select=way341676740"
      }
    }, 
    {
      "type": "Feature", 
      "geometry": {
        "coordinates": [
          85.1298004, 
          27.9007336
        ], 
        "type": "Point"
      }, 
      "properties": {
        "severity": "Warnings", 
        "rule": "Tag checker (MapCSS based)", 
        "message": "HOT TM Validator Checker - Landuse inside landuse", 
        "object_id": "way/341676740", 
        "josm_remote_url": "http://127.0.0.1:8111/zoom?left=85.1295004&right=85.1301004&top=27.9010336&bottom=27.9004336&select=way341676740"
      }
    }, 
    {
      "type": "Feature", 
      "geometry": {
        "coordinates": [
          85.1440564, 
          27.9285548
        ], 
        "type": "Point"
      }, 
      "properties": {
        "severity": "Warnings", 
        "rule": "Tag checker (MapCSS based)", 
        "message": "HOT TM Validator Checker - Overlapping landuse areas", 
        "object_id": "way/303466465", 
        "josm_remote_url": "http://127.0.0.1:8111/zoom?left=85.1437564&right=85.1443564&top=27.9288548&bottom=27.9282548&select=way303466465"
      }
    }, 
    {
      "type": "Feature", 
      "geometry": {
        "coordinates": [
          85.1648409, 
          27.9551565
        ], 
        "type": "Point"
      }, 
      "properties": {
        "severity": "Warnings", 
        "rule": "Tag checker (MapCSS based)", 
        "message": "HOT TM Validator Checker - Landuse inside landuse", 
        "object_id": "way/341174009", 
        "josm_remote_url": "http://127.0.0.1:8111/zoom?left=85.1645409&right=85.1651409&top=27.9554565&bottom=27.9548565&select=way341174009"
      }
    }, 
    {
      "type": "Feature", 
      "geometry": {
        "coordinates": [
          85.1482538, 
          27.920161
        ], 
        "type": "Point"
      }, 
      "properties": {
        "severity": "Warnings", 
        "rule": "Tag checker (MapCSS based)", 
        "message": "HOT TM Validator Checker - Overlapping landuse areas", 
        "object_id": "way/343379165", 
        "josm_remote_url": "http://127.0.0.1:8111/zoom?left=85.1479538&right=85.1485538&top=27.920461&bottom=27.919861&select=way343379165"
      }
    }, 
    {
      "type": "Feature", 
      "geometry": {
        "coordinates": [
          85.2947724, 
          28.1137344
        ], 
        "type": "Point"
      }, 
      "properties": {
        "severity": "Warnings", 
        "rule": "Tag checker (MapCSS based)", 
        "message": "HOT TM Validator Checker - Landuse inside landuse", 
        "object_id": "way/601450220", 
        "josm_remote_url": "http://127.0.0.1:8111/zoom?left=85.2944724&right=85.2950724&top=28.1140344&bottom=28.1134344&select=way601450220"
      }
    }, 
    {
      "type": "Feature", 
      "geometry": {
        "coordinates": [
          85.2947724, 
          28.1137344
        ], 
        "type": "Point"
      }, 
      "properties": {
        "severity": "Warnings", 
        "rule": "Tag checker (MapCSS based)", 
        "message": "HOT TM Validator Checker - Landuse inside landuse", 
        "object_id": "way/601450220", 
        "josm_remote_url": "http://127.0.0.1:8111/zoom?left=85.2944724&right=85.2950724&top=28.1140344&bottom=28.1134344&select=way601450220"
      }
    }, 
    {
      "type": "Feature", 
      "geometry": {
        "coordinates": [
          85.2947724, 
          28.1137344
        ], 
        "type": "Point"
      }, 
      "properties": {
        "severity": "Warnings", 
        "rule": "Tag checker (MapCSS based)", 
        "message": "HOT TM Validator Checker - Landuse inside landuse", 
        "object_id": "way/601450220", 
        "josm_remote_url": "http://127.0.0.1:8111/zoom?left=85.2944724&right=85.2950724&top=28.1140344&bottom=28.1134344&select=way601450220"
      }
    }, 
    {
      "type": "Feature", 
      "geometry": {
        "coordinates": [
          85.2947724, 
          28.1137344
        ], 
        "type": "Point"
      }, 
      "properties": {
        "severity": "Warnings", 
        "rule": "Tag checker (MapCSS based)", 
        "message": "HOT TM Validator Checker - Landuse inside landuse", 
        "object_id": "way/601450220", 
        "josm_remote_url": "http://127.0.0.1:8111/zoom?left=85.2944724&right=85.2950724&top=28.1140344&bottom=28.1134344&select=way601450220"
      }
    }, 
    {
      "type": "Feature", 
      "geometry": {
        "coordinates": [
          85.2947724, 
          28.1137344
        ], 
        "type": "Point"
      }, 
      "properties": {
        "severity": "Warnings", 
        "rule": "Tag checker (MapCSS based)", 
        "message": "HOT TM Validator Checker - Landuse inside landuse", 
        "object_id": "way/601450220", 
        "josm_remote_url": "http://127.0.0.1:8111/zoom?left=85.2944724&right=85.2950724&top=28.1140344&bottom=28.1134344&select=way601450220"
      }
    }, 
    {
      "type": "Feature", 
      "geometry": {
        "coordinates": [
          85.2947724, 
          28.1137344
        ], 
        "type": "Point"
      }, 
      "properties": {
        "severity": "Warnings", 
        "rule": "Tag checker (MapCSS based)", 
        "message": "HOT TM Validator Checker - Landuse inside landuse", 
        "object_id": "way/601450220", 
        "josm_remote_url": "http://127.0.0.1:8111/zoom?left=85.2944724&right=85.2950724&top=28.1140344&bottom=28.1134344&select=way601450220"
      }
    }, 
    {
      "type": "Feature", 
      "geometry": {
        "coordinates": [
          85.2947724, 
          28.1137344
        ], 
        "type": "Point"
      }, 
      "properties": {
        "severity": "Warnings", 
        "rule": "Tag checker (MapCSS based)", 
        "message": "HOT TM Validator Checker - Landuse inside landuse", 
        "object_id": "way/601450220", 
        "josm_remote_url": "http://127.0.0.1:8111/zoom?left=85.2944724&right=85.2950724&top=28.1140344&bottom=28.1134344&select=way601450220"
      }
    }, 
    {
      "type": "Feature", 
      "geometry": {
        "coordinates": [
          85.2947724, 
          28.1137344
        ], 
        "type": "Point"
      }, 
      "properties": {
        "severity": "Warnings", 
        "rule": "Tag checker (MapCSS based)", 
        "message": "HOT TM Validator Checker - Landuse inside landuse", 
        "object_id": "way/601450220", 
        "josm_remote_url": "http://127.0.0.1:8111/zoom?left=85.2944724&right=85.2950724&top=28.1140344&bottom=28.1134344&select=way601450220"
      }
    }, 
    {
      "type": "Feature", 
      "geometry": {
        "coordinates": [
          85.2947724, 
          28.1137344
        ], 
        "type": "Point"
      }, 
      "properties": {
        "severity": "Warnings", 
        "rule": "Tag checker (MapCSS based)", 
        "message": "HOT TM Validator Checker - Landuse inside landuse", 
        "object_id": "way/601450220", 
        "josm_remote_url": "http://127.0.0.1:8111/zoom?left=85.2944724&right=85.2950724&top=28.1140344&bottom=28.1134344&select=way601450220"
      }
    }, 
    {
      "type": "Feature", 
      "geometry": {
        "coordinates": [
          85.2947724, 
          28.1137344
        ], 
        "type": "Point"
      }, 
      "properties": {
        "severity": "Warnings", 
        "rule": "Tag checker (MapCSS based)", 
        "message": "HOT TM Validator Checker - Overlapping landuse areas", 
        "object_id": "way/601450220", 
        "josm_remote_url": "http://127.0.0.1:8111/zoom?left=85.2944724&right=85.2950724&top=28.1140344&bottom=28.1134344&select=way601450220"
      }
    }, 
    {
      "type": "Feature", 
      "geometry": {
        "coordinates": [
          85.1638075, 
          27.9368426
        ], 
        "type": "Point"
      }, 
      "properties": {
        "severity": "Warnings", 
        "rule": "Tag checker (MapCSS based)", 
        "message": "HOT TM Validator Checker - Landuse inside landuse", 
        "object_id": "way/342221867", 
        "josm_remote_url": "http://127.0.0.1:8111/zoom?left=85.1635075&right=85.1641075&top=27.9371426&bottom=27.9365426&select=way342221867"
      }
    }, 
    {
      "type": "Feature", 
      "geometry": {
        "coordinates": [
          85.1638075, 
          27.9368426
        ], 
        "type": "Point"
      }, 
      "properties": {
        "severity": "Warnings", 
        "rule": "Tag checker (MapCSS based)", 
        "message": "HOT TM Validator Checker - Landuse inside landuse", 
        "object_id": "way/342221867", 
        "josm_remote_url": "http://127.0.0.1:8111/zoom?left=85.1635075&right=85.1641075&top=27.9371426&bottom=27.9365426&select=way342221867"
      }
    }, 
    {
      "type": "Feature", 
      "geometry": {
        "coordinates": [
          85.1636855, 
          27.9305613
        ], 
        "type": "Point"
      }, 
      "properties": {
        "severity": "Warnings", 
        "rule": "Tag checker (MapCSS based)", 
        "message": "HOT TM Validator Checker - Overlapping landuse areas", 
        "object_id": "way/1553949580", 
        "josm_remote_url": "http://127.0.0.1:8111/zoom?left=85.1633855&right=85.1639855&top=27.9308613&bottom=27.9302613&select=way1553949580"
      }
    }, 
    {
      "type": "Feature", 
      "geometry": {
        "coordinates": [
          85.1636855, 
          27.9305613
        ], 
        "type": "Point"
      }, 
      "properties": {
        "severity": "Warnings", 
        "rule": "Tag checker (MapCSS based)", 
        "message": "HOT TM Validator Checker - Overlapping landuse areas", 
        "object_id": "way/1553949580", 
        "josm_remote_url": "http://127.0.0.1:8111/zoom?left=85.1633855&right=85.1639855&top=27.9308613&bottom=27.9302613&select=way1553949580"
      }
    }, 
    {
      "type": "Feature", 
      "geometry": {
        "coordinates": [
          85.2236687, 
          28.0907681
        ], 
        "type": "Point"
      }, 
      "properties": {
        "severity": "Warnings", 
        "rule": "Tag checker (MapCSS based)", 
        "message": "HOT TM Validator Checker - Overlapping landuse areas", 
        "object_id": "way/340482659", 
        "josm_remote_url": "http://127.0.0.1:8111/zoom?left=85.2233687&right=85.2239687&top=28.0910681&bottom=28.0904681&select=way340482659"
      }
    }, 
    {
      "type": "Feature", 
      "geometry": {
        "coordinates": [
          85.1754972, 
          27.9857423
        ], 
        "type": "Point"
      }, 
      "properties": {
        "severity": "Warnings", 
        "rule": "Tag checker (MapCSS based)", 
        "message": "HOT TM Validator Checker - Landuse inside landuse", 
        "object_id": "way/342069043", 
        "josm_remote_url": "http://127.0.0.1:8111/zoom?left=85.1751972&right=85.1757972&top=27.9860423&bottom=27.9854423&select=way342069043"
      }
    }, 
    {
      "type": "Feature", 
      "geometry": {
        "coordinates": [
          85.1754972, 
          27.9857423
        ], 
        "type": "Point"
      }, 
      "properties": {
        "severity": "Warnings", 
        "rule": "Tag checker (MapCSS based)", 
        "message": "HOT TM Validator Checker - Landuse inside landuse", 
        "object_id": "way/342069043", 
        "josm_remote_url": "http://127.0.0.1:8111/zoom?left=85.1751972&right=85.1757972&top=27.9860423&bottom=27.9854423&select=way342069043"
      }
    }, 
    {
      "type": "Feature", 
      "geometry": {
        "coordinates": [
          85.1803225, 
          28.0212838
        ], 
        "type": "Point"
      }, 
      "properties": {
        "severity": "Warnings", 
        "rule": "Tag checker (MapCSS based)", 
        "message": "HOT TM Validator Checker - _Fix - _Bridge is missing layer tag", 
        "object_id": "way/1554701359", 
        "josm_remote_url": "http://127.0.0.1:8111/zoom?left=85.1800225&right=85.1806225&top=28.0215838&bottom=28.0209838&select=way1554701359"
      }
    }, 
    {
      "type": "Feature", 
      "geometry": {
        "coordinates": [
          85.1558455, 
          27.9318433
        ], 
        "type": "Point"
      }, 
      "properties": {
        "severity": "Warnings", 
        "rule": "Tag checker (MapCSS based)", 
        "message": "HOT TM Validator Checker - Overlapping landuse areas", 
        "object_id": "way/1553949579", 
        "josm_remote_url": "http://127.0.0.1:8111/zoom?left=85.1555455&right=85.1561455&top=27.9321433&bottom=27.9315433&select=way1553949579"
      }
    }, 
    {
      "type": "Feature", 
      "geometry": {
        "coordinates": [
          85.1525854, 
          27.9480544
        ], 
        "type": "Point"
      }, 
      "properties": {
        "severity": "Warnings", 
        "rule": "Tag checker (MapCSS based)", 
        "message": "HOT TM Validator Checker - Overlapping landuse areas", 
        "object_id": "way/419156103", 
        "josm_remote_url": "http://127.0.0.1:8111/zoom?left=85.1522854&right=85.1528854&top=27.9483544&bottom=27.9477544&select=way419156103"
      }
    }, 
    {
      "type": "Feature", 
      "geometry": {
        "coordinates": [
          85.3088363, 
          28.127026
        ], 
        "type": "Point"
      }, 
      "properties": {
        "severity": "Warnings", 
        "rule": "Tag checker (MapCSS based)", 
        "message": "HOT TM Validator Checker - Landuse inside landuse", 
        "object_id": "way/342195260", 
        "josm_remote_url": "http://127.0.0.1:8111/zoom?left=85.3085363&right=85.3091363&top=28.127326&bottom=28.126726&select=way342195260"
      }
    }, 
    {
      "type": "Feature", 
      "geometry": {
        "coordinates": [
          85.1765433, 
          28.0213714
        ], 
        "type": "Point"
      }, 
      "properties": {
        "severity": "Warnings", 
        "rule": "Tag checker (MapCSS based)", 
        "message": "HOT TM Validator Checker - _Fix - _Bridge is missing layer tag", 
        "object_id": "way/1554701354", 
        "josm_remote_url": "http://127.0.0.1:8111/zoom?left=85.1762433&right=85.1768433&top=28.0216714&bottom=28.0210714&select=way1554701354"
      }
    }, 
    {
      "type": "Feature", 
      "geometry": {
        "coordinates": [
          85.2571611, 
          28.1135712
        ], 
        "type": "Point"
      }, 
      "properties": {
        "severity": "Warnings", 
        "rule": "Tag checker (MapCSS based)", 
        "message": "HOT TM Validator Checker - _Fix - Waterway has layer tag", 
        "object_id": "way/341445593", 
        "josm_remote_url": "http://127.0.0.1:8111/zoom?left=85.2568611&right=85.2574611&top=28.1138712&bottom=28.1132712&select=way341445593"
      }
    }, 
    {
      "type": "Feature", 
      "geometry": {
        "coordinates": [
          85.1319033, 
          27.9220661
        ], 
        "type": "Point"
      }, 
      "properties": {
        "severity": "Warnings", 
        "rule": "Tag checker (MapCSS based)", 
        "message": "HOT TM Validator Checker - Landuse inside landuse", 
        "object_id": "way/1554344774", 
        "josm_remote_url": "http://127.0.0.1:8111/zoom?left=85.1316033&right=85.1322033&top=27.9223661&bottom=27.9217661&select=way1554344774"
      }
    }, 
    {
      "type": "Feature", 
      "geometry": {
        "coordinates": [
          85.1319033, 
          27.9220661
        ], 
        "type": "Point"
      }, 
      "properties": {
        "severity": "Warnings", 
        "rule": "Tag checker (MapCSS based)", 
        "message": "HOT TM Validator Checker - Landuse inside landuse", 
        "object_id": "way/1554344774", 
        "josm_remote_url": "http://127.0.0.1:8111/zoom?left=85.1316033&right=85.1322033&top=27.9223661&bottom=27.9217661&select=way1554344774"
      }
    }, 
    {
      "type": "Feature", 
      "geometry": {
        "coordinates": [
          85.1534325, 
          27.9264402
        ], 
        "type": "Point"
      }, 
      "properties": {
        "severity": "Warnings", 
        "rule": "Tag checker (MapCSS based)", 
        "message": "HOT TM Validator Checker - Overlapping landuse areas", 
        "object_id": "way/264573003", 
        "josm_remote_url": "http://127.0.0.1:8111/zoom?left=85.1531325&right=85.1537325&top=27.9267402&bottom=27.9261402&select=way264573003"
      }
    }, 
    {
      "type": "Feature", 
      "geometry": {
        "coordinates": [
          85.1534325, 
          27.9264402
        ], 
        "type": "Point"
      }, 
      "properties": {
        "severity": "Warnings", 
        "rule": "Tag checker (MapCSS based)", 
        "message": "HOT TM Validator Checker - Overlapping landuse areas", 
        "object_id": "way/264573003", 
        "josm_remote_url": "http://127.0.0.1:8111/zoom?left=85.1531325&right=85.1537325&top=27.9267402&bottom=27.9261402&select=way264573003"
      }
    }, 
    {
      "type": "Feature", 
      "geometry": {
        "coordinates": [
          85.1587105, 
          27.935461
        ], 
        "type": "Point"
      }, 
      "properties": {
        "severity": "Warnings", 
        "rule": "Tag checker (MapCSS based)", 
        "message": "HOT TM Validator Checker - Overlapping landuse areas", 
        "object_id": "way/345359480", 
        "josm_remote_url": "http://127.0.0.1:8111/zoom?left=85.1584105&right=85.1590105&top=27.935761&bottom=27.935161&select=way345359480"
      }
    }, 
    {
      "type": "Feature", 
      "geometry": {
        "coordinates": [
          85.1609958, 
          27.9511398
        ], 
        "type": "Point"
      }, 
      "properties": {
        "severity": "Warnings", 
        "rule": "Tag checker (MapCSS based)", 
        "message": "HOT TM Validator Checker - Landuse inside landuse", 
        "object_id": "way/342222930", 
        "josm_remote_url": "http://127.0.0.1:8111/zoom?left=85.1606958&right=85.1612958&top=27.9514398&bottom=27.9508398&select=way342222930"
      }
    }, 
    {
      "type": "Feature", 
      "geometry": {
        "coordinates": [
          85.1609958, 
          27.9511398
        ], 
        "type": "Point"
      }, 
      "properties": {
        "severity": "Warnings", 
        "rule": "Tag checker (MapCSS based)", 
        "message": "HOT TM Validator Checker - Landuse inside landuse", 
        "object_id": "way/342222930", 
        "josm_remote_url": "http://127.0.0.1:8111/zoom?left=85.1606958&right=85.1612958&top=27.9514398&bottom=27.9508398&select=way342222930"
      }
    }, 
    {
      "type": "Feature", 
      "geometry": {
        "coordinates": [
          85.1609958, 
          27.9511398
        ], 
        "type": "Point"
      }, 
      "properties": {
        "severity": "Warnings", 
        "rule": "Tag checker (MapCSS based)", 
        "message": "HOT TM Validator Checker - Landuse inside landuse", 
        "object_id": "way/342222930", 
        "josm_remote_url": "http://127.0.0.1:8111/zoom?left=85.1606958&right=85.1612958&top=27.9514398&bottom=27.9508398&select=way342222930"
      }
    }, 
    {
      "type": "Feature", 
      "geometry": {
        "coordinates": [
          85.1609958, 
          27.9511398
        ], 
        "type": "Point"
      }, 
      "properties": {
        "severity": "Warnings", 
        "rule": "Tag checker (MapCSS based)", 
        "message": "HOT TM Validator Checker - Overlapping landuse areas", 
        "object_id": "way/342222930", 
        "josm_remote_url": "http://127.0.0.1:8111/zoom?left=85.1606958&right=85.1612958&top=27.9514398&bottom=27.9508398&select=way342222930"
      }
    }, 
    {
      "type": "Feature", 
      "geometry": {
        "coordinates": [
          85.1643982, 
          27.9618395
        ], 
        "type": "Point"
      }, 
      "properties": {
        "severity": "Warnings", 
        "rule": "Tag checker (MapCSS based)", 
        "message": "HOT TM Validator Checker - Landuse inside landuse", 
        "object_id": "way/342218767", 
        "josm_remote_url": "http://127.0.0.1:8111/zoom?left=85.1640982&right=85.1646982&top=27.9621395&bottom=27.9615395&select=way342218767"
      }
    }, 
    {
      "type": "Feature", 
      "geometry": {
        "coordinates": [
          85.1643982, 
          27.9618395
        ], 
        "type": "Point"
      }, 
      "properties": {
        "severity": "Warnings", 
        "rule": "Tag checker (MapCSS based)", 
        "message": "HOT TM Validator Checker - Landuse inside landuse", 
        "object_id": "way/342218767", 
        "josm_remote_url": "http://127.0.0.1:8111/zoom?left=85.1640982&right=85.1646982&top=27.9621395&bottom=27.9615395&select=way342218767"
      }
    }, 
    {
      "type": "Feature", 
      "geometry": {
        "coordinates": [
          85.1643982, 
          27.9618395
        ], 
        "type": "Point"
      }, 
      "properties": {
        "severity": "Warnings", 
        "rule": "Tag checker (MapCSS based)", 
        "message": "HOT TM Validator Checker - Landuse inside landuse", 
        "object_id": "way/342218767", 
        "josm_remote_url": "http://127.0.0.1:8111/zoom?left=85.1640982&right=85.1646982&top=27.9621395&bottom=27.9615395&select=way342218767"
      }
    }, 
    {
      "type": "Feature", 
      "geometry": {
        "coordinates": [
          85.2181679, 
          28.0787925
        ], 
        "type": "Point"
      }, 
      "properties": {
        "severity": "Warnings", 
        "rule": "Tag checker (MapCSS based)", 
        "message": "HOT TM Validator Checker - _Fix - _Bridge is missing layer tag", 
        "object_id": "way/1553951064", 
        "josm_remote_url": "http://127.0.0.1:8111/zoom?left=85.2178679&right=85.2184679&top=28.0790925&bottom=28.0784925&select=way1553951064"
      }
    }, 
    {
      "type": "Feature", 
      "geometry": {
        "coordinates": [
          85.1655912, 
          27.9601884
        ], 
        "type": "Point"
      }, 
      "properties": {
        "severity": "Warnings", 
        "rule": "Tag checker (MapCSS based)", 
        "message": "HOT TM Validator Checker - Unclassified highway shorter than 50 meters", 
        "object_id": "way/860665500", 
        "josm_remote_url": "http://127.0.0.1:8111/zoom?left=85.1652912&right=85.1658912&top=27.9604884&bottom=27.9598884&select=way860665500"
      }
    }, 
    {
      "type": "Feature", 
      "geometry": {
        "coordinates": [
          85.1849797, 
          27.9723732
        ], 
        "type": "Point"
      }, 
      "properties": {
        "severity": "Warnings", 
        "rule": "Tag checker (MapCSS based)", 
        "message": "HOT TM Validator Checker - Overlapping landuse areas", 
        "object_id": "way/912426330", 
        "josm_remote_url": "http://127.0.0.1:8111/zoom?left=85.1846797&right=85.1852797&top=27.9726732&bottom=27.9720732&select=way912426330"
      }
    }, 
    {
      "type": "Feature", 
      "geometry": {
        "coordinates": [
          85.1572407, 
          27.9397996
        ], 
        "type": "Point"
      }, 
      "properties": {
        "severity": "Warnings", 
        "rule": "Tag checker (MapCSS based)", 
        "message": "HOT TM Validator Checker - Landuse inside landuse", 
        "object_id": "way/342223167", 
        "josm_remote_url": "http://127.0.0.1:8111/zoom?left=85.1569407&right=85.1575407&top=27.9400996&bottom=27.9394996&select=way342223167"
      }
    }, 
    {
      "type": "Feature", 
      "geometry": {
        "coordinates": [
          85.1572407, 
          27.9397996
        ], 
        "type": "Point"
      }, 
      "properties": {
        "severity": "Warnings", 
        "rule": "Tag checker (MapCSS based)", 
        "message": "HOT TM Validator Checker - Landuse inside landuse", 
        "object_id": "way/342223167", 
        "josm_remote_url": "http://127.0.0.1:8111/zoom?left=85.1569407&right=85.1575407&top=27.9400996&bottom=27.9394996&select=way342223167"
      }
    }, 
    {
      "type": "Feature", 
      "geometry": {
        "coordinates": [
          85.1572407, 
          27.9397996
        ], 
        "type": "Point"
      }, 
      "properties": {
        "severity": "Warnings", 
        "rule": "Tag checker (MapCSS based)", 
        "message": "HOT TM Validator Checker - Landuse inside landuse", 
        "object_id": "way/342223167", 
        "josm_remote_url": "http://127.0.0.1:8111/zoom?left=85.1569407&right=85.1575407&top=27.9400996&bottom=27.9394996&select=way342223167"
      }
    }, 
    {
      "type": "Feature", 
      "geometry": {
        "coordinates": [
          85.1572407, 
          27.9397996
        ], 
        "type": "Point"
      }, 
      "properties": {
        "severity": "Warnings", 
        "rule": "Tag checker (MapCSS based)", 
        "message": "HOT TM Validator Checker - Landuse inside landuse", 
        "object_id": "way/342223167", 
        "josm_remote_url": "http://127.0.0.1:8111/zoom?left=85.1569407&right=85.1575407&top=27.9400996&bottom=27.9394996&select=way342223167"
      }
    }, 
    {
      "type": "Feature", 
      "geometry": {
        "coordinates": [
          85.1573212, 
          27.9533907
        ], 
        "type": "Point"
      }, 
      "properties": {
        "severity": "Warnings", 
        "rule": "Tag checker (MapCSS based)", 
        "message": "HOT TM Validator Checker - Landuse inside landuse", 
        "object_id": "way/342222915", 
        "josm_remote_url": "http://127.0.0.1:8111/zoom?left=85.1570212&right=85.1576212&top=27.9536907&bottom=27.9530907&select=way342222915"
      }
    }, 
    {
      "type": "Feature", 
      "geometry": {
        "coordinates": [
          85.3596338, 
          28.2127629
        ], 
        "type": "Point"
      }, 
      "properties": {
        "severity": "Warnings", 
        "rule": "Tag checker (MapCSS based)", 
        "message": "HOT TM Validator Checker - Unclassified highway shorter than 50 meters", 
        "object_id": "way/784420811", 
        "josm_remote_url": "http://127.0.0.1:8111/zoom?left=85.3593338&right=85.3599338&top=28.2130629&bottom=28.2124629&select=way784420811"
      }
    }, 
    {
      "type": "Feature", 
      "geometry": {
        "coordinates": [
          85.1665018, 
          27.958337
        ], 
        "type": "Point"
      }, 
      "properties": {
        "severity": "Warnings", 
        "rule": "Tag checker (MapCSS based)", 
        "message": "HOT TM Validator Checker - _Fix - Waterway has layer tag", 
        "object_id": "way/346567984", 
        "josm_remote_url": "http://127.0.0.1:8111/zoom?left=85.1662018&right=85.1668018&top=27.958637&bottom=27.958037&select=way346567984"
      }
    }, 
    {
      "type": "Feature", 
      "geometry": {
        "coordinates": [
          85.1873827, 
          27.9742969
        ], 
        "type": "Point"
      }, 
      "properties": {
        "severity": "Warnings", 
        "rule": "Tag checker (MapCSS based)", 
        "message": "HOT TM Validator Checker - Overlapping landuse areas", 
        "object_id": "way/1553945251", 
        "josm_remote_url": "http://127.0.0.1:8111/zoom?left=85.1870827&right=85.1876827&top=27.9745969&bottom=27.9739969&select=way1553945251"
      }
    }, 
    {
      "type": "Feature", 
      "geometry": {
        "coordinates": [
          85.1540858, 
          27.9243163
        ], 
        "type": "Point"
      }, 
      "properties": {
        "severity": "Warnings", 
        "rule": "Tag checker (MapCSS based)", 
        "message": "HOT TM Validator Checker - _Fix - _Bridge is missing layer tag", 
        "object_id": "way/1554211461", 
        "josm_remote_url": "http://127.0.0.1:8111/zoom?left=85.1537858&right=85.1543858&top=27.9246163&bottom=27.9240163&select=way1554211461"
      }
    }, 
    {
      "type": "Feature", 
      "geometry": {
        "coordinates": [
          85.1834436, 
          27.9809211
        ], 
        "type": "Point"
      }, 
      "properties": {
        "severity": "Warnings", 
        "rule": "Tag checker (MapCSS based)", 
        "message": "HOT TM Validator Checker - Unclassified highway shorter than 50 meters", 
        "object_id": "way/1553193349", 
        "josm_remote_url": "http://127.0.0.1:8111/zoom?left=85.1831436&right=85.1837436&top=27.9812211&bottom=27.9806211&select=way1553193349"
      }
    }, 
    {
      "type": "Feature", 
      "geometry": {
        "coordinates": [
          85.1769144, 
          27.9765149
        ], 
        "type": "Point"
      }, 
      "properties": {
        "severity": "Warnings", 
        "rule": "Tag checker (MapCSS based)", 
        "message": "HOT TM Validator Checker - Landuse inside landuse", 
        "object_id": "way/342301257", 
        "josm_remote_url": "http://127.0.0.1:8111/zoom?left=85.1766144&right=85.1772144&top=27.9768149&bottom=27.9762149&select=way342301257"
      }
    }, 
    {
      "type": "Feature", 
      "geometry": {
        "coordinates": [
          85.2057952, 
          28.0647529
        ], 
        "type": "Point"
      }, 
      "properties": {
        "severity": "Warnings", 
        "rule": "Tag checker (MapCSS based)", 
        "message": "HOT TM Validator Checker - Unclassified highway shorter than 50 meters", 
        "object_id": "way/340465629", 
        "josm_remote_url": "http://127.0.0.1:8111/zoom?left=85.2054952&right=85.2060952&top=28.0650529&bottom=28.0644529&select=way340465629"
      }
    }, 
    {
      "type": "Feature", 
      "geometry": {
        "coordinates": [
          85.3656041, 
          28.255693
        ], 
        "type": "Point"
      }, 
      "properties": {
        "severity": "Warnings", 
        "rule": "Tag checker (MapCSS based)", 
        "message": "HOT TM Validator Checker - Unclassified highway shorter than 50 meters", 
        "object_id": "way/1422422620", 
        "josm_remote_url": "http://127.0.0.1:8111/zoom?left=85.3653041&right=85.3659041&top=28.255993&bottom=28.255393&select=way1422422620"
      }
    }, 
    {
      "type": "Feature", 
      "geometry": {
        "coordinates": [
          85.2024916, 
          28.0498593
        ], 
        "type": "Point"
      }, 
      "properties": {
        "severity": "Warnings", 
        "rule": "Tag checker (MapCSS based)", 
        "message": "HOT TM Validator Checker - Unclassified highway shorter than 50 meters", 
        "object_id": "way/350351131", 
        "josm_remote_url": "http://127.0.0.1:8111/zoom?left=85.2021916&right=85.2027916&top=28.0501593&bottom=28.0495593&select=way350351131"
      }
    }, 
    {
      "type": "Feature", 
      "geometry": {
        "coordinates": [
          85.1432037, 
          27.9275498
        ], 
        "type": "Point"
      }, 
      "properties": {
        "severity": "Warnings", 
        "rule": "Tag checker (MapCSS based)", 
        "message": "HOT TM Validator Checker - _Fix - Building has layer tag", 
        "object_id": "way/1552953131", 
        "josm_remote_url": "http://127.0.0.1:8111/zoom?left=85.1429037&right=85.1435037&top=27.9278498&bottom=27.9272498&select=way1552953131"
      }
    }, 
    {
      "type": "Feature", 
      "geometry": {
        "coordinates": [
          85.1807423, 
          28.0219977
        ], 
        "type": "Point"
      }, 
      "properties": {
        "severity": "Warnings", 
        "rule": "Tag checker (MapCSS based)", 
        "message": "HOT TM Validator Checker - _Fix - _Bridge is missing layer tag", 
        "object_id": "way/1554701360", 
        "josm_remote_url": "http://127.0.0.1:8111/zoom?left=85.1804423&right=85.1810423&top=28.0222977&bottom=28.0216977&select=way1554701360"
      }
    }, 
    {
      "type": "Feature", 
      "geometry": {
        "coordinates": [
          85.1458354, 
          27.896271
        ], 
        "type": "Point"
      }, 
      "properties": {
        "severity": "Warnings", 
        "rule": "Tag checker (MapCSS based)", 
        "message": "HOT TM Validator Checker - Unclassified highway shorter than 50 meters", 
        "object_id": "way/541435793", 
        "josm_remote_url": "http://127.0.0.1:8111/zoom?left=85.1455354&right=85.1461354&top=27.896571&bottom=27.895971&select=way541435793"
      }
    }, 
    {
      "type": "Feature", 
      "geometry": {
        "coordinates": [
          85.1727053, 
          27.9657757
        ], 
        "type": "Point"
      }, 
      "properties": {
        "severity": "Warnings", 
        "rule": "Tag checker (MapCSS based)", 
        "message": "HOT TM Validator Checker - Landuse inside landuse", 
        "object_id": "way/341587492", 
        "josm_remote_url": "http://127.0.0.1:8111/zoom?left=85.1724053&right=85.1730053&top=27.9660757&bottom=27.9654757&select=way341587492"
      }
    }, 
    {
      "type": "Feature", 
      "geometry": {
        "coordinates": [
          85.1727053, 
          27.9657757
        ], 
        "type": "Point"
      }, 
      "properties": {
        "severity": "Warnings", 
        "rule": "Tag checker (MapCSS based)", 
        "message": "HOT TM Validator Checker - Overlapping landuse areas", 
        "object_id": "way/341587492", 
        "josm_remote_url": "http://127.0.0.1:8111/zoom?left=85.1724053&right=85.1730053&top=27.9660757&bottom=27.9654757&select=way341587492"
      }
    }, 
    {
      "type": "Feature", 
      "geometry": {
        "coordinates": [
          85.294806, 
          28.1102703
        ], 
        "type": "Point"
      }, 
      "properties": {
        "severity": "Warnings", 
        "rule": "Tag checker (MapCSS based)", 
        "message": "HOT TM Validator Checker - Overlapping landuse areas", 
        "object_id": "way/265077032", 
        "josm_remote_url": "http://127.0.0.1:8111/zoom?left=85.294506&right=85.295106&top=28.1105703&bottom=28.1099703&select=way265077032"
      }
    }, 
    {
      "type": "Feature", 
      "geometry": {
        "coordinates": [
          85.1844015, 
          28.0268676
        ], 
        "type": "Point"
      }, 
      "properties": {
        "severity": "Warnings", 
        "rule": "Tag checker (MapCSS based)", 
        "message": "HOT TM Validator Checker - _Fix - Building has layer tag", 
        "object_id": "way/1555095822", 
        "josm_remote_url": "http://127.0.0.1:8111/zoom?left=85.1841015&right=85.1847015&top=28.0271676&bottom=28.0265676&select=way1555095822"
      }
    }, 
    {
      "type": "Feature", 
      "geometry": {
        "coordinates": [
          85.1855046, 
          27.9811638
        ], 
        "type": "Point"
      }, 
      "properties": {
        "severity": "Warnings", 
        "rule": "Tag checker (MapCSS based)", 
        "message": "HOT TM Validator Checker - Overlapping landuse areas", 
        "object_id": "way/1554274497", 
        "josm_remote_url": "http://127.0.0.1:8111/zoom?left=85.1852046&right=85.1858046&top=27.9814638&bottom=27.9808638&select=way1554274497"
      }
    }, 
    {
      "type": "Feature", 
      "geometry": {
        "coordinates": [
          85.1865613, 
          28.0409528
        ], 
        "type": "Point"
      }, 
      "properties": {
        "severity": "Warnings", 
        "rule": "Tag checker (MapCSS based)", 
        "message": "HOT TM Validator Checker - Unclassified highway shorter than 50 meters", 
        "object_id": "way/341554279", 
        "josm_remote_url": "http://127.0.0.1:8111/zoom?left=85.1862613&right=85.1868613&top=28.0412528&bottom=28.0406528&select=way341554279"
      }
    }, 
    {
      "type": "Feature", 
      "geometry": {
        "coordinates": [
          85.1435557, 
          27.9302931
        ], 
        "type": "Point"
      }, 
      "properties": {
        "severity": "Warnings", 
        "rule": "Tag checker (MapCSS based)", 
        "message": "HOT TM Validator Checker - Overlapping landuse areas", 
        "object_id": "way/341911658", 
        "josm_remote_url": "http://127.0.0.1:8111/zoom?left=85.1432557&right=85.1438557&top=27.9305931&bottom=27.9299931&select=way341911658"
      }
    }, 
    {
      "type": "Feature", 
      "geometry": {
        "coordinates": [
          85.1848313, 
          27.9801523
        ], 
        "type": "Point"
      }, 
      "properties": {
        "severity": "Warnings", 
        "rule": "Tag checker (MapCSS based)", 
        "message": "HOT TM Validator Checker - Landuse inside landuse", 
        "object_id": "way/912426338", 
        "josm_remote_url": "http://127.0.0.1:8111/zoom?left=85.1845313&right=85.1851313&top=27.9804523&bottom=27.9798523&select=way912426338"
      }
    }, 
    {
      "type": "Feature", 
      "geometry": {
        "coordinates": [
          85.1848313, 
          27.9801523
        ], 
        "type": "Point"
      }, 
      "properties": {
        "severity": "Warnings", 
        "rule": "Tag checker (MapCSS based)", 
        "message": "HOT TM Validator Checker - Landuse inside landuse", 
        "object_id": "way/912426338", 
        "josm_remote_url": "http://127.0.0.1:8111/zoom?left=85.1845313&right=85.1851313&top=27.9804523&bottom=27.9798523&select=way912426338"
      }
    }, 
    {
      "type": "Feature", 
      "geometry": {
        "coordinates": [
          85.1848313, 
          27.9801523
        ], 
        "type": "Point"
      }, 
      "properties": {
        "severity": "Warnings", 
        "rule": "Tag checker (MapCSS based)", 
        "message": "HOT TM Validator Checker - Landuse inside landuse", 
        "object_id": "way/912426338", 
        "josm_remote_url": "http://127.0.0.1:8111/zoom?left=85.1845313&right=85.1851313&top=27.9804523&bottom=27.9798523&select=way912426338"
      }
    }, 
    {
      "type": "Feature", 
      "geometry": {
        "coordinates": [
          85.152335, 
          27.9231716
        ], 
        "type": "Point"
      }, 
      "properties": {
        "severity": "Warnings", 
        "rule": "Tag checker (MapCSS based)", 
        "message": "HOT TM Validator Checker - Overlapping landuse areas", 
        "object_id": "way/1553137963", 
        "josm_remote_url": "http://127.0.0.1:8111/zoom?left=85.152035&right=85.152635&top=27.9234716&bottom=27.9228716&select=way1553137963"
      }
    }, 
    {
      "type": "Feature", 
      "geometry": {
        "coordinates": [
          85.152335, 
          27.9231716
        ], 
        "type": "Point"
      }, 
      "properties": {
        "severity": "Warnings", 
        "rule": "Tag checker (MapCSS based)", 
        "message": "HOT TM Validator Checker - Overlapping landuse areas", 
        "object_id": "way/1553137963", 
        "josm_remote_url": "http://127.0.0.1:8111/zoom?left=85.152035&right=85.152635&top=27.9234716&bottom=27.9228716&select=way1553137963"
      }
    }, 
    {
      "type": "Feature", 
      "geometry": {
        "coordinates": [
          85.1973721, 
          28.0218565
        ], 
        "type": "Point"
      }, 
      "properties": {
        "severity": "Warnings", 
        "rule": "Tag checker (MapCSS based)", 
        "message": "HOT TM Validator Checker - Overlapping landuse areas", 
        "object_id": "way/344656223", 
        "josm_remote_url": "http://127.0.0.1:8111/zoom?left=85.1970721&right=85.1976721&top=28.0221565&bottom=28.0215565&select=way344656223"
      }
    }, 
    {
      "type": "Feature", 
      "geometry": {
        "coordinates": [
          85.1481418, 
          27.9218941
        ], 
        "type": "Point"
      }, 
      "properties": {
        "severity": "Warnings", 
        "rule": "Tag checker (MapCSS based)", 
        "message": "HOT TM Validator Checker - _Fix - Building has layer tag", 
        "object_id": "way/341695312", 
        "josm_remote_url": "http://127.0.0.1:8111/zoom?left=85.1478418&right=85.1484418&top=27.9221941&bottom=27.9215941&select=way341695312"
      }
    }, 
    {
      "type": "Feature", 
      "geometry": {
        "coordinates": [
          85.1277075, 
          27.8696935
        ], 
        "type": "Point"
      }, 
      "properties": {
        "severity": "Warnings", 
        "rule": "Tag checker (MapCSS based)", 
        "message": "HOT TM Validator Checker - _Fix - Highway has layer tag", 
        "object_id": "way/340451749", 
        "josm_remote_url": "http://127.0.0.1:8111/zoom?left=85.1274075&right=85.1280075&top=27.8699935&bottom=27.8693935&select=way340451749"
      }
    }, 
    {
      "type": "Feature", 
      "geometry": {
        "coordinates": [
          85.1225904, 
          27.8884438
        ], 
        "type": "Point"
      }, 
      "properties": {
        "severity": "Warnings", 
        "rule": "Tag checker (MapCSS based)", 
        "message": "HOT TM Validator Checker - Overlapping landuse areas", 
        "object_id": "way/340638687", 
        "josm_remote_url": "http://127.0.0.1:8111/zoom?left=85.1222904&right=85.1228904&top=27.8887438&bottom=27.8881438&select=way340638687"
      }
    }, 
    {
      "type": "Feature", 
      "geometry": {
        "coordinates": [
          85.1524923, 
          27.9240569
        ], 
        "type": "Point"
      }, 
      "properties": {
        "severity": "Warnings", 
        "rule": "Tag checker (MapCSS based)", 
        "message": "HOT TM Validator Checker - Overlapping landuse areas", 
        "object_id": "way/1553949576", 
        "josm_remote_url": "http://127.0.0.1:8111/zoom?left=85.1521923&right=85.1527923&top=27.9243569&bottom=27.9237569&select=way1553949576"
      }
    }, 
    {
      "type": "Feature", 
      "geometry": {
        "coordinates": [
          85.167229, 
          27.9503231
        ], 
        "type": "Point"
      }, 
      "properties": {
        "severity": "Warnings", 
        "rule": "Tag checker (MapCSS based)", 
        "message": "HOT TM Validator Checker - Unclassified highway shorter than 50 meters", 
        "object_id": "way/340431984", 
        "josm_remote_url": "http://127.0.0.1:8111/zoom?left=85.166929&right=85.167529&top=27.9506231&bottom=27.9500231&select=way340431984"
      }
    }, 
    {
      "type": "Feature", 
      "geometry": {
        "coordinates": [
          85.2073418, 
          28.0605937
        ], 
        "type": "Point"
      }, 
      "properties": {
        "severity": "Warnings", 
        "rule": "Tag checker (MapCSS based)", 
        "message": "HOT TM Validator Checker - _Fix - _Bridge is missing layer tag", 
        "object_id": "way/1553948211", 
        "josm_remote_url": "http://127.0.0.1:8111/zoom?left=85.2070418&right=85.2076418&top=28.0608937&bottom=28.0602937&select=way1553948211"
      }
    }, 
    {
      "type": "Feature", 
      "geometry": {
        "coordinates": [
          85.0674748, 
          27.8617813
        ], 
        "type": "Point"
      }, 
      "properties": {
        "severity": "Warnings", 
        "rule": "Tag checker (MapCSS based)", 
        "message": "HOT TM Validator Checker - Unclassified highway shorter than 50 meters", 
        "object_id": "way/342301505", 
        "josm_remote_url": "http://127.0.0.1:8111/zoom?left=85.0671748&right=85.0677748&top=27.8620813&bottom=27.8614813&select=way342301505"
      }
    }, 
    {
      "type": "Feature", 
      "geometry": {
        "coordinates": [
          85.1845473, 
          28.0037055
        ], 
        "type": "Point"
      }, 
      "properties": {
        "severity": "Warnings", 
        "rule": "Tag checker (MapCSS based)", 
        "message": "HOT TM Validator Checker - Landuse inside landuse", 
        "object_id": "way/1154995121", 
        "josm_remote_url": "http://127.0.0.1:8111/zoom?left=85.1842473&right=85.1848473&top=28.0040055&bottom=28.0034055&select=way1154995121"
      }
    }, 
    {
      "type": "Feature", 
      "geometry": {
        "coordinates": [
          85.1845473, 
          28.0037055
        ], 
        "type": "Point"
      }, 
      "properties": {
        "severity": "Warnings", 
        "rule": "Tag checker (MapCSS based)", 
        "message": "HOT TM Validator Checker - Landuse inside landuse", 
        "object_id": "way/1154995121", 
        "josm_remote_url": "http://127.0.0.1:8111/zoom?left=85.1842473&right=85.1848473&top=28.0040055&bottom=28.0034055&select=way1154995121"
      }
    }, 
    {
      "type": "Feature", 
      "geometry": {
        "coordinates": [
          85.154356, 
          27.9226728
        ], 
        "type": "Point"
      }, 
      "properties": {
        "severity": "Warnings", 
        "rule": "Tag checker (MapCSS based)", 
        "message": "HOT TM Validator Checker - Overlapping landuse areas", 
        "object_id": "way/264573591", 
        "josm_remote_url": "http://127.0.0.1:8111/zoom?left=85.154056&right=85.154656&top=27.9229728&bottom=27.9223728&select=way264573591"
      }
    }, 
    {
      "type": "Feature", 
      "geometry": {
        "coordinates": [
          85.1588192, 
          27.944444
        ], 
        "type": "Point"
      }, 
      "properties": {
        "severity": "Warnings", 
        "rule": "Tag checker (MapCSS based)", 
        "message": "HOT TM Validator Checker - Landuse inside landuse", 
        "object_id": "way/341903107", 
        "josm_remote_url": "http://127.0.0.1:8111/zoom?left=85.1585192&right=85.1591192&top=27.944744&bottom=27.944144&select=way341903107"
      }
    }, 
    {
      "type": "Feature", 
      "geometry": {
        "coordinates": [
          85.1588192, 
          27.944444
        ], 
        "type": "Point"
      }, 
      "properties": {
        "severity": "Warnings", 
        "rule": "Tag checker (MapCSS based)", 
        "message": "HOT TM Validator Checker - Landuse inside landuse", 
        "object_id": "way/341903107", 
        "josm_remote_url": "http://127.0.0.1:8111/zoom?left=85.1585192&right=85.1591192&top=27.944744&bottom=27.944144&select=way341903107"
      }
    }, 
    {
      "type": "Feature", 
      "geometry": {
        "coordinates": [
          85.1588192, 
          27.944444
        ], 
        "type": "Point"
      }, 
      "properties": {
        "severity": "Warnings", 
        "rule": "Tag checker (MapCSS based)", 
        "message": "HOT TM Validator Checker - Landuse inside landuse", 
        "object_id": "way/341903107", 
        "josm_remote_url": "http://127.0.0.1:8111/zoom?left=85.1585192&right=85.1591192&top=27.944744&bottom=27.944144&select=way341903107"
      }
    }, 
    {
      "type": "Feature", 
      "geometry": {
        "coordinates": [
          85.1588192, 
          27.944444
        ], 
        "type": "Point"
      }, 
      "properties": {
        "severity": "Warnings", 
        "rule": "Tag checker (MapCSS based)", 
        "message": "HOT TM Validator Checker - Landuse inside landuse", 
        "object_id": "way/341903107", 
        "josm_remote_url": "http://127.0.0.1:8111/zoom?left=85.1585192&right=85.1591192&top=27.944744&bottom=27.944144&select=way341903107"
      }
    }, 
    {
      "type": "Feature", 
      "geometry": {
        "coordinates": [
          85.1497235, 
          27.9226246
        ], 
        "type": "Point"
      }, 
      "properties": {
        "severity": "Warnings", 
        "rule": "Tag checker (MapCSS based)", 
        "message": "HOT TM Validator Checker - Unclassified highway shorter than 50 meters", 
        "object_id": "way/237590768", 
        "josm_remote_url": "http://127.0.0.1:8111/zoom?left=85.1494235&right=85.1500235&top=27.9229246&bottom=27.9223246&select=way237590768"
      }
    }, 
    {
      "type": "Feature", 
      "geometry": {
        "coordinates": [
          85.1443004, 
          27.9271803
        ], 
        "type": "Point"
      }, 
      "properties": {
        "severity": "Warnings", 
        "rule": "Tag checker (MapCSS based)", 
        "message": "HOT TM Validator Checker - Overlapping landuse areas", 
        "object_id": "way/303466444", 
        "josm_remote_url": "http://127.0.0.1:8111/zoom?left=85.1440004&right=85.1446004&top=27.9274803&bottom=27.9268803&select=way303466444"
      }
    }, 
    {
      "type": "Feature", 
      "geometry": {
        "coordinates": [
          85.1465618, 
          27.8981215
        ], 
        "type": "Point"
      }, 
      "properties": {
        "severity": "Warnings", 
        "rule": "Tag checker (MapCSS based)", 
        "message": "HOT TM Validator Checker - _Fix - Building has layer tag", 
        "object_id": "way/341345890", 
        "josm_remote_url": "http://127.0.0.1:8111/zoom?left=85.1462618&right=85.1468618&top=27.8984215&bottom=27.8978215&select=way341345890"
      }
    }, 
    {
      "type": "Feature", 
      "geometry": {
        "coordinates": [
          85.1276726, 
          27.8657132
        ], 
        "type": "Point"
      }, 
      "properties": {
        "severity": "Warnings", 
        "rule": "Tag checker (MapCSS based)", 
        "message": "HOT TM Validator Checker - _Fix - Highway has layer tag", 
        "object_id": "way/340425482", 
        "josm_remote_url": "http://127.0.0.1:8111/zoom?left=85.1273726&right=85.1279726&top=27.8660132&bottom=27.8654132&select=way340425482"
      }
    }, 
    {
      "type": "Feature", 
      "geometry": {
        "coordinates": [
          85.141747, 
          27.9095359
        ], 
        "type": "Point"
      }, 
      "properties": {
        "severity": "Warnings", 
        "rule": "Tag checker (MapCSS based)", 
        "message": "HOT TM Validator Checker - _Fix - Building has layer tag", 
        "object_id": "way/888540475", 
        "josm_remote_url": "http://127.0.0.1:8111/zoom?left=85.141447&right=85.142047&top=27.9098359&bottom=27.9092359&select=way888540475"
      }
    }, 
    {
      "type": "Feature", 
      "geometry": {
        "coordinates": [
          85.1553509, 
          27.9512644
        ], 
        "type": "Point"
      }, 
      "properties": {
        "severity": "Warnings", 
        "rule": "Tag checker (MapCSS based)", 
        "message": "HOT TM Validator Checker - Landuse inside landuse", 
        "object_id": "way/341888056", 
        "josm_remote_url": "http://127.0.0.1:8111/zoom?left=85.1550509&right=85.1556509&top=27.9515644&bottom=27.9509644&select=way341888056"
      }
    }, 
    {
      "type": "Feature", 
      "geometry": {
        "coordinates": [
          85.1553509, 
          27.9512644
        ], 
        "type": "Point"
      }, 
      "properties": {
        "severity": "Warnings", 
        "rule": "Tag checker (MapCSS based)", 
        "message": "HOT TM Validator Checker - Landuse inside landuse", 
        "object_id": "way/341888056", 
        "josm_remote_url": "http://127.0.0.1:8111/zoom?left=85.1550509&right=85.1556509&top=27.9515644&bottom=27.9509644&select=way341888056"
      }
    }, 
    {
      "type": "Feature", 
      "geometry": {
        "coordinates": [
          85.1553509, 
          27.9512644
        ], 
        "type": "Point"
      }, 
      "properties": {
        "severity": "Warnings", 
        "rule": "Tag checker (MapCSS based)", 
        "message": "HOT TM Validator Checker - Landuse inside landuse", 
        "object_id": "way/341888056", 
        "josm_remote_url": "http://127.0.0.1:8111/zoom?left=85.1550509&right=85.1556509&top=27.9515644&bottom=27.9509644&select=way341888056"
      }
    }, 
    {
      "type": "Feature", 
      "geometry": {
        "coordinates": [
          85.1553509, 
          27.9512644
        ], 
        "type": "Point"
      }, 
      "properties": {
        "severity": "Warnings", 
        "rule": "Tag checker (MapCSS based)", 
        "message": "HOT TM Validator Checker - Landuse inside landuse", 
        "object_id": "way/341888056", 
        "josm_remote_url": "http://127.0.0.1:8111/zoom?left=85.1550509&right=85.1556509&top=27.9515644&bottom=27.9509644&select=way341888056"
      }
    }, 
    {
      "type": "Feature", 
      "geometry": {
        "coordinates": [
          85.1553509, 
          27.9512644
        ], 
        "type": "Point"
      }, 
      "properties": {
        "severity": "Warnings", 
        "rule": "Tag checker (MapCSS based)", 
        "message": "HOT TM Validator Checker - Landuse inside landuse", 
        "object_id": "way/341888056", 
        "josm_remote_url": "http://127.0.0.1:8111/zoom?left=85.1550509&right=85.1556509&top=27.9515644&bottom=27.9509644&select=way341888056"
      }
    }, 
    {
      "type": "Feature", 
      "geometry": {
        "coordinates": [
          85.1553509, 
          27.9512644
        ], 
        "type": "Point"
      }, 
      "properties": {
        "severity": "Warnings", 
        "rule": "Tag checker (MapCSS based)", 
        "message": "HOT TM Validator Checker - Landuse inside landuse", 
        "object_id": "way/341888056", 
        "josm_remote_url": "http://127.0.0.1:8111/zoom?left=85.1550509&right=85.1556509&top=27.9515644&bottom=27.9509644&select=way341888056"
      }
    }, 
    {
      "type": "Feature", 
      "geometry": {
        "coordinates": [
          85.1553509, 
          27.9512644
        ], 
        "type": "Point"
      }, 
      "properties": {
        "severity": "Warnings", 
        "rule": "Tag checker (MapCSS based)", 
        "message": "HOT TM Validator Checker - Landuse inside landuse", 
        "object_id": "way/341888056", 
        "josm_remote_url": "http://127.0.0.1:8111/zoom?left=85.1550509&right=85.1556509&top=27.9515644&bottom=27.9509644&select=way341888056"
      }
    }, 
    {
      "type": "Feature", 
      "geometry": {
        "coordinates": [
          85.1553509, 
          27.9512644
        ], 
        "type": "Point"
      }, 
      "properties": {
        "severity": "Warnings", 
        "rule": "Tag checker (MapCSS based)", 
        "message": "HOT TM Validator Checker - Landuse inside landuse", 
        "object_id": "way/341888056", 
        "josm_remote_url": "http://127.0.0.1:8111/zoom?left=85.1550509&right=85.1556509&top=27.9515644&bottom=27.9509644&select=way341888056"
      }
    }, 
    {
      "type": "Feature", 
      "geometry": {
        "coordinates": [
          85.151773, 
          27.9237796
        ], 
        "type": "Point"
      }, 
      "properties": {
        "severity": "Warnings", 
        "rule": "Tag checker (MapCSS based)", 
        "message": "HOT TM Validator Checker - Overlapping landuse areas", 
        "object_id": "way/264563839", 
        "josm_remote_url": "http://127.0.0.1:8111/zoom?left=85.151473&right=85.152073&top=27.9240796&bottom=27.9234796&select=way264563839"
      }
    }, 
    {
      "type": "Feature", 
      "geometry": {
        "coordinates": [
          85.0809428, 
          27.8541383
        ], 
        "type": "Point"
      }, 
      "properties": {
        "severity": "Warnings", 
        "rule": "Tag checker (MapCSS based)", 
        "message": "HOT TM Validator Checker - _Fix - Building has layer tag", 
        "object_id": "way/1552755990", 
        "josm_remote_url": "http://127.0.0.1:8111/zoom?left=85.0806428&right=85.0812428&top=27.8544383&bottom=27.8538383&select=way1552755990"
      }
    }, 
    {
      "type": "Feature", 
      "geometry": {
        "coordinates": [
          85.1545287, 
          27.9225383
        ], 
        "type": "Point"
      }, 
      "properties": {
        "severity": "Warnings", 
        "rule": "Tag checker (MapCSS based)", 
        "message": "HOT TM Validator Checker - Landuse inside landuse", 
        "object_id": "way/1553949575", 
        "josm_remote_url": "http://127.0.0.1:8111/zoom?left=85.1542287&right=85.1548287&top=27.9228383&bottom=27.9222383&select=way1553949575"
      }
    }, 
    {
      "type": "Feature", 
      "geometry": {
        "coordinates": [
          85.111202, 
          27.8593199
        ], 
        "type": "Point"
      }, 
      "properties": {
        "severity": "Warnings", 
        "rule": "Tag checker (MapCSS based)", 
        "message": "HOT TM Validator Checker - Overlapping landuse areas", 
        "object_id": "way/303050895", 
        "josm_remote_url": "http://127.0.0.1:8111/zoom?left=85.110902&right=85.111502&top=27.8596199&bottom=27.8590199&select=way303050895"
      }
    }, 
    {
      "type": "Feature", 
      "geometry": {
        "coordinates": [
          85.1815214, 
          27.9768018
        ], 
        "type": "Point"
      }, 
      "properties": {
        "severity": "Warnings", 
        "rule": "Tag checker (MapCSS based)", 
        "message": "HOT TM Validator Checker - Landuse inside landuse", 
        "object_id": "way/912412420", 
        "josm_remote_url": "http://127.0.0.1:8111/zoom?left=85.1812214&right=85.1818214&top=27.9771018&bottom=27.9765018&select=way912412420"
      }
    }, 
    {
      "type": "Feature", 
      "geometry": {
        "coordinates": [
          85.1815214, 
          27.9768018
        ], 
        "type": "Point"
      }, 
      "properties": {
        "severity": "Warnings", 
        "rule": "Tag checker (MapCSS based)", 
        "message": "HOT TM Validator Checker - Landuse inside landuse", 
        "object_id": "way/912412420", 
        "josm_remote_url": "http://127.0.0.1:8111/zoom?left=85.1812214&right=85.1818214&top=27.9771018&bottom=27.9765018&select=way912412420"
      }
    }, 
    {
      "type": "Feature", 
      "geometry": {
        "coordinates": [
          85.1815214, 
          27.9768018
        ], 
        "type": "Point"
      }, 
      "properties": {
        "severity": "Warnings", 
        "rule": "Tag checker (MapCSS based)", 
        "message": "HOT TM Validator Checker - Landuse inside landuse", 
        "object_id": "way/912412420", 
        "josm_remote_url": "http://127.0.0.1:8111/zoom?left=85.1812214&right=85.1818214&top=27.9771018&bottom=27.9765018&select=way912412420"
      }
    }, 
    {
      "type": "Feature", 
      "geometry": {
        "coordinates": [
          85.1815214, 
          27.9768018
        ], 
        "type": "Point"
      }, 
      "properties": {
        "severity": "Warnings", 
        "rule": "Tag checker (MapCSS based)", 
        "message": "HOT TM Validator Checker - Landuse inside landuse", 
        "object_id": "way/912412420", 
        "josm_remote_url": "http://127.0.0.1:8111/zoom?left=85.1812214&right=85.1818214&top=27.9771018&bottom=27.9765018&select=way912412420"
      }
    }, 
    {
      "type": "Feature", 
      "geometry": {
        "coordinates": [
          85.1815214, 
          27.9768018
        ], 
        "type": "Point"
      }, 
      "properties": {
        "severity": "Warnings", 
        "rule": "Tag checker (MapCSS based)", 
        "message": "HOT TM Validator Checker - Landuse inside landuse", 
        "object_id": "way/912412420", 
        "josm_remote_url": "http://127.0.0.1:8111/zoom?left=85.1812214&right=85.1818214&top=27.9771018&bottom=27.9765018&select=way912412420"
      }
    }, 
    {
      "type": "Feature", 
      "geometry": {
        "coordinates": [
          85.1815214, 
          27.9768018
        ], 
        "type": "Point"
      }, 
      "properties": {
        "severity": "Warnings", 
        "rule": "Tag checker (MapCSS based)", 
        "message": "HOT TM Validator Checker - Landuse inside landuse", 
        "object_id": "way/912412420", 
        "josm_remote_url": "http://127.0.0.1:8111/zoom?left=85.1812214&right=85.1818214&top=27.9771018&bottom=27.9765018&select=way912412420"
      }
    }, 
    {
      "type": "Feature", 
      "geometry": {
        "coordinates": [
          85.1540749, 
          27.9252765
        ], 
        "type": "Point"
      }, 
      "properties": {
        "severity": "Warnings", 
        "rule": "Tag checker (MapCSS based)", 
        "message": "HOT TM Validator Checker - Landuse inside landuse", 
        "object_id": "way/1553949577", 
        "josm_remote_url": "http://127.0.0.1:8111/zoom?left=85.1537749&right=85.1543749&top=27.9255765&bottom=27.9249765&select=way1553949577"
      }
    }, 
    {
      "type": "Feature", 
      "geometry": {
        "coordinates": [
          85.1835586, 
          28.0175521
        ], 
        "type": "Point"
      }, 
      "properties": {
        "severity": "Warnings", 
        "rule": "Tag checker (MapCSS based)", 
        "message": "HOT TM Validator Checker - Unclassified highway shorter than 50 meters", 
        "object_id": "way/1552896301", 
        "josm_remote_url": "http://127.0.0.1:8111/zoom?left=85.1832586&right=85.1838586&top=28.0178521&bottom=28.0172521&select=way1552896301"
      }
    }, 
    {
      "type": "Feature", 
      "geometry": {
        "coordinates": [
          85.1678122, 
          27.9770255
        ], 
        "type": "Point"
      }, 
      "properties": {
        "severity": "Warnings", 
        "rule": "Tag checker (MapCSS based)", 
        "message": "HOT TM Validator Checker - Overlapping landuse areas", 
        "object_id": "way/341754389", 
        "josm_remote_url": "http://127.0.0.1:8111/zoom?left=85.1675122&right=85.1681122&top=27.9773255&bottom=27.9767255&select=way341754389"
      }
    }, 
    {
      "type": "Feature", 
      "geometry": {
        "coordinates": [
          85.1325465, 
          27.8710516
        ], 
        "type": "Point"
      }, 
      "properties": {
        "severity": "Warnings", 
        "rule": "Tag checker (MapCSS based)", 
        "message": "HOT TM Validator Checker - Landuse inside landuse", 
        "object_id": "way/340442409", 
        "josm_remote_url": "http://127.0.0.1:8111/zoom?left=85.1322465&right=85.1328465&top=27.8713516&bottom=27.8707516&select=way340442409"
      }
    }, 
    {
      "type": "Feature", 
      "geometry": {
        "coordinates": [
          85.1851733, 
          27.995151
        ], 
        "type": "Point"
      }, 
      "properties": {
        "severity": "Warnings", 
        "rule": "Tag checker (MapCSS based)", 
        "message": "HOT TM Validator Checker - Unclassified highway shorter than 50 meters", 
        "object_id": "way/298744773", 
        "josm_remote_url": "http://127.0.0.1:8111/zoom?left=85.1848733&right=85.1854733&top=27.995451&bottom=27.994851&select=way298744773"
      }
    }, 
    {
      "type": "Feature", 
      "geometry": {
        "coordinates": [
          85.1585316, 
          27.9442899
        ], 
        "type": "Point"
      }, 
      "properties": {
        "severity": "Warnings", 
        "rule": "Tag checker (MapCSS based)", 
        "message": "HOT TM Validator Checker - Unclassified highway shorter than 50 meters", 
        "object_id": "way/343553909", 
        "josm_remote_url": "http://127.0.0.1:8111/zoom?left=85.1582316&right=85.1588316&top=27.9445899&bottom=27.9439899&select=way343553909"
      }
    }, 
    {
      "type": "Feature", 
      "geometry": {
        "coordinates": [
          85.1336836, 
          27.9275063
        ], 
        "type": "Point"
      }, 
      "properties": {
        "severity": "Warnings", 
        "rule": "Tag checker (MapCSS based)", 
        "message": "HOT TM Validator Checker - Landuse inside landuse", 
        "object_id": "way/341629506", 
        "josm_remote_url": "http://127.0.0.1:8111/zoom?left=85.1333836&right=85.1339836&top=27.9278063&bottom=27.9272063&select=way341629506"
      }
    }, 
    {
      "type": "Feature", 
      "geometry": {
        "coordinates": [
          85.1256591, 
          27.8985718
        ], 
        "type": "Point"
      }, 
      "properties": {
        "severity": "Warnings", 
        "rule": "Tag checker (MapCSS based)", 
        "message": "HOT TM Validator Checker - Landuse inside landuse", 
        "object_id": "way/341676753", 
        "josm_remote_url": "http://127.0.0.1:8111/zoom?left=85.1253591&right=85.1259591&top=27.8988718&bottom=27.8982718&select=way341676753"
      }
    }, 
    {
      "type": "Feature", 
      "geometry": {
        "coordinates": [
          85.1256591, 
          27.8985718
        ], 
        "type": "Point"
      }, 
      "properties": {
        "severity": "Warnings", 
        "rule": "Tag checker (MapCSS based)", 
        "message": "HOT TM Validator Checker - Landuse inside landuse", 
        "object_id": "way/341676753", 
        "josm_remote_url": "http://127.0.0.1:8111/zoom?left=85.1253591&right=85.1259591&top=27.8988718&bottom=27.8982718&select=way341676753"
      }
    }, 
    {
      "type": "Feature", 
      "geometry": {
        "coordinates": [
          85.1544057, 
          27.9225981
        ], 
        "type": "Point"
      }, 
      "properties": {
        "severity": "Warnings", 
        "rule": "Tag checker (MapCSS based)", 
        "message": "HOT TM Validator Checker - Unclassified highway shorter than 50 meters", 
        "object_id": "way/892160585", 
        "josm_remote_url": "http://127.0.0.1:8111/zoom?left=85.1541057&right=85.1547057&top=27.9228981&bottom=27.9222981&select=way892160585"
      }
    }, 
    {
      "type": "Feature", 
      "geometry": {
        "coordinates": [
          85.29909, 
          28.1407984
        ], 
        "type": "Point"
      }, 
      "properties": {
        "severity": "Warnings", 
        "rule": "Tag checker (MapCSS based)", 
        "message": "HOT TM Validator Checker - Landuse inside landuse", 
        "object_id": "way/910460702", 
        "josm_remote_url": "http://127.0.0.1:8111/zoom?left=85.29879&right=85.29939&top=28.1410984&bottom=28.1404984&select=way910460702"
      }
    }, 
    {
      "type": "Feature", 
      "geometry": {
        "coordinates": [
          85.29909, 
          28.1407984
        ], 
        "type": "Point"
      }, 
      "properties": {
        "severity": "Warnings", 
        "rule": "Tag checker (MapCSS based)", 
        "message": "HOT TM Validator Checker - Landuse inside landuse", 
        "object_id": "way/910460702", 
        "josm_remote_url": "http://127.0.0.1:8111/zoom?left=85.29879&right=85.29939&top=28.1410984&bottom=28.1404984&select=way910460702"
      }
    }, 
    {
      "type": "Feature", 
      "geometry": {
        "coordinates": [
          85.1849627, 
          27.9800836
        ], 
        "type": "Point"
      }, 
      "properties": {
        "severity": "Warnings", 
        "rule": "Tag checker (MapCSS based)", 
        "message": "HOT TM Validator Checker - Landuse inside landuse", 
        "object_id": "way/1553984498", 
        "josm_remote_url": "http://127.0.0.1:8111/zoom?left=85.1846627&right=85.1852627&top=27.9803836&bottom=27.9797836&select=way1553984498"
      }
    }, 
    {
      "type": "Feature", 
      "geometry": {
        "coordinates": [
          85.1849627, 
          27.9800836
        ], 
        "type": "Point"
      }, 
      "properties": {
        "severity": "Warnings", 
        "rule": "Tag checker (MapCSS based)", 
        "message": "HOT TM Validator Checker - Landuse inside landuse", 
        "object_id": "way/1553984498", 
        "josm_remote_url": "http://127.0.0.1:8111/zoom?left=85.1846627&right=85.1852627&top=27.9803836&bottom=27.9797836&select=way1553984498"
      }
    }, 
    {
      "type": "Feature", 
      "geometry": {
        "coordinates": [
          85.1849627, 
          27.9800836
        ], 
        "type": "Point"
      }, 
      "properties": {
        "severity": "Warnings", 
        "rule": "Tag checker (MapCSS based)", 
        "message": "HOT TM Validator Checker - Landuse inside landuse", 
        "object_id": "way/1553984498", 
        "josm_remote_url": "http://127.0.0.1:8111/zoom?left=85.1846627&right=85.1852627&top=27.9803836&bottom=27.9797836&select=way1553984498"
      }
    }, 
    {
      "type": "Feature", 
      "geometry": {
        "coordinates": [
          85.1849627, 
          27.9800836
        ], 
        "type": "Point"
      }, 
      "properties": {
        "severity": "Warnings", 
        "rule": "Tag checker (MapCSS based)", 
        "message": "HOT TM Validator Checker - Landuse inside landuse", 
        "object_id": "way/1553984498", 
        "josm_remote_url": "http://127.0.0.1:8111/zoom?left=85.1846627&right=85.1852627&top=27.9803836&bottom=27.9797836&select=way1553984498"
      }
    }, 
    {
      "type": "Feature", 
      "geometry": {
        "coordinates": [
          85.1849627, 
          27.9800836
        ], 
        "type": "Point"
      }, 
      "properties": {
        "severity": "Warnings", 
        "rule": "Tag checker (MapCSS based)", 
        "message": "HOT TM Validator Checker - Landuse inside landuse", 
        "object_id": "way/1553984498", 
        "josm_remote_url": "http://127.0.0.1:8111/zoom?left=85.1846627&right=85.1852627&top=27.9803836&bottom=27.9797836&select=way1553984498"
      }
    }, 
    {
      "type": "Feature", 
      "geometry": {
        "coordinates": [
          85.1849627, 
          27.9800836
        ], 
        "type": "Point"
      }, 
      "properties": {
        "severity": "Warnings", 
        "rule": "Tag checker (MapCSS based)", 
        "message": "HOT TM Validator Checker - Landuse inside landuse", 
        "object_id": "way/1553984498", 
        "josm_remote_url": "http://127.0.0.1:8111/zoom?left=85.1846627&right=85.1852627&top=27.9803836&bottom=27.9797836&select=way1553984498"
      }
    }, 
    {
      "type": "Feature", 
      "geometry": {
        "coordinates": [
          85.1849627, 
          27.9800836
        ], 
        "type": "Point"
      }, 
      "properties": {
        "severity": "Warnings", 
        "rule": "Tag checker (MapCSS based)", 
        "message": "HOT TM Validator Checker - Landuse inside landuse", 
        "object_id": "way/1553984498", 
        "josm_remote_url": "http://127.0.0.1:8111/zoom?left=85.1846627&right=85.1852627&top=27.9803836&bottom=27.9797836&select=way1553984498"
      }
    }, 
    {
      "type": "Feature", 
      "geometry": {
        "coordinates": [
          85.1849627, 
          27.9800836
        ], 
        "type": "Point"
      }, 
      "properties": {
        "severity": "Warnings", 
        "rule": "Tag checker (MapCSS based)", 
        "message": "HOT TM Validator Checker - Landuse inside landuse", 
        "object_id": "way/1553984498", 
        "josm_remote_url": "http://127.0.0.1:8111/zoom?left=85.1846627&right=85.1852627&top=27.9803836&bottom=27.9797836&select=way1553984498"
      }
    }, 
    {
      "type": "Feature", 
      "geometry": {
        "coordinates": [
          85.1849627, 
          27.9800836
        ], 
        "type": "Point"
      }, 
      "properties": {
        "severity": "Warnings", 
        "rule": "Tag checker (MapCSS based)", 
        "message": "HOT TM Validator Checker - Landuse inside landuse", 
        "object_id": "way/1553984498", 
        "josm_remote_url": "http://127.0.0.1:8111/zoom?left=85.1846627&right=85.1852627&top=27.9803836&bottom=27.9797836&select=way1553984498"
      }
    }, 
    {
      "type": "Feature", 
      "geometry": {
        "coordinates": [
          85.1849627, 
          27.9800836
        ], 
        "type": "Point"
      }, 
      "properties": {
        "severity": "Warnings", 
        "rule": "Tag checker (MapCSS based)", 
        "message": "HOT TM Validator Checker - Landuse inside landuse", 
        "object_id": "way/1553984498", 
        "josm_remote_url": "http://127.0.0.1:8111/zoom?left=85.1846627&right=85.1852627&top=27.9803836&bottom=27.9797836&select=way1553984498"
      }
    }, 
    {
      "type": "Feature", 
      "geometry": {
        "coordinates": [
          85.1849627, 
          27.9800836
        ], 
        "type": "Point"
      }, 
      "properties": {
        "severity": "Warnings", 
        "rule": "Tag checker (MapCSS based)", 
        "message": "HOT TM Validator Checker - Landuse inside landuse", 
        "object_id": "way/1553984498", 
        "josm_remote_url": "http://127.0.0.1:8111/zoom?left=85.1846627&right=85.1852627&top=27.9803836&bottom=27.9797836&select=way1553984498"
      }
    }, 
    {
      "type": "Feature", 
      "geometry": {
        "coordinates": [
          85.1294841, 
          27.8866774
        ], 
        "type": "Point"
      }, 
      "properties": {
        "severity": "Warnings", 
        "rule": "Tag checker (MapCSS based)", 
        "message": "HOT TM Validator Checker - Landuse inside landuse", 
        "object_id": "way/340562356", 
        "josm_remote_url": "http://127.0.0.1:8111/zoom?left=85.1291841&right=85.1297841&top=27.8869774&bottom=27.8863774&select=way340562356"
      }
    }, 
    {
      "type": "Feature", 
      "geometry": {
        "coordinates": [
          85.1454162, 
          27.9098745
        ], 
        "type": "Point"
      }, 
      "properties": {
        "severity": "Warnings", 
        "rule": "Tag checker (MapCSS based)", 
        "message": "HOT TM Validator Checker - Unclassified highway shorter than 50 meters", 
        "object_id": "way/340586305", 
        "josm_remote_url": "http://127.0.0.1:8111/zoom?left=85.1451162&right=85.1457162&top=27.9101745&bottom=27.9095745&select=way340586305"
      }
    }, 
    {
      "type": "Feature", 
      "geometry": {
        "coordinates": [
          85.2473509, 
          28.100916
        ], 
        "type": "Point"
      }, 
      "properties": {
        "severity": "Errors", 
        "rule": "Duplicated nodes", 
        "message": "Natural duplicated nodes", 
        "object_id": "node/8460713290", 
        "josm_remote_url": "http://127.0.0.1:8111/zoom?left=85.2470509&right=85.2476509&top=28.101216&bottom=28.100616&select=node8460713290"
      }
    }, 
    {
      "type": "Feature", 
      "geometry": {
        "coordinates": [
          85.1851478, 
          27.9750998
        ], 
        "type": "Point"
      }, 
      "properties": {
        "severity": "Warnings", 
        "rule": "Duplicated nodes", 
        "message": "Mixed type duplicated nodes", 
        "object_id": "node/8475908122", 
        "josm_remote_url": "http://127.0.0.1:8111/zoom?left=85.1848478&right=85.1854478&top=27.9753998&bottom=27.9747998&select=node8475908122"
      }
    }, 
    {
      "type": "Feature", 
      "geometry": {
        "coordinates": [
          85.247882, 
          28.1029034
        ], 
        "type": "Point"
      }, 
      "properties": {
        "severity": "Errors", 
        "rule": "Duplicated nodes", 
        "message": "Natural duplicated nodes", 
        "object_id": "node/8460714105", 
        "josm_remote_url": "http://127.0.0.1:8111/zoom?left=85.247582&right=85.248182&top=28.1032034&bottom=28.1026034&select=node8460714105"
      }
    }, 
    {
      "type": "Feature", 
      "geometry": {
        "coordinates": [
          85.2479839, 
          28.1034382
        ], 
        "type": "Point"
      }, 
      "properties": {
        "severity": "Errors", 
        "rule": "Duplicated nodes", 
        "message": "Natural duplicated nodes", 
        "object_id": "node/14129529849", 
        "josm_remote_url": "http://127.0.0.1:8111/zoom?left=85.2476839&right=85.2482839&top=28.1037382&bottom=28.1031382&select=node14129529849"
      }
    }, 
    {
      "type": "Feature", 
      "geometry": {
        "coordinates": [
          85.176004, 
          27.9721914
        ], 
        "type": "Point"
      }, 
      "properties": {
        "severity": "Warnings", 
        "rule": "Duplicated nodes", 
        "message": "Mixed type duplicated nodes", 
        "object_id": "node/3493214364", 
        "josm_remote_url": "http://127.0.0.1:8111/zoom?left=85.175704&right=85.176304&top=27.9724914&bottom=27.9718914&select=node3493214364"
      }
    }, 
    {
      "type": "Feature", 
      "geometry": {
        "coordinates": [
          85.2476191, 
          28.1003576
        ], 
        "type": "Point"
      }, 
      "properties": {
        "severity": "Errors", 
        "rule": "Duplicated nodes", 
        "message": "Natural duplicated nodes", 
        "object_id": "node/14129549537", 
        "josm_remote_url": "http://127.0.0.1:8111/zoom?left=85.2473191&right=85.2479191&top=28.1006576&bottom=28.1000576&select=node14129549537"
      }
    }, 
    {
      "type": "Feature", 
      "geometry": {
        "coordinates": [
          85.1757186, 
          27.9726089
        ], 
        "type": "Point"
      }, 
      "properties": {
        "severity": "Warnings", 
        "rule": "Duplicated nodes", 
        "message": "Mixed type duplicated nodes", 
        "object_id": "node/14137516421", 
        "josm_remote_url": "http://127.0.0.1:8111/zoom?left=85.1754186&right=85.1760186&top=27.9729089&bottom=27.9723089&select=node14137516421"
      }
    }, 
    {
      "type": "Feature", 
      "geometry": {
        "coordinates": [
          85.1767752, 
          27.9703268
        ], 
        "type": "Point"
      }, 
      "properties": {
        "severity": "Warnings", 
        "rule": "Duplicated nodes", 
        "message": "Mixed type duplicated nodes", 
        "object_id": "node/3486513753", 
        "josm_remote_url": "http://127.0.0.1:8111/zoom?left=85.1764752&right=85.1770752&top=27.9706268&bottom=27.9700268&select=node3486513753"
      }
    }, 
    {
      "type": "Feature", 
      "geometry": {
        "coordinates": [
          85.2472973, 
          28.10314
        ], 
        "type": "Point"
      }, 
      "properties": {
        "severity": "Errors", 
        "rule": "Duplicated nodes", 
        "message": "Natural duplicated nodes", 
        "object_id": "node/8460713671", 
        "josm_remote_url": "http://127.0.0.1:8111/zoom?left=85.2469973&right=85.2475973&top=28.10344&bottom=28.10284&select=node8460713671"
      }
    }, 
    {
      "type": "Feature", 
      "geometry": {
        "coordinates": [
          85.175014, 
          27.9695684
        ], 
        "type": "Point"
      }, 
      "properties": {
        "severity": "Warnings", 
        "rule": "Duplicated nodes", 
        "message": "Mixed type duplicated nodes", 
        "object_id": "node/14137516415", 
        "josm_remote_url": "http://127.0.0.1:8111/zoom?left=85.174714&right=85.175314&top=27.9698684&bottom=27.9692684&select=node14137516415"
      }
    }, 
    {
      "type": "Feature", 
      "geometry": {
        "coordinates": [
          85.1752637, 
          27.9698283
        ], 
        "type": "Point"
      }, 
      "properties": {
        "severity": "Warnings", 
        "rule": "Duplicated nodes", 
        "message": "Mixed type duplicated nodes", 
        "object_id": "node/3493214326", 
        "josm_remote_url": "http://127.0.0.1:8111/zoom?left=85.1749637&right=85.1755637&top=27.9701283&bottom=27.9695283&select=node3493214326"
      }
    }, 
    {
      "type": "Feature", 
      "geometry": {
        "coordinates": [
          85.2471846, 
          28.0995248
        ], 
        "type": "Point"
      }, 
      "properties": {
        "severity": "Errors", 
        "rule": "Duplicated nodes", 
        "message": "Natural duplicated nodes", 
        "object_id": "node/8460713273", 
        "josm_remote_url": "http://127.0.0.1:8111/zoom?left=85.2468846&right=85.2474846&top=28.0998248&bottom=28.0992248&select=node8460713273"
      }
    }, 
    {
      "type": "Feature", 
      "geometry": {
        "coordinates": [
          85.3026116, 
          28.1338612
        ], 
        "type": "Point"
      }, 
      "properties": {
        "severity": "Warnings", 
        "rule": "Duplicated nodes", 
        "message": "Mixed type duplicated nodes", 
        "object_id": "node/10315607335", 
        "josm_remote_url": "http://127.0.0.1:8111/zoom?left=85.3023116&right=85.3029116&top=28.1341612&bottom=28.1335612&select=node10315607335"
      }
    }, 
    {
      "type": "Feature", 
      "geometry": {
        "coordinates": [
          85.2093537, 
          28.0738665
        ], 
        "type": "Point"
      }, 
      "properties": {
        "severity": "Warnings", 
        "rule": "Duplicated nodes", 
        "message": "Mixed type duplicated nodes", 
        "object_id": "node/3837513667", 
        "josm_remote_url": "http://127.0.0.1:8111/zoom?left=85.2090537&right=85.2096537&top=28.0741665&bottom=28.0735665&select=node3837513667"
      }
    }, 
    {
      "type": "Feature", 
      "geometry": {
        "coordinates": [
          85.2478498, 
          28.1034618
        ], 
        "type": "Point"
      }, 
      "properties": {
        "severity": "Errors", 
        "rule": "Duplicated nodes", 
        "message": "Natural duplicated nodes", 
        "object_id": "node/14129529852", 
        "josm_remote_url": "http://127.0.0.1:8111/zoom?left=85.2475498&right=85.2481498&top=28.1037618&bottom=28.1031618&select=node14129529852"
      }
    }, 
    {
      "type": "Feature", 
      "geometry": {
        "coordinates": [
          85.1280786, 
          27.8789052
        ], 
        "type": "Point"
      }, 
      "properties": {
        "severity": "Errors", 
        "rule": "Duplicated nodes", 
        "message": "Landuse duplicated nodes", 
        "object_id": "node/14137672456", 
        "josm_remote_url": "http://127.0.0.1:8111/zoom?left=85.1277786&right=85.1283786&top=27.8792052&bottom=27.8786052&select=node14137672456"
      }
    }, 
    {
      "type": "Feature", 
      "geometry": {
        "coordinates": [
          85.1746216, 
          27.9695054
        ], 
        "type": "Point"
      }, 
      "properties": {
        "severity": "Warnings", 
        "rule": "Duplicated nodes", 
        "message": "Mixed type duplicated nodes", 
        "object_id": "node/14137516408", 
        "josm_remote_url": "http://127.0.0.1:8111/zoom?left=85.1743216&right=85.1749216&top=27.9698054&bottom=27.9692054&select=node14137516408"
      }
    }, 
    {
      "type": "Feature", 
      "geometry": {
        "coordinates": [
          85.3509353, 
          28.197051
        ], 
        "type": "Point"
      }, 
      "properties": {
        "severity": "Warnings", 
        "rule": "Duplicated nodes", 
        "message": "Mixed type duplicated nodes", 
        "object_id": "node/7938281402", 
        "josm_remote_url": "http://127.0.0.1:8111/zoom?left=85.3506353&right=85.3512353&top=28.197351&bottom=28.196751&select=node7938281402"
      }
    }, 
    {
      "type": "Feature", 
      "geometry": {
        "coordinates": [
          85.2470291, 
          28.1016779
        ], 
        "type": "Point"
      }, 
      "properties": {
        "severity": "Errors", 
        "rule": "Duplicated nodes", 
        "message": "Natural duplicated nodes", 
        "object_id": "node/8460713301", 
        "josm_remote_url": "http://127.0.0.1:8111/zoom?left=85.2467291&right=85.2473291&top=28.1019779&bottom=28.1013779&select=node8460713301"
      }
    }, 
    {
      "type": "Feature", 
      "geometry": {
        "coordinates": [
          85.1849574, 
          27.9752443
        ], 
        "type": "Point"
      }, 
      "properties": {
        "severity": "Warnings", 
        "rule": "Duplicated nodes", 
        "message": "Mixed type duplicated nodes", 
        "object_id": "node/14138281496", 
        "josm_remote_url": "http://127.0.0.1:8111/zoom?left=85.1846574&right=85.1852574&top=27.9755443&bottom=27.9749443&select=node14138281496"
      }
    }, 
    {
      "type": "Feature", 
      "geometry": {
        "coordinates": [
          85.1328637, 
          27.8847138
        ], 
        "type": "Point"
      }, 
      "properties": {
        "severity": "Warnings", 
        "rule": "Duplicated nodes", 
        "message": "Mixed type duplicated nodes", 
        "object_id": "node/3494962224", 
        "josm_remote_url": "http://127.0.0.1:8111/zoom?left=85.1325637&right=85.1331637&top=27.8850138&bottom=27.8844138&select=node3494962224"
      }
    }, 
    {
      "type": "Feature", 
      "geometry": {
        "coordinates": [
          85.174131, 
          27.9698362
        ], 
        "type": "Point"
      }, 
      "properties": {
        "severity": "Warnings", 
        "rule": "Duplicated nodes", 
        "message": "Mixed type duplicated nodes", 
        "object_id": "node/3493214327", 
        "josm_remote_url": "http://127.0.0.1:8111/zoom?left=85.173831&right=85.174431&top=27.9701362&bottom=27.9695362&select=node3493214327"
      }
    }, 
    {
      "type": "Feature", 
      "geometry": {
        "coordinates": [
          85.173917, 
          27.9697495
        ], 
        "type": "Point"
      }, 
      "properties": {
        "severity": "Warnings", 
        "rule": "Duplicated nodes", 
        "message": "Mixed type duplicated nodes", 
        "object_id": "node/3493214324", 
        "josm_remote_url": "http://127.0.0.1:8111/zoom?left=85.173617&right=85.174217&top=27.9700495&bottom=27.9694495&select=node3493214324"
      }
    }, 
    {
      "type": "Feature", 
      "geometry": {
        "coordinates": [
          85.1738635, 
          27.9693478
        ], 
        "type": "Point"
      }, 
      "properties": {
        "severity": "Warnings", 
        "rule": "Duplicated nodes", 
        "message": "Mixed type duplicated nodes", 
        "object_id": "node/14137516420", 
        "josm_remote_url": "http://127.0.0.1:8111/zoom?left=85.1735635&right=85.1741635&top=27.9696478&bottom=27.9690478&select=node14137516420"
      }
    }, 
    {
      "type": "Feature", 
      "geometry": {
        "coordinates": [
          85.247072, 
          28.101446
        ], 
        "type": "Point"
      }, 
      "properties": {
        "severity": "Errors", 
        "rule": "Duplicated nodes", 
        "message": "Natural duplicated nodes", 
        "object_id": "node/8460713298", 
        "josm_remote_url": "http://127.0.0.1:8111/zoom?left=85.246772&right=85.247372&top=28.101746&bottom=28.101146&select=node8460713298"
      }
    }, 
    {
      "type": "Feature", 
      "geometry": {
        "coordinates": [
          85.2476299, 
          28.1010958
        ], 
        "type": "Point"
      }, 
      "properties": {
        "severity": "Errors", 
        "rule": "Duplicated nodes", 
        "message": "Natural duplicated nodes", 
        "object_id": "node/14129549524", 
        "josm_remote_url": "http://127.0.0.1:8111/zoom?left=85.2473299&right=85.2479299&top=28.1013958&bottom=28.1007958&select=node14129549524"
      }
    }, 
    {
      "type": "Feature", 
      "geometry": {
        "coordinates": [
          85.2471846, 
          28.0990847
        ], 
        "type": "Point"
      }, 
      "properties": {
        "severity": "Errors", 
        "rule": "Duplicated nodes", 
        "message": "Natural duplicated nodes", 
        "object_id": "node/14129529865", 
        "josm_remote_url": "http://127.0.0.1:8111/zoom?left=85.2468846&right=85.2474846&top=28.0993847&bottom=28.0987847&select=node14129529865"
      }
    }, 
    {
      "type": "Feature", 
      "geometry": {
        "coordinates": [
          85.1747732, 
          27.9730737
        ], 
        "type": "Point"
      }, 
      "properties": {
        "severity": "Warnings", 
        "rule": "Duplicated nodes", 
        "message": "Mixed type duplicated nodes", 
        "object_id": "node/14137516428", 
        "josm_remote_url": "http://127.0.0.1:8111/zoom?left=85.1744732&right=85.1750732&top=27.9733737&bottom=27.9727737&select=node14137516428"
      }
    }, 
    {
      "type": "Feature", 
      "geometry": {
        "coordinates": [
          85.2476299, 
          28.1023545
        ], 
        "type": "Point"
      }, 
      "properties": {
        "severity": "Errors", 
        "rule": "Duplicated nodes", 
        "message": "Natural duplicated nodes", 
        "object_id": "node/14129549509", 
        "josm_remote_url": "http://127.0.0.1:8111/zoom?left=85.2473299&right=85.2479299&top=28.1026545&bottom=28.1020545&select=node14129549509"
      }
    }, 
    {
      "type": "Feature", 
      "geometry": {
        "coordinates": [
          85.2475601, 
          28.1030549
        ], 
        "type": "Point"
      }, 
      "properties": {
        "severity": "Errors", 
        "rule": "Duplicated nodes", 
        "message": "Natural duplicated nodes", 
        "object_id": "node/8460714135", 
        "josm_remote_url": "http://127.0.0.1:8111/zoom?left=85.2472601&right=85.2478601&top=28.1033549&bottom=28.1027549&select=node8460714135"
      }
    }, 
    {
      "type": "Feature", 
      "geometry": {
        "coordinates": [
          85.2985606, 
          28.128045
        ], 
        "type": "Point"
      }, 
      "properties": {
        "severity": "Warnings", 
        "rule": "Duplicated nodes", 
        "message": "Mixed type duplicated nodes", 
        "object_id": "node/10315607345", 
        "josm_remote_url": "http://127.0.0.1:8111/zoom?left=85.2982606&right=85.2988606&top=28.128345&bottom=28.127745&select=node10315607345"
      }
    }, 
    {
      "type": "Feature", 
      "geometry": {
        "coordinates": [
          85.1326657, 
          27.8842309
        ], 
        "type": "Point"
      }, 
      "properties": {
        "severity": "Warnings", 
        "rule": "Duplicated nodes", 
        "message": "Mixed type duplicated nodes", 
        "object_id": "node/3494962287", 
        "josm_remote_url": "http://127.0.0.1:8111/zoom?left=85.1323657&right=85.1329657&top=27.8845309&bottom=27.8839309&select=node3494962287"
      }
    }, 
    {
      "type": "Feature", 
      "geometry": {
        "coordinates": [
          85.185121, 
          27.9751069
        ], 
        "type": "Point"
      }, 
      "properties": {
        "severity": "Warnings", 
        "rule": "Duplicated nodes", 
        "message": "Mixed type duplicated nodes", 
        "object_id": "node/8475908121", 
        "josm_remote_url": "http://127.0.0.1:8111/zoom?left=85.184821&right=85.185421&top=27.9754069&bottom=27.9748069&select=node8475908121"
      }
    }, 
    {
      "type": "Feature", 
      "geometry": {
        "coordinates": [
          85.24719, 
          28.0995768
        ], 
        "type": "Point"
      }, 
      "properties": {
        "severity": "Errors", 
        "rule": "Duplicated nodes", 
        "message": "Natural duplicated nodes", 
        "object_id": "node/14129529867", 
        "josm_remote_url": "http://127.0.0.1:8111/zoom?left=85.24689&right=85.24749&top=28.0998768&bottom=28.0992768&select=node14129529867"
      }
    }, 
    {
      "type": "Feature", 
      "geometry": {
        "coordinates": [
          85.2480268, 
          28.103476
        ], 
        "type": "Point"
      }, 
      "properties": {
        "severity": "Errors", 
        "rule": "Duplicated nodes", 
        "message": "Natural duplicated nodes", 
        "object_id": "node/14129529848", 
        "josm_remote_url": "http://127.0.0.1:8111/zoom?left=85.2477268&right=85.2483268&top=28.103776&bottom=28.103176&select=node14129529848"
      }
    }, 
    {
      "type": "Feature", 
      "geometry": {
        "coordinates": [
          85.1737082, 
          27.9692403
        ], 
        "type": "Point"
      }, 
      "properties": {
        "severity": "Warnings", 
        "rule": "Duplicated nodes", 
        "message": "Mixed type duplicated nodes", 
        "object_id": "node/3482767649", 
        "josm_remote_url": "http://127.0.0.1:8111/zoom?left=85.1734082&right=85.1740082&top=27.9695403&bottom=27.9689403&select=node3482767649"
      }
    }, 
    {
      "type": "Feature", 
      "geometry": {
        "coordinates": [
          85.1325418, 
          27.8844909
        ], 
        "type": "Point"
      }, 
      "properties": {
        "severity": "Warnings", 
        "rule": "Duplicated nodes", 
        "message": "Mixed type duplicated nodes", 
        "object_id": "node/14137672469", 
        "josm_remote_url": "http://127.0.0.1:8111/zoom?left=85.1322418&right=85.1328418&top=27.8847909&bottom=27.8841909&select=node14137672469"
      }
    }, 
    {
      "type": "Feature", 
      "geometry": {
        "coordinates": [
          85.2469969, 
          28.1021653
        ], 
        "type": "Point"
      }, 
      "properties": {
        "severity": "Errors", 
        "rule": "Duplicated nodes", 
        "message": "Natural duplicated nodes", 
        "object_id": "node/8460713307", 
        "josm_remote_url": "http://127.0.0.1:8111/zoom?left=85.2466969&right=85.2472969&top=28.1024653&bottom=28.1018653&select=node8460713307"
      }
    }, 
    {
      "type": "Feature", 
      "geometry": {
        "coordinates": [
          85.2473563, 
          28.0997803
        ], 
        "type": "Point"
      }, 
      "properties": {
        "severity": "Errors", 
        "rule": "Duplicated nodes", 
        "message": "Natural duplicated nodes", 
        "object_id": "node/14129529871", 
        "josm_remote_url": "http://127.0.0.1:8111/zoom?left=85.2470563&right=85.2476563&top=28.1000803&bottom=28.0994803&select=node14129529871"
      }
    }, 
    {
      "type": "Feature", 
      "geometry": {
        "coordinates": [
          85.2475601, 
          28.101517
        ], 
        "type": "Point"
      }, 
      "properties": {
        "severity": "Errors", 
        "rule": "Duplicated nodes", 
        "message": "Natural duplicated nodes", 
        "object_id": "node/8460714081", 
        "josm_remote_url": "http://127.0.0.1:8111/zoom?left=85.2472601&right=85.2478601&top=28.101817&bottom=28.101217&select=node8460714081"
      }
    }, 
    {
      "type": "Feature", 
      "geometry": {
        "coordinates": [
          85.2088914, 
          28.0733786
        ], 
        "type": "Point"
      }, 
      "properties": {
        "severity": "Warnings", 
        "rule": "Duplicated nodes", 
        "message": "Mixed type duplicated nodes", 
        "object_id": "node/14137435348", 
        "josm_remote_url": "http://127.0.0.1:8111/zoom?left=85.2085914&right=85.2091914&top=28.0736786&bottom=28.0730786&select=node14137435348"
      }
    }, 
    {
      "type": "Feature", 
      "geometry": {
        "coordinates": [
          85.1750728, 
          27.9687698
        ], 
        "type": "Point"
      }, 
      "properties": {
        "severity": "Warnings", 
        "rule": "Duplicated nodes", 
        "message": "Mixed type duplicated nodes", 
        "object_id": "node/14137516319", 
        "josm_remote_url": "http://127.0.0.1:8111/zoom?left=85.1747728&right=85.1753728&top=27.9690698&bottom=27.9684698&select=node14137516319"
      }
    }, 
    {
      "type": "Feature", 
      "geometry": {
        "coordinates": [
          85.2733203, 
          28.107336
        ], 
        "type": "Point"
      }, 
      "properties": {
        "severity": "Warnings", 
        "rule": "Duplicated nodes", 
        "message": "Mixed type duplicated nodes", 
        "object_id": "node/3486131080", 
        "josm_remote_url": "http://127.0.0.1:8111/zoom?left=85.2730203&right=85.2736203&top=28.107636&bottom=28.107036&select=node3486131080"
      }
    }, 
    {
      "type": "Feature", 
      "geometry": {
        "coordinates": [
          85.1850513, 
          27.9752183
        ], 
        "type": "Point"
      }, 
      "properties": {
        "severity": "Warnings", 
        "rule": "Duplicated nodes", 
        "message": "Mixed type duplicated nodes", 
        "object_id": "node/8475908118", 
        "josm_remote_url": "http://127.0.0.1:8111/zoom?left=85.1847513&right=85.1853513&top=27.9755183&bottom=27.9749183&select=node8475908118"
      }
    }, 
    {
      "type": "Feature", 
      "geometry": {
        "coordinates": [
          85.248, 
          28.1028561
        ], 
        "type": "Point"
      }, 
      "properties": {
        "severity": "Errors", 
        "rule": "Duplicated nodes", 
        "message": "Natural duplicated nodes", 
        "object_id": "node/8460714107", 
        "josm_remote_url": "http://127.0.0.1:8111/zoom?left=85.2477&right=85.2483&top=28.1031561&bottom=28.1025561&select=node8460714107"
      }
    }, 
    {
      "type": "Feature", 
      "geometry": {
        "coordinates": [
          85.1783312, 
          27.9710392
        ], 
        "type": "Point"
      }, 
      "properties": {
        "severity": "Warnings", 
        "rule": "Duplicated nodes", 
        "message": "Mixed type duplicated nodes", 
        "object_id": "node/3493214342", 
        "josm_remote_url": "http://127.0.0.1:8111/zoom?left=85.1780312&right=85.1786312&top=27.9713392&bottom=27.9707392&select=node3493214342"
      }
    }, 
    {
      "type": "Feature", 
      "geometry": {
        "coordinates": [
          85.173446, 
          27.9711058
        ], 
        "type": "Point"
      }, 
      "properties": {
        "severity": "Warnings", 
        "rule": "Duplicated nodes", 
        "message": "Mixed type duplicated nodes", 
        "object_id": "node/14137516418", 
        "josm_remote_url": "http://127.0.0.1:8111/zoom?left=85.173146&right=85.173746&top=27.9714058&bottom=27.9708058&select=node14137516418"
      }
    }, 
    {
      "type": "Feature", 
      "geometry": {
        "coordinates": [
          85.2477103, 
          28.102823
        ], 
        "type": "Point"
      }, 
      "properties": {
        "severity": "Errors", 
        "rule": "Duplicated nodes", 
        "message": "Natural duplicated nodes", 
        "object_id": "node/8460714102", 
        "josm_remote_url": "http://127.0.0.1:8111/zoom?left=85.2474103&right=85.2480103&top=28.103123&bottom=28.102523&select=node8460714102"
      }
    }, 
    {
      "type": "Feature", 
      "geometry": {
        "coordinates": [
          85.2481127, 
          28.1035233
        ], 
        "type": "Point"
      }, 
      "properties": {
        "severity": "Errors", 
        "rule": "Duplicated nodes", 
        "message": "Natural duplicated nodes", 
        "object_id": "node/8460714120", 
        "josm_remote_url": "http://127.0.0.1:8111/zoom?left=85.2478127&right=85.2484127&top=28.1038233&bottom=28.1032233&select=node8460714120"
      }
    }, 
    {
      "type": "Feature", 
      "geometry": {
        "coordinates": [
          85.2478659, 
          28.1005564
        ], 
        "type": "Point"
      }, 
      "properties": {
        "severity": "Errors", 
        "rule": "Duplicated nodes", 
        "message": "Natural duplicated nodes", 
        "object_id": "node/8460714075", 
        "josm_remote_url": "http://127.0.0.1:8111/zoom?left=85.2475659&right=85.2481659&top=28.1008564&bottom=28.1002564&select=node8460714075"
      }
    }, 
    {
      "type": "Feature", 
      "geometry": {
        "coordinates": [
          85.2474421, 
          28.1030501
        ], 
        "type": "Point"
      }, 
      "properties": {
        "severity": "Errors", 
        "rule": "Duplicated nodes", 
        "message": "Natural duplicated nodes", 
        "object_id": "node/14129529838", 
        "josm_remote_url": "http://127.0.0.1:8111/zoom?left=85.2471421&right=85.2477421&top=28.1033501&bottom=28.1027501&select=node14129529838"
      }
    }, 
    {
      "type": "Feature", 
      "geometry": {
        "coordinates": [
          85.2476031, 
          28.1017678
        ], 
        "type": "Point"
      }, 
      "properties": {
        "severity": "Errors", 
        "rule": "Duplicated nodes", 
        "message": "Natural duplicated nodes", 
        "object_id": "node/8460714085", 
        "josm_remote_url": "http://127.0.0.1:8111/zoom?left=85.2473031&right=85.2479031&top=28.1020678&bottom=28.1014678&select=node8460714085"
      }
    }, 
    {
      "type": "Feature", 
      "geometry": {
        "coordinates": [
          85.1754599, 
          27.9700725
        ], 
        "type": "Point"
      }, 
      "properties": {
        "severity": "Warnings", 
        "rule": "Duplicated nodes", 
        "message": "Mixed type duplicated nodes", 
        "object_id": "node/3493214330", 
        "josm_remote_url": "http://127.0.0.1:8111/zoom?left=85.1751599&right=85.1757599&top=27.9703725&bottom=27.9697725&select=node3493214330"
      }
    }, 
    {
      "type": "Feature", 
      "geometry": {
        "coordinates": [
          85.2477962, 
          28.1034571
        ], 
        "type": "Point"
      }, 
      "properties": {
        "severity": "Errors", 
        "rule": "Duplicated nodes", 
        "message": "Natural duplicated nodes", 
        "object_id": "node/8460714127", 
        "josm_remote_url": "http://127.0.0.1:8111/zoom?left=85.2474962&right=85.2480962&top=28.1037571&bottom=28.1031571&select=node8460714127"
      }
    }, 
    {
      "type": "Feature", 
      "geometry": {
        "coordinates": [
          85.1733938, 
          27.9710569
        ], 
        "type": "Point"
      }, 
      "properties": {
        "severity": "Warnings", 
        "rule": "Duplicated nodes", 
        "message": "Mixed type duplicated nodes", 
        "object_id": "node/3487790715", 
        "josm_remote_url": "http://127.0.0.1:8111/zoom?left=85.1730938&right=85.1736938&top=27.9713569&bottom=27.9707569&select=node3487790715"
      }
    }, 
    {
      "type": "Feature", 
      "geometry": {
        "coordinates": [
          85.2472812, 
          28.0996478
        ], 
        "type": "Point"
      }, 
      "properties": {
        "severity": "Errors", 
        "rule": "Duplicated nodes", 
        "message": "Natural duplicated nodes", 
        "object_id": "node/8460713276", 
        "josm_remote_url": "http://127.0.0.1:8111/zoom?left=85.2469812&right=85.2475812&top=28.0999478&bottom=28.0993478&select=node8460713276"
      }
    }, 
    {
      "type": "Feature", 
      "geometry": {
        "coordinates": [
          85.1854402, 
          27.9751875
        ], 
        "type": "Point"
      }, 
      "properties": {
        "severity": "Warnings", 
        "rule": "Duplicated nodes", 
        "message": "Mixed type duplicated nodes", 
        "object_id": "node/8475908125", 
        "josm_remote_url": "http://127.0.0.1:8111/zoom?left=85.1851402&right=85.1857402&top=27.9754875&bottom=27.9748875&select=node8475908125"
      }
    }, 
    {
      "type": "Feature", 
      "geometry": {
        "coordinates": [
          85.1760486, 
          27.9718055
        ], 
        "type": "Point"
      }, 
      "properties": {
        "severity": "Warnings", 
        "rule": "Duplicated nodes", 
        "message": "Mixed type duplicated nodes", 
        "object_id": "node/14137516404", 
        "josm_remote_url": "http://127.0.0.1:8111/zoom?left=85.1757486&right=85.1763486&top=27.9721055&bottom=27.9715055&select=node14137516404"
      }
    }, 
    {
      "type": "Feature", 
      "geometry": {
        "coordinates": [
          85.1269843, 
          27.8754484
        ], 
        "type": "Point"
      }, 
      "properties": {
        "severity": "Errors", 
        "rule": "Duplicated nodes", 
        "message": "Landuse duplicated nodes", 
        "object_id": "node/3495025652", 
        "josm_remote_url": "http://127.0.0.1:8111/zoom?left=85.1266843&right=85.1272843&top=27.8757484&bottom=27.8751484&select=node3495025652"
      }
    }, 
    {
      "type": "Feature", 
      "geometry": {
        "coordinates": [
          85.2471417, 
          28.1013182
        ], 
        "type": "Point"
      }, 
      "properties": {
        "severity": "Errors", 
        "rule": "Duplicated nodes", 
        "message": "Natural duplicated nodes", 
        "object_id": "node/14129549512", 
        "josm_remote_url": "http://127.0.0.1:8111/zoom?left=85.2468417&right=85.2474417&top=28.1016182&bottom=28.1010182&select=node14129549512"
      }
    }, 
    {
      "type": "Feature", 
      "geometry": {
        "coordinates": [
          85.247705, 
          28.102629
        ], 
        "type": "Point"
      }, 
      "properties": {
        "severity": "Errors", 
        "rule": "Duplicated nodes", 
        "message": "Natural duplicated nodes", 
        "object_id": "node/8460714099", 
        "josm_remote_url": "http://127.0.0.1:8111/zoom?left=85.247405&right=85.248005&top=28.102929&bottom=28.102329&select=node8460714099"
      }
    }, 
    {
      "type": "Feature", 
      "geometry": {
        "coordinates": [
          85.2479356, 
          28.1033956
        ], 
        "type": "Point"
      }, 
      "properties": {
        "severity": "Errors", 
        "rule": "Duplicated nodes", 
        "message": "Natural duplicated nodes", 
        "object_id": "node/14129529854", 
        "josm_remote_url": "http://127.0.0.1:8111/zoom?left=85.2476356&right=85.2482356&top=28.1036956&bottom=28.1030956&select=node14129529854"
      }
    }, 
    {
      "type": "Feature", 
      "geometry": {
        "coordinates": [
          85.1762805, 
          27.9710729
        ], 
        "type": "Point"
      }, 
      "properties": {
        "severity": "Warnings", 
        "rule": "Duplicated nodes", 
        "message": "Mixed type duplicated nodes", 
        "object_id": "node/14137516399", 
        "josm_remote_url": "http://127.0.0.1:8111/zoom?left=85.1759805&right=85.1765805&top=27.9713729&bottom=27.9707729&select=node14137516399"
      }
    }, 
    {
      "type": "Feature", 
      "geometry": {
        "coordinates": [
          85.1774819, 
          27.970682
        ], 
        "type": "Point"
      }, 
      "properties": {
        "severity": "Warnings", 
        "rule": "Duplicated nodes", 
        "message": "Mixed type duplicated nodes", 
        "object_id": "node/14137516318", 
        "josm_remote_url": "http://127.0.0.1:8111/zoom?left=85.1771819&right=85.1777819&top=27.970982&bottom=27.970382&select=node14137516318"
      }
    }, 
    {
      "type": "Feature", 
      "geometry": {
        "coordinates": [
          85.2475816, 
          28.1003103
        ], 
        "type": "Point"
      }, 
      "properties": {
        "severity": "Errors", 
        "rule": "Duplicated nodes", 
        "message": "Natural duplicated nodes", 
        "object_id": "node/14129549536", 
        "josm_remote_url": "http://127.0.0.1:8111/zoom?left=85.2472816&right=85.2478816&top=28.1006103&bottom=28.1000103&select=node14129549536"
      }
    }, 
    {
      "type": "Feature", 
      "geometry": {
        "coordinates": [
          85.2087555, 
          28.0731947
        ], 
        "type": "Point"
      }, 
      "properties": {
        "severity": "Warnings", 
        "rule": "Duplicated nodes", 
        "message": "Mixed type duplicated nodes", 
        "object_id": "node/14137435366", 
        "josm_remote_url": "http://127.0.0.1:8111/zoom?left=85.2084555&right=85.2090555&top=28.0734947&bottom=28.0728947&select=node14137435366"
      }
    }, 
    {
      "type": "Feature", 
      "geometry": {
        "coordinates": [
          85.2475816, 
          28.101569
        ], 
        "type": "Point"
      }, 
      "properties": {
        "severity": "Errors", 
        "rule": "Duplicated nodes", 
        "message": "Natural duplicated nodes", 
        "object_id": "node/14129529894", 
        "josm_remote_url": "http://127.0.0.1:8111/zoom?left=85.2472816&right=85.2478816&top=28.101869&bottom=28.101269&select=node14129529894"
      }
    }, 
    {
      "type": "Feature", 
      "geometry": {
        "coordinates": [
          85.1849896, 
          27.9752443
        ], 
        "type": "Point"
      }, 
      "properties": {
        "severity": "Warnings", 
        "rule": "Duplicated nodes", 
        "message": "Mixed type duplicated nodes", 
        "object_id": "node/14138281501", 
        "josm_remote_url": "http://127.0.0.1:8111/zoom?left=85.1846896&right=85.1852896&top=27.9755443&bottom=27.9749443&select=node14138281501"
      }
    }, 
    {
      "type": "Feature", 
      "geometry": {
        "coordinates": [
          85.2471256, 
          28.1012709
        ], 
        "type": "Point"
      }, 
      "properties": {
        "severity": "Errors", 
        "rule": "Duplicated nodes", 
        "message": "Natural duplicated nodes", 
        "object_id": "node/8460713295", 
        "josm_remote_url": "http://127.0.0.1:8111/zoom?left=85.2468256&right=85.2474256&top=28.1015709&bottom=28.1009709&select=node8460713295"
      }
    }, 
    {
      "type": "Feature", 
      "geometry": {
        "coordinates": [
          85.1286955, 
          27.8764252
        ], 
        "type": "Point"
      }, 
      "properties": {
        "severity": "Errors", 
        "rule": "Duplicated nodes", 
        "message": "Landuse duplicated nodes", 
        "object_id": "node/14137672453", 
        "josm_remote_url": "http://127.0.0.1:8111/zoom?left=85.1283955&right=85.1289955&top=27.8767252&bottom=27.8761252&select=node14137672453"
      }
    }, 
    {
      "type": "Feature", 
      "geometry": {
        "coordinates": [
          85.2475762, 
          28.1006179
        ], 
        "type": "Point"
      }, 
      "properties": {
        "severity": "Errors", 
        "rule": "Duplicated nodes", 
        "message": "Natural duplicated nodes", 
        "object_id": "node/14129549540", 
        "josm_remote_url": "http://127.0.0.1:8111/zoom?left=85.2472762&right=85.2478762&top=28.1009179&bottom=28.1003179&select=node14129549540"
      }
    }, 
    {
      "type": "Feature", 
      "geometry": {
        "coordinates": [
          85.2095562, 
          28.0741465
        ], 
        "type": "Point"
      }, 
      "properties": {
        "severity": "Warnings", 
        "rule": "Duplicated nodes", 
        "message": "Mixed type duplicated nodes", 
        "object_id": "node/14137435365", 
        "josm_remote_url": "http://127.0.0.1:8111/zoom?left=85.2092562&right=85.2098562&top=28.0744465&bottom=28.0738465&select=node14137435365"
      }
    }, 
    {
      "type": "Feature", 
      "geometry": {
        "coordinates": [
          85.1278431, 
          27.8800677
        ], 
        "type": "Point"
      }, 
      "properties": {
        "severity": "Errors", 
        "rule": "Duplicated nodes", 
        "message": "Landuse duplicated nodes", 
        "object_id": "node/14137672435", 
        "josm_remote_url": "http://127.0.0.1:8111/zoom?left=85.1275431&right=85.1281431&top=27.8803677&bottom=27.8797677&select=node14137672435"
      }
    }, 
    {
      "type": "Feature", 
      "geometry": {
        "coordinates": [
          85.1752134, 
          27.9689715
        ], 
        "type": "Point"
      }, 
      "properties": {
        "severity": "Warnings", 
        "rule": "Duplicated nodes", 
        "message": "Mixed type duplicated nodes", 
        "object_id": "node/3493214302", 
        "josm_remote_url": "http://127.0.0.1:8111/zoom?left=85.1749134&right=85.1755134&top=27.9692715&bottom=27.9686715&select=node3493214302"
      }
    }, 
    {
      "type": "Feature", 
      "geometry": {
        "coordinates": [
          85.2469701, 
          28.1023072
        ], 
        "type": "Point"
      }, 
      "properties": {
        "severity": "Errors", 
        "rule": "Duplicated nodes", 
        "message": "Natural duplicated nodes", 
        "object_id": "node/8460713309", 
        "josm_remote_url": "http://127.0.0.1:8111/zoom?left=85.2466701&right=85.2472701&top=28.1026072&bottom=28.1020072&select=node8460713309"
      }
    }, 
    {
      "type": "Feature", 
      "geometry": {
        "coordinates": [
          85.1748699, 
          27.9680203
        ], 
        "type": "Point"
      }, 
      "properties": {
        "severity": "Warnings", 
        "rule": "Duplicated nodes", 
        "message": "Mixed type duplicated nodes", 
        "object_id": "node/3476487405", 
        "josm_remote_url": "http://127.0.0.1:8111/zoom?left=85.1745699&right=85.1751699&top=27.9683203&bottom=27.9677203&select=node3476487405"
      }
    }, 
    {
      "type": "Feature", 
      "geometry": {
        "coordinates": [
          85.2476138, 
          28.1016637
        ], 
        "type": "Point"
      }, 
      "properties": {
        "severity": "Errors", 
        "rule": "Duplicated nodes", 
        "message": "Natural duplicated nodes", 
        "object_id": "node/8460714084", 
        "josm_remote_url": "http://127.0.0.1:8111/zoom?left=85.2473138&right=85.2479138&top=28.1019637&bottom=28.1013637&select=node8460714084"
      }
    }, 
    {
      "type": "Feature", 
      "geometry": {
        "coordinates": [
          85.1286478, 
          27.8787589
        ], 
        "type": "Point"
      }, 
      "properties": {
        "severity": "Errors", 
        "rule": "Duplicated nodes", 
        "message": "Landuse duplicated nodes", 
        "object_id": "node/3495025336", 
        "josm_remote_url": "http://127.0.0.1:8111/zoom?left=85.1283478&right=85.1289478&top=27.8790589&bottom=27.8784589&select=node3495025336"
      }
    }, 
    {
      "type": "Feature", 
      "geometry": {
        "coordinates": [
          85.1440939, 
          27.9406621
        ], 
        "type": "Point"
      }, 
      "properties": {
        "severity": "Warnings", 
        "rule": "Duplicated nodes", 
        "message": "Mixed type duplicated nodes", 
        "object_id": "node/3492518227", 
        "josm_remote_url": "http://127.0.0.1:8111/zoom?left=85.1437939&right=85.1443939&top=27.9409621&bottom=27.9403621&select=node3492518227"
      }
    }, 
    {
      "type": "Feature", 
      "geometry": {
        "coordinates": [
          85.1788897, 
          27.971494
        ], 
        "type": "Point"
      }, 
      "properties": {
        "severity": "Warnings", 
        "rule": "Duplicated nodes", 
        "message": "Mixed type duplicated nodes", 
        "object_id": "node/3486513968", 
        "josm_remote_url": "http://127.0.0.1:8111/zoom?left=85.1785897&right=85.1791897&top=27.971794&bottom=27.971194&select=node3486513968"
      }
    }, 
    {
      "type": "Feature", 
      "geometry": {
        "coordinates": [
          85.1777583, 
          27.9706322
        ], 
        "type": "Point"
      }, 
      "properties": {
        "severity": "Warnings", 
        "rule": "Duplicated nodes", 
        "message": "Mixed type duplicated nodes", 
        "object_id": "node/14137516325", 
        "josm_remote_url": "http://127.0.0.1:8111/zoom?left=85.1774583&right=85.1780583&top=27.9709322&bottom=27.9703322&select=node14137516325"
      }
    }, 
    {
      "type": "Feature", 
      "geometry": {
        "coordinates": [
          85.1755848, 
          27.9728767
        ], 
        "type": "Point"
      }, 
      "properties": {
        "severity": "Warnings", 
        "rule": "Duplicated nodes", 
        "message": "Mixed type duplicated nodes", 
        "object_id": "node/3493214381", 
        "josm_remote_url": "http://127.0.0.1:8111/zoom?left=85.1752848&right=85.1758848&top=27.9731767&bottom=27.9725767&select=node3493214381"
      }
    }, 
    {
      "type": "Feature", 
      "geometry": {
        "coordinates": [
          85.247072, 
          28.1017678
        ], 
        "type": "Point"
      }, 
      "properties": {
        "severity": "Errors", 
        "rule": "Duplicated nodes", 
        "message": "Natural duplicated nodes", 
        "object_id": "node/14129549515", 
        "josm_remote_url": "http://127.0.0.1:8111/zoom?left=85.246772&right=85.247372&top=28.1020678&bottom=28.1014678&select=node14129549515"
      }
    }, 
    {
      "type": "Feature", 
      "geometry": {
        "coordinates": [
          85.2476942, 
          28.1027189
        ], 
        "type": "Point"
      }, 
      "properties": {
        "severity": "Errors", 
        "rule": "Duplicated nodes", 
        "message": "Natural duplicated nodes", 
        "object_id": "node/14129529885", 
        "josm_remote_url": "http://127.0.0.1:8111/zoom?left=85.2473942&right=85.2479942&top=28.1030189&bottom=28.1024189&select=node14129529885"
      }
    }, 
    {
      "type": "Feature", 
      "geometry": {
        "coordinates": [
          85.1330627, 
          27.8851412
        ], 
        "type": "Point"
      }, 
      "properties": {
        "severity": "Warnings", 
        "rule": "Duplicated nodes", 
        "message": "Mixed type duplicated nodes", 
        "object_id": "node/3494962567", 
        "josm_remote_url": "http://127.0.0.1:8111/zoom?left=85.1327627&right=85.1333627&top=27.8854412&bottom=27.8848412&select=node3494962567"
      }
    }, 
    {
      "type": "Feature", 
      "geometry": {
        "coordinates": [
          85.2476245, 
          28.1004049
        ], 
        "type": "Point"
      }, 
      "properties": {
        "severity": "Errors", 
        "rule": "Duplicated nodes", 
        "message": "Natural duplicated nodes", 
        "object_id": "node/14129549534", 
        "josm_remote_url": "http://127.0.0.1:8111/zoom?left=85.2473245&right=85.2479245&top=28.1007049&bottom=28.1001049&select=node14129549534"
      }
    }, 
    {
      "type": "Feature", 
      "geometry": {
        "coordinates": [
          85.2473402, 
          28.100263
        ], 
        "type": "Point"
      }, 
      "properties": {
        "severity": "Errors", 
        "rule": "Duplicated nodes", 
        "message": "Natural duplicated nodes", 
        "object_id": "node/8460713282", 
        "josm_remote_url": "http://127.0.0.1:8111/zoom?left=85.2470402&right=85.2476402&top=28.100563&bottom=28.099963&select=node8460713282"
      }
    }, 
    {
      "type": "Feature", 
      "geometry": {
        "coordinates": [
          85.1270379, 
          27.875529
        ], 
        "type": "Point"
      }, 
      "properties": {
        "severity": "Errors", 
        "rule": "Duplicated nodes", 
        "message": "Landuse duplicated nodes", 
        "object_id": "node/14137672441", 
        "josm_remote_url": "http://127.0.0.1:8111/zoom?left=85.1267379&right=85.1273379&top=27.875829&bottom=27.875229&select=node14137672441"
      }
    }, 
    {
      "type": "Feature", 
      "geometry": {
        "coordinates": [
          85.2481878, 
          28.1029886
        ], 
        "type": "Point"
      }, 
      "properties": {
        "severity": "Errors", 
        "rule": "Duplicated nodes", 
        "message": "Natural duplicated nodes", 
        "object_id": "node/8460714112", 
        "josm_remote_url": "http://127.0.0.1:8111/zoom?left=85.2478878&right=85.2484878&top=28.1032886&bottom=28.1026886&select=node8460714112"
      }
    }, 
    {
      "type": "Feature", 
      "geometry": {
        "coordinates": [
          85.2477533, 
          28.1033624
        ], 
        "type": "Point"
      }, 
      "properties": {
        "severity": "Errors", 
        "rule": "Duplicated nodes", 
        "message": "Natural duplicated nodes", 
        "object_id": "node/8460714129", 
        "josm_remote_url": "http://127.0.0.1:8111/zoom?left=85.2474533&right=85.2480533&top=28.1036624&bottom=28.1030624&select=node8460714129"
      }
    }, 
    {
      "type": "Feature", 
      "geometry": {
        "coordinates": [
          85.1735237, 
          27.9711771
        ], 
        "type": "Point"
      }, 
      "properties": {
        "severity": "Warnings", 
        "rule": "Duplicated nodes", 
        "message": "Mixed type duplicated nodes", 
        "object_id": "node/14137516412", 
        "josm_remote_url": "http://127.0.0.1:8111/zoom?left=85.1732237&right=85.1738237&top=27.9714771&bottom=27.9708771&select=node14137516412"
      }
    }, 
    {
      "type": "Feature", 
      "geometry": {
        "coordinates": [
          85.2473187, 
          28.0996904
        ], 
        "type": "Point"
      }, 
      "properties": {
        "severity": "Errors", 
        "rule": "Duplicated nodes", 
        "message": "Natural duplicated nodes", 
        "object_id": "node/8460713277", 
        "josm_remote_url": "http://127.0.0.1:8111/zoom?left=85.2470187&right=85.2476187&top=28.0999904&bottom=28.0993904&select=node8460713277"
      }
    }, 
    {
      "type": "Feature", 
      "geometry": {
        "coordinates": [
          85.2470291, 
          28.0988433
        ], 
        "type": "Point"
      }, 
      "properties": {
        "severity": "Errors", 
        "rule": "Duplicated nodes", 
        "message": "Natural duplicated nodes", 
        "object_id": "node/14129529861", 
        "josm_remote_url": "http://127.0.0.1:8111/zoom?left=85.2467291&right=85.2473291&top=28.0991433&bottom=28.0985433&select=node14129529861"
      }
    }, 
    {
      "type": "Feature", 
      "geometry": {
        "coordinates": [
          85.2470773, 
          28.1032394
        ], 
        "type": "Point"
      }, 
      "properties": {
        "severity": "Errors", 
        "rule": "Duplicated nodes", 
        "message": "Natural duplicated nodes", 
        "object_id": "node/14129529858", 
        "josm_remote_url": "http://127.0.0.1:8111/zoom?left=85.2467773&right=85.2473773&top=28.1035394&bottom=28.1029394&select=node14129529858"
      }
    }, 
    {
      "type": "Feature", 
      "geometry": {
        "coordinates": [
          85.1792935, 
          27.9720539
        ], 
        "type": "Point"
      }, 
      "properties": {
        "severity": "Warnings", 
        "rule": "Duplicated nodes", 
        "message": "Mixed type duplicated nodes", 
        "object_id": "node/3493214361", 
        "josm_remote_url": "http://127.0.0.1:8111/zoom?left=85.1789935&right=85.1795935&top=27.9723539&bottom=27.9717539&select=node3493214361"
      }
    }, 
    {
      "type": "Feature", 
      "geometry": {
        "coordinates": [
          85.1852068, 
          27.975114
        ], 
        "type": "Point"
      }, 
      "properties": {
        "severity": "Warnings", 
        "rule": "Duplicated nodes", 
        "message": "Mixed type duplicated nodes", 
        "object_id": "node/14138281490", 
        "josm_remote_url": "http://127.0.0.1:8111/zoom?left=85.1849068&right=85.1855068&top=27.975414&bottom=27.974814&select=node14138281490"
      }
    }, 
    {
      "type": "Feature", 
      "geometry": {
        "coordinates": [
          85.2479517, 
          28.1028845
        ], 
        "type": "Point"
      }, 
      "properties": {
        "severity": "Errors", 
        "rule": "Duplicated nodes", 
        "message": "Natural duplicated nodes", 
        "object_id": "node/8460714106", 
        "josm_remote_url": "http://127.0.0.1:8111/zoom?left=85.2476517&right=85.2482517&top=28.1031845&bottom=28.1025845&select=node8460714106"
      }
    }, 
    {
      "type": "Feature", 
      "geometry": {
        "coordinates": [
          85.2475387, 
          28.1022836
        ], 
        "type": "Point"
      }, 
      "properties": {
        "severity": "Errors", 
        "rule": "Duplicated nodes", 
        "message": "Natural duplicated nodes", 
        "object_id": "node/14129549508", 
        "josm_remote_url": "http://127.0.0.1:8111/zoom?left=85.2472387&right=85.2478387&top=28.1025836&bottom=28.1019836&select=node14129549508"
      }
    }, 
    {
      "type": "Feature", 
      "geometry": {
        "coordinates": [
          85.2470183, 
          28.1014744
        ], 
        "type": "Point"
      }, 
      "properties": {
        "severity": "Errors", 
        "rule": "Duplicated nodes", 
        "message": "Natural duplicated nodes", 
        "object_id": "node/8460713299", 
        "josm_remote_url": "http://127.0.0.1:8111/zoom?left=85.2467183&right=85.2473183&top=28.1017744&bottom=28.1011744&select=node8460713299"
      }
    }, 
    {
      "type": "Feature", 
      "geometry": {
        "coordinates": [
          85.2475762, 
          28.1012472
        ], 
        "type": "Point"
      }, 
      "properties": {
        "severity": "Errors", 
        "rule": "Duplicated nodes", 
        "message": "Natural duplicated nodes", 
        "object_id": "node/14129549525", 
        "josm_remote_url": "http://127.0.0.1:8111/zoom?left=85.2472762&right=85.2478762&top=28.1015472&bottom=28.1009472&select=node14129549525"
      }
    }, 
    {
      "type": "Feature", 
      "geometry": {
        "coordinates": [
          85.2472973, 
          28.1001683
        ], 
        "type": "Point"
      }, 
      "properties": {
        "severity": "Errors", 
        "rule": "Duplicated nodes", 
        "message": "Natural duplicated nodes", 
        "object_id": "node/14129549532", 
        "josm_remote_url": "http://127.0.0.1:8111/zoom?left=85.2469973&right=85.2475973&top=28.1004683&bottom=28.0998683&select=node14129549532"
      }
    }, 
    {
      "type": "Feature", 
      "geometry": {
        "coordinates": [
          85.1762181, 
          27.9713013
        ], 
        "type": "Point"
      }, 
      "properties": {
        "severity": "Warnings", 
        "rule": "Duplicated nodes", 
        "message": "Mixed type duplicated nodes", 
        "object_id": "node/14137516396", 
        "josm_remote_url": "http://127.0.0.1:8111/zoom?left=85.1759181&right=85.1765181&top=27.9716013&bottom=27.9710013&select=node14137516396"
      }
    }, 
    {
      "type": "Feature", 
      "geometry": {
        "coordinates": [
          85.2472866, 
          28.0991841
        ], 
        "type": "Point"
      }, 
      "properties": {
        "severity": "Errors", 
        "rule": "Duplicated nodes", 
        "message": "Natural duplicated nodes", 
        "object_id": "node/8460713269", 
        "josm_remote_url": "http://127.0.0.1:8111/zoom?left=85.2469866&right=85.2475866&top=28.0994841&bottom=28.0988841&select=node8460713269"
      }
    }, 
    {
      "type": "Feature", 
      "geometry": {
        "coordinates": [
          85.1341757, 
          27.8818832
        ], 
        "type": "Point"
      }, 
      "properties": {
        "severity": "Warnings", 
        "rule": "Duplicated nodes", 
        "message": "Mixed type duplicated nodes", 
        "object_id": "node/3495025489", 
        "josm_remote_url": "http://127.0.0.1:8111/zoom?left=85.1338757&right=85.1344757&top=27.8821832&bottom=27.8815832&select=node3495025489"
      }
    }, 
    {
      "type": "Feature", 
      "geometry": {
        "coordinates": [
          85.1850674, 
          27.9751969
        ], 
        "type": "Point"
      }, 
      "properties": {
        "severity": "Warnings", 
        "rule": "Duplicated nodes", 
        "message": "Mixed type duplicated nodes", 
        "object_id": "node/8475908119", 
        "josm_remote_url": "http://127.0.0.1:8111/zoom?left=85.1847674&right=85.1853674&top=27.9754969&bottom=27.9748969&select=node8475908119"
      }
    }, 
    {
      "type": "Feature", 
      "geometry": {
        "coordinates": [
          85.2470559, 
          28.1011337
        ], 
        "type": "Point"
      }, 
      "properties": {
        "severity": "Errors", 
        "rule": "Duplicated nodes", 
        "message": "Natural duplicated nodes", 
        "object_id": "node/14129549545", 
        "josm_remote_url": "http://127.0.0.1:8111/zoom?left=85.2467559&right=85.2473559&top=28.1014337&bottom=28.1008337&select=node14129549545"
      }
    }, 
    {
      "type": "Feature", 
      "geometry": {
        "coordinates": [
          85.2086014, 
          28.0726908
        ], 
        "type": "Point"
      }, 
      "properties": {
        "severity": "Warnings", 
        "rule": "Duplicated nodes", 
        "message": "Mixed type duplicated nodes", 
        "object_id": "node/14137435347", 
        "josm_remote_url": "http://127.0.0.1:8111/zoom?left=85.2083014&right=85.2089014&top=28.0729908&bottom=28.0723908&select=node14137435347"
      }
    }, 
    {
      "type": "Feature", 
      "geometry": {
        "coordinates": [
          85.3004577, 
          28.1297003
        ], 
        "type": "Point"
      }, 
      "properties": {
        "severity": "Warnings", 
        "rule": "Duplicated nodes", 
        "message": "Mixed type duplicated nodes", 
        "object_id": "node/10315607341", 
        "josm_remote_url": "http://127.0.0.1:8111/zoom?left=85.3001577&right=85.3007577&top=28.1300003&bottom=28.1294003&select=node10315607341"
      }
    }, 
    {
      "type": "Feature", 
      "geometry": {
        "coordinates": [
          85.2475065, 
          28.1022362
        ], 
        "type": "Point"
      }, 
      "properties": {
        "severity": "Errors", 
        "rule": "Duplicated nodes", 
        "message": "Natural duplicated nodes", 
        "object_id": "node/8460714091", 
        "josm_remote_url": "http://127.0.0.1:8111/zoom?left=85.2472065&right=85.2478065&top=28.1025362&bottom=28.1019362&select=node8460714091"
      }
    }, 
    {
      "type": "Feature", 
      "geometry": {
        "coordinates": [
          85.2471471, 
          28.1032347
        ], 
        "type": "Point"
      }, 
      "properties": {
        "severity": "Errors", 
        "rule": "Duplicated nodes", 
        "message": "Natural duplicated nodes", 
        "object_id": "node/8460713670", 
        "josm_remote_url": "http://127.0.0.1:8111/zoom?left=85.2468471&right=85.2474471&top=28.1035347&bottom=28.1029347&select=node8460713670"
      }
    }, 
    {
      "type": "Feature", 
      "geometry": {
        "coordinates": [
          85.2479088, 
          28.1004712
        ], 
        "type": "Point"
      }, 
      "properties": {
        "severity": "Errors", 
        "rule": "Duplicated nodes", 
        "message": "Natural duplicated nodes", 
        "object_id": "node/14129549518", 
        "josm_remote_url": "http://127.0.0.1:8111/zoom?left=85.2476088&right=85.2482088&top=28.1007712&bottom=28.1001712&select=node14129549518"
      }
    }, 
    {
      "type": "Feature", 
      "geometry": {
        "coordinates": [
          85.1754881, 
          27.9693778
        ], 
        "type": "Point"
      }, 
      "properties": {
        "severity": "Warnings", 
        "rule": "Duplicated nodes", 
        "message": "Mixed type duplicated nodes", 
        "object_id": "node/14137516314", 
        "josm_remote_url": "http://127.0.0.1:8111/zoom?left=85.1751881&right=85.1757881&top=27.9696778&bottom=27.9690778&select=node14137516314"
      }
    }, 
    {
      "type": "Feature", 
      "geometry": {
        "coordinates": [
          85.2474904, 
          28.1021369
        ], 
        "type": "Point"
      }, 
      "properties": {
        "severity": "Errors", 
        "rule": "Duplicated nodes", 
        "message": "Natural duplicated nodes", 
        "object_id": "node/14129549505", 
        "josm_remote_url": "http://127.0.0.1:8111/zoom?left=85.2471904&right=85.2477904&top=28.1024369&bottom=28.1018369&select=node14129549505"
      }
    }, 
    {
      "type": "Feature", 
      "geometry": {
        "coordinates": [
          85.2480537, 
          28.1035186
        ], 
        "type": "Point"
      }, 
      "properties": {
        "severity": "Errors", 
        "rule": "Duplicated nodes", 
        "message": "Natural duplicated nodes", 
        "object_id": "node/14129529851", 
        "josm_remote_url": "http://127.0.0.1:8111/zoom?left=85.2477537&right=85.2483537&top=28.1038186&bottom=28.1032186&select=node14129529851"
      }
    }, 
    {
      "type": "Feature", 
      "geometry": {
        "coordinates": [
          85.2474689, 
          28.1007977
        ], 
        "type": "Point"
      }, 
      "properties": {
        "severity": "Errors", 
        "rule": "Duplicated nodes", 
        "message": "Natural duplicated nodes", 
        "object_id": "node/14129549541", 
        "josm_remote_url": "http://127.0.0.1:8111/zoom?left=85.2471689&right=85.2477689&top=28.1010977&bottom=28.1004977&select=node14129549541"
      }
    }, 
    {
      "type": "Feature", 
      "geometry": {
        "coordinates": [
          85.2770582, 
          28.1097119
        ], 
        "type": "Point"
      }, 
      "properties": {
        "severity": "Warnings", 
        "rule": "Duplicated nodes", 
        "message": "Mixed type duplicated nodes", 
        "object_id": "node/14132413660", 
        "josm_remote_url": "http://127.0.0.1:8111/zoom?left=85.2767582&right=85.2773582&top=28.1100119&bottom=28.1094119&select=node14132413660"
      }
    }, 
    {
      "type": "Feature", 
      "geometry": {
        "coordinates": [
          85.1743005, 
          27.969718
        ], 
        "type": "Point"
      }, 
      "properties": {
        "severity": "Warnings", 
        "rule": "Duplicated nodes", 
        "message": "Mixed type duplicated nodes", 
        "object_id": "node/3493214322", 
        "josm_remote_url": "http://127.0.0.1:8111/zoom?left=85.1740005&right=85.1746005&top=27.970018&bottom=27.969418&select=node3493214322"
      }
    }, 
    {
      "type": "Feature", 
      "geometry": {
        "coordinates": [
          85.1758613, 
          27.9722702
        ], 
        "type": "Point"
      }, 
      "properties": {
        "severity": "Warnings", 
        "rule": "Duplicated nodes", 
        "message": "Mixed type duplicated nodes", 
        "object_id": "node/14137516402", 
        "josm_remote_url": "http://127.0.0.1:8111/zoom?left=85.1755613&right=85.1761613&top=27.9725702&bottom=27.9719702&select=node14137516402"
      }
    }, 
    {
      "type": "Feature", 
      "geometry": {
        "coordinates": [
          85.2773442, 
          28.1106269
        ], 
        "type": "Point"
      }, 
      "properties": {
        "severity": "Warnings", 
        "rule": "Duplicated nodes", 
        "message": "Mixed type duplicated nodes", 
        "object_id": "node/14132413659", 
        "josm_remote_url": "http://127.0.0.1:8111/zoom?left=85.2770442&right=85.2776442&top=28.1109269&bottom=28.1103269&select=node14132413659"
      }
    }, 
    {
      "type": "Feature", 
      "geometry": {
        "coordinates": [
          85.2481931, 
          28.1030407
        ], 
        "type": "Point"
      }, 
      "properties": {
        "severity": "Errors", 
        "rule": "Duplicated nodes", 
        "message": "Natural duplicated nodes", 
        "object_id": "node/14129529842", 
        "josm_remote_url": "http://127.0.0.1:8111/zoom?left=85.2478931&right=85.2484931&top=28.1033407&bottom=28.1027407&select=node14129529842"
      }
    }, 
    {
      "type": "Feature", 
      "geometry": {
        "coordinates": [
          85.2476191, 
          28.100457
        ], 
        "type": "Point"
      }, 
      "properties": {
        "severity": "Errors", 
        "rule": "Duplicated nodes", 
        "message": "Natural duplicated nodes", 
        "object_id": "node/14129549535", 
        "josm_remote_url": "http://127.0.0.1:8111/zoom?left=85.2473191&right=85.2479191&top=28.100757&bottom=28.100157&select=node14129549535"
      }
    }, 
    {
      "type": "Feature", 
      "geometry": {
        "coordinates": [
          85.1745145, 
          27.9695684
        ], 
        "type": "Point"
      }, 
      "properties": {
        "severity": "Warnings", 
        "rule": "Duplicated nodes", 
        "message": "Mixed type duplicated nodes", 
        "object_id": "node/14137516417", 
        "josm_remote_url": "http://127.0.0.1:8111/zoom?left=85.1742145&right=85.1748145&top=27.9698684&bottom=27.9692684&select=node14137516417"
      }
    }, 
    {
      "type": "Feature", 
      "geometry": {
        "coordinates": [
          85.1285673, 
          27.8822346
        ], 
        "type": "Point"
      }, 
      "properties": {
        "severity": "Errors", 
        "rule": "Duplicated nodes", 
        "message": "Landuse duplicated nodes", 
        "object_id": "node/14137672450", 
        "josm_remote_url": "http://127.0.0.1:8111/zoom?left=85.1282673&right=85.1288673&top=27.8825346&bottom=27.8819346&select=node14137672450"
      }
    }, 
    {
      "type": "Feature", 
      "geometry": {
        "coordinates": [
          85.208553, 
          28.0724668
        ], 
        "type": "Point"
      }, 
      "properties": {
        "severity": "Warnings", 
        "rule": "Duplicated nodes", 
        "message": "Mixed type duplicated nodes", 
        "object_id": "node/14137435369", 
        "josm_remote_url": "http://127.0.0.1:8111/zoom?left=85.208253&right=85.208853&top=28.0727668&bottom=28.0721668&select=node14137435369"
      }
    }, 
    {
      "type": "Feature", 
      "geometry": {
        "coordinates": [
          85.1855236, 
          27.9752076
        ], 
        "type": "Point"
      }, 
      "properties": {
        "severity": "Warnings", 
        "rule": "Duplicated nodes", 
        "message": "Mixed type duplicated nodes", 
        "object_id": "node/3477100682", 
        "josm_remote_url": "http://127.0.0.1:8111/zoom?left=85.1852236&right=85.1858236&top=27.9755076&bottom=27.9749076&select=node3477100682"
      }
    }, 
    {
      "type": "Feature", 
      "geometry": {
        "coordinates": [
          85.1330193, 
          27.8848418
        ], 
        "type": "Point"
      }, 
      "properties": {
        "severity": "Warnings", 
        "rule": "Duplicated nodes", 
        "message": "Mixed type duplicated nodes", 
        "object_id": "node/14137672459", 
        "josm_remote_url": "http://127.0.0.1:8111/zoom?left=85.1327193&right=85.1333193&top=27.8851418&bottom=27.8845418&select=node14137672459"
      }
    }, 
    {
      "type": "Feature", 
      "geometry": {
        "coordinates": [
          85.2480537, 
          28.1028183
        ], 
        "type": "Point"
      }, 
      "properties": {
        "severity": "Errors", 
        "rule": "Duplicated nodes", 
        "message": "Natural duplicated nodes", 
        "object_id": "node/8460714108", 
        "josm_remote_url": "http://127.0.0.1:8111/zoom?left=85.2477537&right=85.2483537&top=28.1031183&bottom=28.1025183&select=node8460714108"
      }
    }, 
    {
      "type": "Feature", 
      "geometry": {
        "coordinates": [
          85.1731283, 
          27.9708395
        ], 
        "type": "Point"
      }, 
      "properties": {
        "severity": "Warnings", 
        "rule": "Duplicated nodes", 
        "message": "Mixed type duplicated nodes", 
        "object_id": "node/14137516405", 
        "josm_remote_url": "http://127.0.0.1:8111/zoom?left=85.1728283&right=85.1734283&top=27.9711395&bottom=27.9705395&select=node14137516405"
      }
    }, 
    {
      "type": "Feature", 
      "geometry": {
        "coordinates": [
          85.2478123, 
          28.1007504
        ], 
        "type": "Point"
      }, 
      "properties": {
        "severity": "Errors", 
        "rule": "Duplicated nodes", 
        "message": "Natural duplicated nodes", 
        "object_id": "node/14129549526", 
        "josm_remote_url": "http://127.0.0.1:8111/zoom?left=85.2475123&right=85.2481123&top=28.1010504&bottom=28.1004504&select=node14129549526"
      }
    }, 
    {
      "type": "Feature", 
      "geometry": {
        "coordinates": [
          85.1754064, 
          27.9729476
        ], 
        "type": "Point"
      }, 
      "properties": {
        "severity": "Warnings", 
        "rule": "Duplicated nodes", 
        "message": "Mixed type duplicated nodes", 
        "object_id": "node/3493214383", 
        "josm_remote_url": "http://127.0.0.1:8111/zoom?left=85.1751064&right=85.1757064&top=27.9732476&bottom=27.9726476&select=node3493214383"
      }
    }, 
    {
      "type": "Feature", 
      "geometry": {
        "coordinates": [
          85.2477103, 
          28.1025296
        ], 
        "type": "Point"
      }, 
      "properties": {
        "severity": "Errors", 
        "rule": "Duplicated nodes", 
        "message": "Natural duplicated nodes", 
        "object_id": "node/14129529881", 
        "josm_remote_url": "http://127.0.0.1:8111/zoom?left=85.2474103&right=85.2480103&top=28.1028296&bottom=28.1022296&select=node14129529881"
      }
    }, 
    {
      "type": "Feature", 
      "geometry": {
        "coordinates": [
          85.2477157, 
          28.1024823
        ], 
        "type": "Point"
      }, 
      "properties": {
        "severity": "Errors", 
        "rule": "Duplicated nodes", 
        "message": "Natural duplicated nodes", 
        "object_id": "node/14129529880", 
        "josm_remote_url": "http://127.0.0.1:8111/zoom?left=85.2474157&right=85.2480157&top=28.1027823&bottom=28.1021823&select=node14129529880"
      }
    }, 
    {
      "type": "Feature", 
      "geometry": {
        "coordinates": [
          85.1850995, 
          27.9751235
        ], 
        "type": "Point"
      }, 
      "properties": {
        "severity": "Warnings", 
        "rule": "Duplicated nodes", 
        "message": "Mixed type duplicated nodes", 
        "object_id": "node/14138281487", 
        "josm_remote_url": "http://127.0.0.1:8111/zoom?left=85.1847995&right=85.1853995&top=27.9754235&bottom=27.9748235&select=node14138281487"
      }
    }, 
    {
      "type": "Feature", 
      "geometry": {
        "coordinates": [
          85.2471203, 
          28.1010532
        ], 
        "type": "Point"
      }, 
      "properties": {
        "severity": "Errors", 
        "rule": "Duplicated nodes", 
        "message": "Natural duplicated nodes", 
        "object_id": "node/14129549544", 
        "josm_remote_url": "http://127.0.0.1:8111/zoom?left=85.2468203&right=85.2474203&top=28.1013532&bottom=28.1007532&select=node14129549544"
      }
    }, 
    {
      "type": "Feature", 
      "geometry": {
        "coordinates": [
          85.2476782, 
          28.1023782
        ], 
        "type": "Point"
      }, 
      "properties": {
        "severity": "Errors", 
        "rule": "Duplicated nodes", 
        "message": "Natural duplicated nodes", 
        "object_id": "node/14129549506", 
        "josm_remote_url": "http://127.0.0.1:8111/zoom?left=85.2473782&right=85.2479782&top=28.1026782&bottom=28.1020782&select=node14129549506"
      }
    }, 
    {
      "type": "Feature", 
      "geometry": {
        "coordinates": [
          85.2475226, 
          28.1020233
        ], 
        "type": "Point"
      }, 
      "properties": {
        "severity": "Errors", 
        "rule": "Duplicated nodes", 
        "message": "Natural duplicated nodes", 
        "object_id": "node/14129529899", 
        "josm_remote_url": "http://127.0.0.1:8111/zoom?left=85.2472226&right=85.2478226&top=28.1023233&bottom=28.1017233&select=node14129529899"
      }
    }, 
    {
      "type": "Feature", 
      "geometry": {
        "coordinates": [
          85.1325633, 
          27.8843629
        ], 
        "type": "Point"
      }, 
      "properties": {
        "severity": "Warnings", 
        "rule": "Duplicated nodes", 
        "message": "Mixed type duplicated nodes", 
        "object_id": "node/14137672467", 
        "josm_remote_url": "http://127.0.0.1:8111/zoom?left=85.1322633&right=85.1328633&top=27.8846629&bottom=27.8840629&select=node14137672467"
      }
    }, 
    {
      "type": "Feature", 
      "geometry": {
        "coordinates": [
          85.2481878, 
          28.103159
        ], 
        "type": "Point"
      }, 
      "properties": {
        "severity": "Errors", 
        "rule": "Duplicated nodes", 
        "message": "Natural duplicated nodes", 
        "object_id": "node/8460714115", 
        "josm_remote_url": "http://127.0.0.1:8111/zoom?left=85.2478878&right=85.2484878&top=28.103459&bottom=28.102859&select=node8460714115"
      }
    }, 
    {
      "type": "Feature", 
      "geometry": {
        "coordinates": [
          85.2478874, 
          28.103424
        ], 
        "type": "Point"
      }, 
      "properties": {
        "severity": "Errors", 
        "rule": "Duplicated nodes", 
        "message": "Natural duplicated nodes", 
        "object_id": "node/14129529855", 
        "josm_remote_url": "http://127.0.0.1:8111/zoom?left=85.2475874&right=85.2481874&top=28.103724&bottom=28.103124&select=node14129529855"
      }
    }, 
    {
      "type": "Feature", 
      "geometry": {
        "coordinates": [
          85.2086286, 
          28.0728481
        ], 
        "type": "Point"
      }, 
      "properties": {
        "severity": "Warnings", 
        "rule": "Duplicated nodes", 
        "message": "Mixed type duplicated nodes", 
        "object_id": "node/14137435368", 
        "josm_remote_url": "http://127.0.0.1:8111/zoom?left=85.2083286&right=85.2089286&top=28.0731481&bottom=28.0725481&select=node14137435368"
      }
    }, 
    {
      "type": "Feature", 
      "geometry": {
        "coordinates": [
          85.1326867, 
          27.8846379
        ], 
        "type": "Point"
      }, 
      "properties": {
        "severity": "Warnings", 
        "rule": "Duplicated nodes", 
        "message": "Mixed type duplicated nodes", 
        "object_id": "node/14137672460", 
        "josm_remote_url": "http://127.0.0.1:8111/zoom?left=85.1323867&right=85.1329867&top=27.8849379&bottom=27.8843379&select=node14137672460"
      }
    }, 
    {
      "type": "Feature", 
      "geometry": {
        "coordinates": [
          85.2477533, 
          28.1028656
        ], 
        "type": "Point"
      }, 
      "properties": {
        "severity": "Errors", 
        "rule": "Duplicated nodes", 
        "message": "Natural duplicated nodes", 
        "object_id": "node/8460714103", 
        "josm_remote_url": "http://127.0.0.1:8111/zoom?left=85.2474533&right=85.2480533&top=28.1031656&bottom=28.1025656&select=node8460714103"
      }
    }, 
    {
      "type": "Feature", 
      "geometry": {
        "coordinates": [
          85.2469861, 
          28.1022646
        ], 
        "type": "Point"
      }, 
      "properties": {
        "severity": "Errors", 
        "rule": "Duplicated nodes", 
        "message": "Natural duplicated nodes", 
        "object_id": "node/8460713308", 
        "josm_remote_url": "http://127.0.0.1:8111/zoom?left=85.2466861&right=85.2472861&top=28.1025646&bottom=28.1019646&select=node8460713308"
      }
    }, 
    {
      "type": "Feature", 
      "geometry": {
        "coordinates": [
          85.2481824, 
          28.1029271
        ], 
        "type": "Point"
      }, 
      "properties": {
        "severity": "Errors", 
        "rule": "Duplicated nodes", 
        "message": "Natural duplicated nodes", 
        "object_id": "node/8460714111", 
        "josm_remote_url": "http://127.0.0.1:8111/zoom?left=85.2478824&right=85.2484824&top=28.1032271&bottom=28.1026271&select=node8460714111"
      }
    }, 
    {
      "type": "Feature", 
      "geometry": {
        "coordinates": [
          85.2477264, 
          28.1031968
        ], 
        "type": "Point"
      }, 
      "properties": {
        "severity": "Errors", 
        "rule": "Duplicated nodes", 
        "message": "Natural duplicated nodes", 
        "object_id": "node/14129529829", 
        "josm_remote_url": "http://127.0.0.1:8111/zoom?left=85.2474264&right=85.2480264&top=28.1034968&bottom=28.1028968&select=node14129529829"
      }
    }, 
    {
      "type": "Feature", 
      "geometry": {
        "coordinates": [
          85.2473187, 
          28.0992834
        ], 
        "type": "Point"
      }, 
      "properties": {
        "severity": "Errors", 
        "rule": "Duplicated nodes", 
        "message": "Natural duplicated nodes", 
        "object_id": "node/14129529864", 
        "josm_remote_url": "http://127.0.0.1:8111/zoom?left=85.2470187&right=85.2476187&top=28.0995834&bottom=28.0989834&select=node14129529864"
      }
    }, 
    {
      "type": "Feature", 
      "geometry": {
        "coordinates": [
          85.2476942, 
          28.1026716
        ], 
        "type": "Point"
      }, 
      "properties": {
        "severity": "Errors", 
        "rule": "Duplicated nodes", 
        "message": "Natural duplicated nodes", 
        "object_id": "node/14129529884", 
        "josm_remote_url": "http://127.0.0.1:8111/zoom?left=85.2473942&right=85.2479942&top=28.1029716&bottom=28.1023716&select=node14129529884"
      }
    }, 
    {
      "type": "Feature", 
      "geometry": {
        "coordinates": [
          85.2475333, 
          28.1002819
        ], 
        "type": "Point"
      }, 
      "properties": {
        "severity": "Errors", 
        "rule": "Duplicated nodes", 
        "message": "Natural duplicated nodes", 
        "object_id": "node/14129549531", 
        "josm_remote_url": "http://127.0.0.1:8111/zoom?left=85.2472333&right=85.2478333&top=28.1005819&bottom=28.0999819&select=node14129549531"
      }
    }, 
    {
      "type": "Feature", 
      "geometry": {
        "coordinates": [
          85.2476835, 
          28.1031022
        ], 
        "type": "Point"
      }, 
      "properties": {
        "severity": "Errors", 
        "rule": "Duplicated nodes", 
        "message": "Natural duplicated nodes", 
        "object_id": "node/8460714133", 
        "josm_remote_url": "http://127.0.0.1:8111/zoom?left=85.2473835&right=85.2479835&top=28.1034022&bottom=28.1028022&select=node8460714133"
      }
    }, 
    {
      "type": "Feature", 
      "geometry": {
        "coordinates": [
          85.2476299, 
          28.1030643
        ], 
        "type": "Point"
      }, 
      "properties": {
        "severity": "Errors", 
        "rule": "Duplicated nodes", 
        "message": "Natural duplicated nodes", 
        "object_id": "node/14129529832", 
        "josm_remote_url": "http://127.0.0.1:8111/zoom?left=85.2473299&right=85.2479299&top=28.1033643&bottom=28.1027643&select=node14129529832"
      }
    }, 
    {
      "type": "Feature", 
      "geometry": {
        "coordinates": [
          85.1277037, 
          27.8811156
        ], 
        "type": "Point"
      }, 
      "properties": {
        "severity": "Errors", 
        "rule": "Duplicated nodes", 
        "message": "Landuse duplicated nodes", 
        "object_id": "node/14137672455", 
        "josm_remote_url": "http://127.0.0.1:8111/zoom?left=85.1274037&right=85.1280037&top=27.8814156&bottom=27.8808156&select=node14137672455"
      }
    }, 
    {
      "type": "Feature", 
      "geometry": {
        "coordinates": [
          85.1761378, 
          27.9708523
        ], 
        "type": "Point"
      }, 
      "properties": {
        "severity": "Warnings", 
        "rule": "Duplicated nodes", 
        "message": "Mixed type duplicated nodes", 
        "object_id": "node/14137516398", 
        "josm_remote_url": "http://127.0.0.1:8111/zoom?left=85.1758378&right=85.1764378&top=27.9711523&bottom=27.9705523&select=node14137516398"
      }
    }, 
    {
      "type": "Feature", 
      "geometry": {
        "coordinates": [
          85.2475011, 
          28.1030454
        ], 
        "type": "Point"
      }, 
      "properties": {
        "severity": "Errors", 
        "rule": "Duplicated nodes", 
        "message": "Natural duplicated nodes", 
        "object_id": "node/8460714136", 
        "josm_remote_url": "http://127.0.0.1:8111/zoom?left=85.2472011&right=85.2478011&top=28.1033454&bottom=28.1027454&select=node8460714136"
      }
    }, 
    {
      "type": "Feature", 
      "geometry": {
        "coordinates": [
          85.1286606, 
          27.8821755
        ], 
        "type": "Point"
      }, 
      "properties": {
        "severity": "Errors", 
        "rule": "Duplicated nodes", 
        "message": "Landuse duplicated nodes", 
        "object_id": "node/3495025433", 
        "josm_remote_url": "http://127.0.0.1:8111/zoom?left=85.1283606&right=85.1289606&top=27.8824755&bottom=27.8818755&select=node3495025433"
      }
    }, 
    {
      "type": "Feature", 
      "geometry": {
        "coordinates": [
          85.2470666, 
          28.1011857
        ], 
        "type": "Point"
      }, 
      "properties": {
        "severity": "Errors", 
        "rule": "Duplicated nodes", 
        "message": "Natural duplicated nodes", 
        "object_id": "node/8460713294", 
        "josm_remote_url": "http://127.0.0.1:8111/zoom?left=85.2467666&right=85.2473666&top=28.1014857&bottom=28.1008857&select=node8460713294"
      }
    }, 
    {
      "type": "Feature", 
      "geometry": {
        "coordinates": [
          85.2470505, 
          28.0989995
        ], 
        "type": "Point"
      }, 
      "properties": {
        "severity": "Errors", 
        "rule": "Duplicated nodes", 
        "message": "Natural duplicated nodes", 
        "object_id": "node/8460713266", 
        "josm_remote_url": "http://127.0.0.1:8111/zoom?left=85.2467505&right=85.2473505&top=28.0992995&bottom=28.0986995&select=node8460713266"
      }
    }, 
    {
      "type": "Feature", 
      "geometry": {
        "coordinates": [
          85.1278592, 
          27.88131
        ], 
        "type": "Point"
      }, 
      "properties": {
        "severity": "Errors", 
        "rule": "Duplicated nodes", 
        "message": "Landuse duplicated nodes", 
        "object_id": "node/3495025388", 
        "josm_remote_url": "http://127.0.0.1:8111/zoom?left=85.1275592&right=85.1281592&top=27.88161&bottom=27.88101&select=node3495025388"
      }
    }, 
    {
      "type": "Feature", 
      "geometry": {
        "coordinates": [
          85.2480053, 
          28.100386
        ], 
        "type": "Point"
      }, 
      "properties": {
        "severity": "Errors", 
        "rule": "Duplicated nodes", 
        "message": "Natural duplicated nodes", 
        "object_id": "node/8460716420", 
        "josm_remote_url": "http://127.0.0.1:8111/zoom?left=85.2477053&right=85.2483053&top=28.100686&bottom=28.100086&select=node8460716420"
      }
    }, 
    {
      "type": "Feature", 
      "geometry": {
        "coordinates": [
          85.2473724, 
          28.1031258
        ], 
        "type": "Point"
      }, 
      "properties": {
        "severity": "Errors", 
        "rule": "Duplicated nodes", 
        "message": "Natural duplicated nodes", 
        "object_id": "node/8460713262", 
        "josm_remote_url": "http://127.0.0.1:8111/zoom?left=85.2470724&right=85.2476724&top=28.1034258&bottom=28.1028258&select=node8460713262"
      }
    }, 
    {
      "type": "Feature", 
      "geometry": {
        "coordinates": [
          85.1848124, 
          27.9750986
        ], 
        "type": "Point"
      }, 
      "properties": {
        "severity": "Warnings", 
        "rule": "Duplicated nodes", 
        "message": "Mixed type duplicated nodes", 
        "object_id": "node/3477100680", 
        "josm_remote_url": "http://127.0.0.1:8111/zoom?left=85.1845124&right=85.1851124&top=27.9753986&bottom=27.9747986&select=node3477100680"
      }
    }, 
    {
      "type": "Feature", 
      "geometry": {
        "coordinates": [
          85.2097617, 
          28.0744211
        ], 
        "type": "Point"
      }, 
      "properties": {
        "severity": "Warnings", 
        "rule": "Duplicated nodes", 
        "message": "Mixed type duplicated nodes", 
        "object_id": "node/14137435363", 
        "josm_remote_url": "http://127.0.0.1:8111/zoom?left=85.2094617&right=85.2100617&top=28.0747211&bottom=28.0741211&select=node14137435363"
      }
    }, 
    {
      "type": "Feature", 
      "geometry": {
        "coordinates": [
          85.2475494, 
          28.1014081
        ], 
        "type": "Point"
      }, 
      "properties": {
        "severity": "Errors", 
        "rule": "Duplicated nodes", 
        "message": "Natural duplicated nodes", 
        "object_id": "node/14129529896", 
        "josm_remote_url": "http://127.0.0.1:8111/zoom?left=85.2472494&right=85.2478494&top=28.1017081&bottom=28.1011081&select=node14129529896"
      }
    }, 
    {
      "type": "Feature", 
      "geometry": {
        "coordinates": [
          85.1331534, 
          27.885041
        ], 
        "type": "Point"
      }, 
      "properties": {
        "severity": "Warnings", 
        "rule": "Duplicated nodes", 
        "message": "Mixed type duplicated nodes", 
        "object_id": "node/14137672470", 
        "josm_remote_url": "http://127.0.0.1:8111/zoom?left=85.1328534&right=85.1334534&top=27.885341&bottom=27.884741&select=node14137672470"
      }
    }, 
    {
      "type": "Feature", 
      "geometry": {
        "coordinates": [
          85.1748178, 
          27.9694896
        ], 
        "type": "Point"
      }, 
      "properties": {
        "severity": "Warnings", 
        "rule": "Duplicated nodes", 
        "message": "Mixed type duplicated nodes", 
        "object_id": "node/14137516406", 
        "josm_remote_url": "http://127.0.0.1:8111/zoom?left=85.1745178&right=85.1751178&top=27.9697896&bottom=27.9691896&select=node14137516406"
      }
    }, 
    {
      "type": "Feature", 
      "geometry": {
        "coordinates": [
          85.1276025, 
          27.8807597
        ], 
        "type": "Point"
      }, 
      "properties": {
        "severity": "Errors", 
        "rule": "Duplicated nodes", 
        "message": "Landuse duplicated nodes", 
        "object_id": "node/3495025629", 
        "josm_remote_url": "http://127.0.0.1:8111/zoom?left=85.1273025&right=85.1279025&top=27.8810597&bottom=27.8804597&select=node3495025629"
      }
    }, 
    {
      "type": "Feature", 
      "geometry": {
        "coordinates": [
          85.1271257, 
          27.8652896
        ], 
        "type": "Point"
      }, 
      "properties": {
        "severity": "Errors", 
        "rule": "Duplicated nodes", 
        "message": "Landuse duplicated nodes", 
        "object_id": "node/14138670700", 
        "josm_remote_url": "http://127.0.0.1:8111/zoom?left=85.1268257&right=85.1274257&top=27.8655896&bottom=27.8649896&select=node14138670700"
      }
    }, 
    {
      "type": "Feature", 
      "geometry": {
        "coordinates": [
          85.1734947, 
          27.9711507
        ], 
        "type": "Point"
      }, 
      "properties": {
        "severity": "Warnings", 
        "rule": "Duplicated nodes", 
        "message": "Mixed type duplicated nodes", 
        "object_id": "node/14137516413", 
        "josm_remote_url": "http://127.0.0.1:8111/zoom?left=85.1731947&right=85.1737947&top=27.9714507&bottom=27.9708507&select=node14137516413"
      }
    }, 
    {
      "type": "Feature", 
      "geometry": {
        "coordinates": [
          85.1274027, 
          27.8757139
        ], 
        "type": "Point"
      }, 
      "properties": {
        "severity": "Errors", 
        "rule": "Duplicated nodes", 
        "message": "Landuse duplicated nodes", 
        "object_id": "node/14137672436", 
        "josm_remote_url": "http://127.0.0.1:8111/zoom?left=85.1271027&right=85.1277027&top=27.8760139&bottom=27.8754139&select=node14137672436"
      }
    }, 
    {
      "type": "Feature", 
      "geometry": {
        "coordinates": [
          85.1282776, 
          27.8824433
        ], 
        "type": "Point"
      }, 
      "properties": {
        "severity": "Errors", 
        "rule": "Duplicated nodes", 
        "message": "Landuse duplicated nodes", 
        "object_id": "node/14137672443", 
        "josm_remote_url": "http://127.0.0.1:8111/zoom?left=85.1279776&right=85.1285776&top=27.8827433&bottom=27.8821433&select=node14137672443"
      }
    }, 
    {
      "type": "Feature", 
      "geometry": {
        "coordinates": [
          85.1284694, 
          27.8762427
        ], 
        "type": "Point"
      }, 
      "properties": {
        "severity": "Errors", 
        "rule": "Duplicated nodes", 
        "message": "Landuse duplicated nodes", 
        "object_id": "node/3495025408", 
        "josm_remote_url": "http://127.0.0.1:8111/zoom?left=85.1281694&right=85.1287694&top=27.8765427&bottom=27.8759427&select=node3495025408"
      }
    }, 
    {
      "type": "Feature", 
      "geometry": {
        "coordinates": [
          85.1278962, 
          27.8799958
        ], 
        "type": "Point"
      }, 
      "properties": {
        "severity": "Errors", 
        "rule": "Duplicated nodes", 
        "message": "Landuse duplicated nodes", 
        "object_id": "node/3495025471", 
        "josm_remote_url": "http://127.0.0.1:8111/zoom?left=85.1275962&right=85.1281962&top=27.8802958&bottom=27.8796958&select=node3495025471"
      }
    }, 
    {
      "type": "Feature", 
      "geometry": {
        "coordinates": [
          85.2472705, 
          28.1009775
        ], 
        "type": "Point"
      }, 
      "properties": {
        "severity": "Errors", 
        "rule": "Duplicated nodes", 
        "message": "Natural duplicated nodes", 
        "object_id": "node/8460713291", 
        "josm_remote_url": "http://127.0.0.1:8111/zoom?left=85.2469705&right=85.2475705&top=28.1012775&bottom=28.1006775&select=node8460713291"
      }
    }, 
    {
      "type": "Feature", 
      "geometry": {
        "coordinates": [
          85.2481931, 
          28.103211
        ], 
        "type": "Point"
      }, 
      "properties": {
        "severity": "Errors", 
        "rule": "Duplicated nodes", 
        "message": "Natural duplicated nodes", 
        "object_id": "node/8460714116", 
        "josm_remote_url": "http://127.0.0.1:8111/zoom?left=85.2478931&right=85.2484931&top=28.103511&bottom=28.102911&select=node8460714116"
      }
    }, 
    {
      "type": "Feature", 
      "geometry": {
        "coordinates": [
          85.1734353, 
          27.9688279
        ], 
        "type": "Point"
      }, 
      "properties": {
        "severity": "Warnings", 
        "rule": "Duplicated nodes", 
        "message": "Mixed type duplicated nodes", 
        "object_id": "node/3493214299", 
        "josm_remote_url": "http://127.0.0.1:8111/zoom?left=85.1731353&right=85.1737353&top=27.9691279&bottom=27.9685279&select=node3493214299"
      }
    }, 
    {
      "type": "Feature", 
      "geometry": {
        "coordinates": [
          85.2477103, 
          28.1025769
        ], 
        "type": "Point"
      }, 
      "properties": {
        "severity": "Errors", 
        "rule": "Duplicated nodes", 
        "message": "Natural duplicated nodes", 
        "object_id": "node/8460714098", 
        "josm_remote_url": "http://127.0.0.1:8111/zoom?left=85.2474103&right=85.2480103&top=28.1028769&bottom=28.1022769&select=node8460714098"
      }
    }, 
    {
      "type": "Feature", 
      "geometry": {
        "coordinates": [
          85.2473938, 
          28.103088
        ], 
        "type": "Point"
      }, 
      "properties": {
        "severity": "Errors", 
        "rule": "Duplicated nodes", 
        "message": "Natural duplicated nodes", 
        "object_id": "node/8460714138", 
        "josm_remote_url": "http://127.0.0.1:8111/zoom?left=85.2470938&right=85.2476938&top=28.103388&bottom=28.102788&select=node8460714138"
      }
    }, 
    {
      "type": "Feature", 
      "geometry": {
        "coordinates": [
          85.1848796, 
          27.9752159
        ], 
        "type": "Point"
      }, 
      "properties": {
        "severity": "Warnings", 
        "rule": "Duplicated nodes", 
        "message": "Mixed type duplicated nodes", 
        "object_id": "node/14138281495", 
        "josm_remote_url": "http://127.0.0.1:8111/zoom?left=85.1845796&right=85.1851796&top=27.9755159&bottom=27.9749159&select=node14138281495"
      }
    }, 
    {
      "type": "Feature", 
      "geometry": {
        "coordinates": [
          85.183906, 
          27.9753012
        ], 
        "type": "Point"
      }, 
      "properties": {
        "severity": "Warnings", 
        "rule": "Duplicated nodes", 
        "message": "Mixed type duplicated nodes", 
        "object_id": "node/8476079938", 
        "josm_remote_url": "http://127.0.0.1:8111/zoom?left=85.183606&right=85.184206&top=27.9756012&bottom=27.9750012&select=node8476079938"
      }
    }, 
    {
      "type": "Feature", 
      "geometry": {
        "coordinates": [
          85.1721447, 
          27.9698298
        ], 
        "type": "Point"
      }, 
      "properties": {
        "severity": "Warnings", 
        "rule": "Duplicated nodes", 
        "message": "Mixed type duplicated nodes", 
        "object_id": "node/3487790704", 
        "josm_remote_url": "http://127.0.0.1:8111/zoom?left=85.1718447&right=85.1724447&top=27.9701298&bottom=27.9695298&select=node3487790704"
      }
    }, 
    {
      "type": "Feature", 
      "geometry": {
        "coordinates": [
          85.357753, 
          28.2859537
        ], 
        "type": "Point"
      }, 
      "properties": {
        "severity": "Errors", 
        "rule": "Duplicated nodes", 
        "message": "Natural duplicated nodes", 
        "object_id": "node/3487247048", 
        "josm_remote_url": "http://127.0.0.1:8111/zoom?left=85.357453&right=85.358053&top=28.2862537&bottom=28.2856537&select=node3487247048"
      }
    }, 
    {
      "type": "Feature", 
      "geometry": {
        "coordinates": [
          85.1730593, 
          27.9691476
        ], 
        "type": "Point"
      }, 
      "properties": {
        "severity": "Warnings", 
        "rule": "Duplicated nodes", 
        "message": "Mixed type duplicated nodes", 
        "object_id": "node/3487790702", 
        "josm_remote_url": "http://127.0.0.1:8111/zoom?left=85.1727593&right=85.1733593&top=27.9694476&bottom=27.9688476&select=node3487790702"
      }
    }, 
    {
      "type": "Feature", 
      "geometry": {
        "coordinates": [
          85.2477318, 
          28.1033199
        ], 
        "type": "Point"
      }, 
      "properties": {
        "severity": "Errors", 
        "rule": "Duplicated nodes", 
        "message": "Natural duplicated nodes", 
        "object_id": "node/14129529828", 
        "josm_remote_url": "http://127.0.0.1:8111/zoom?left=85.2474318&right=85.2480318&top=28.1036199&bottom=28.1030199&select=node14129529828"
      }
    }, 
    {
      "type": "Feature", 
      "geometry": {
        "coordinates": [
          85.1282133, 
          27.8760893
        ], 
        "type": "Point"
      }, 
      "properties": {
        "severity": "Errors", 
        "rule": "Duplicated nodes", 
        "message": "Landuse duplicated nodes", 
        "object_id": "node/14137672458", 
        "josm_remote_url": "http://127.0.0.1:8111/zoom?left=85.1279133&right=85.1285133&top=27.8763893&bottom=27.8757893&select=node14137672458"
      }
    }, 
    {
      "type": "Feature", 
      "geometry": {
        "coordinates": [
          85.1759823, 
          27.9697229
        ], 
        "type": "Point"
      }, 
      "properties": {
        "severity": "Warnings", 
        "rule": "Duplicated nodes", 
        "message": "Mixed type duplicated nodes", 
        "object_id": "node/14137516326", 
        "josm_remote_url": "http://127.0.0.1:8111/zoom?left=85.1756823&right=85.1762823&top=27.9700229&bottom=27.9694229&select=node14137516326"
      }
    }, 
    {
      "type": "Feature", 
      "geometry": {
        "coordinates": [
          85.1355037, 
          27.8726868
        ], 
        "type": "Point"
      }, 
      "properties": {
        "severity": "Warnings", 
        "rule": "Duplicated nodes", 
        "message": "Mixed type duplicated nodes", 
        "object_id": "node/14127931549", 
        "josm_remote_url": "http://127.0.0.1:8111/zoom?left=85.1352037&right=85.1358037&top=27.8729868&bottom=27.8723868&select=node14127931549"
      }
    }, 
    {
      "type": "Feature", 
      "geometry": {
        "coordinates": [
          85.2478069, 
          28.102894
        ], 
        "type": "Point"
      }, 
      "properties": {
        "severity": "Errors", 
        "rule": "Duplicated nodes", 
        "message": "Natural duplicated nodes", 
        "object_id": "node/8460714104", 
        "josm_remote_url": "http://127.0.0.1:8111/zoom?left=85.2475069&right=85.2481069&top=28.103194&bottom=28.102594&select=node8460714104"
      }
    }, 
    {
      "type": "Feature", 
      "geometry": {
        "coordinates": [
          85.2481878, 
          28.1033199
        ], 
        "type": "Point"
      }, 
      "properties": {
        "severity": "Errors", 
        "rule": "Duplicated nodes", 
        "message": "Natural duplicated nodes", 
        "object_id": "node/8460714118", 
        "josm_remote_url": "http://127.0.0.1:8111/zoom?left=85.2478878&right=85.2484878&top=28.1036199&bottom=28.1030199&select=node8460714118"
      }
    }, 
    {
      "type": "Feature", 
      "geometry": {
        "coordinates": [
          85.2472124, 
          28.0987819
        ], 
        "type": "Point"
      }, 
      "properties": {
        "severity": "Errors", 
        "rule": "Duplicated nodes", 
        "message": "Natural duplicated nodes", 
        "object_id": "node/14129529875", 
        "josm_remote_url": "http://127.0.0.1:8111/zoom?left=85.2469124&right=85.2475124&top=28.0990819&bottom=28.0984819&select=node14129529875"
      }
    }, 
    {
      "type": "Feature", 
      "geometry": {
        "coordinates": [
          85.2477157, 
          28.1031448
        ], 
        "type": "Point"
      }, 
      "properties": {
        "severity": "Errors", 
        "rule": "Duplicated nodes", 
        "message": "Natural duplicated nodes", 
        "object_id": "node/8460714132", 
        "josm_remote_url": "http://127.0.0.1:8111/zoom?left=85.2474157&right=85.2480157&top=28.1034448&bottom=28.1028448&select=node8460714132"
      }
    }, 
    {
      "type": "Feature", 
      "geometry": {
        "coordinates": [
          85.2481878, 
          28.1032631
        ], 
        "type": "Point"
      }, 
      "properties": {
        "severity": "Errors", 
        "rule": "Duplicated nodes", 
        "message": "Natural duplicated nodes", 
        "object_id": "node/8460714117", 
        "josm_remote_url": "http://127.0.0.1:8111/zoom?left=85.2478878&right=85.2484878&top=28.1035631&bottom=28.1029631&select=node8460714117"
      }
    }, 
    {
      "type": "Feature", 
      "geometry": {
        "coordinates": [
          85.1751121, 
          27.969655
        ], 
        "type": "Point"
      }, 
      "properties": {
        "severity": "Warnings", 
        "rule": "Duplicated nodes", 
        "message": "Mixed type duplicated nodes", 
        "object_id": "node/3493214320", 
        "josm_remote_url": "http://127.0.0.1:8111/zoom?left=85.1748121&right=85.1754121&top=27.969955&bottom=27.969355&select=node3493214320"
      }
    }, 
    {
      "type": "Feature", 
      "geometry": {
        "coordinates": [
          85.2477103, 
          28.1024255
        ], 
        "type": "Point"
      }, 
      "properties": {
        "severity": "Errors", 
        "rule": "Duplicated nodes", 
        "message": "Natural duplicated nodes", 
        "object_id": "node/8460714095", 
        "josm_remote_url": "http://127.0.0.1:8111/zoom?left=85.2474103&right=85.2480103&top=28.1027255&bottom=28.1021255&select=node8460714095"
      }
    }, 
    {
      "type": "Feature", 
      "geometry": {
        "coordinates": [
          85.2098402, 
          28.0744771
        ], 
        "type": "Point"
      }, 
      "properties": {
        "severity": "Warnings", 
        "rule": "Duplicated nodes", 
        "message": "Mixed type duplicated nodes", 
        "object_id": "node/9533742187", 
        "josm_remote_url": "http://127.0.0.1:8111/zoom?left=85.2095402&right=85.2101402&top=28.0747771&bottom=28.0741771&select=node9533742187"
      }
    }, 
    {
      "type": "Feature", 
      "geometry": {
        "coordinates": [
          85.209665, 
          28.0743038
        ], 
        "type": "Point"
      }, 
      "properties": {
        "severity": "Warnings", 
        "rule": "Duplicated nodes", 
        "message": "Mixed type duplicated nodes", 
        "object_id": "node/8475517387", 
        "josm_remote_url": "http://127.0.0.1:8111/zoom?left=85.209365&right=85.209965&top=28.0746038&bottom=28.0740038&select=node8475517387"
      }
    }, 
    {
      "type": "Feature", 
      "geometry": {
        "coordinates": [
          85.247646, 
          28.1010438
        ], 
        "type": "Point"
      }, 
      "properties": {
        "severity": "Errors", 
        "rule": "Duplicated nodes", 
        "message": "Natural duplicated nodes", 
        "object_id": "node/8460714077", 
        "josm_remote_url": "http://127.0.0.1:8111/zoom?left=85.247346&right=85.247946&top=28.1013438&bottom=28.1007438&select=node8460714077"
      }
    }, 
    {
      "type": "Feature", 
      "geometry": {
        "coordinates": [
          85.1747408, 
          27.9684317
        ], 
        "type": "Point"
      }, 
      "properties": {
        "severity": "Warnings", 
        "rule": "Duplicated nodes", 
        "message": "Mixed type duplicated nodes", 
        "object_id": "node/14137516320", 
        "josm_remote_url": "http://127.0.0.1:8111/zoom?left=85.1744408&right=85.1750408&top=27.9687317&bottom=27.9681317&select=node14137516320"
      }
    }, 
    {
      "type": "Feature", 
      "geometry": {
        "coordinates": [
          85.2470666, 
          28.0988149
        ], 
        "type": "Point"
      }, 
      "properties": {
        "severity": "Errors", 
        "rule": "Duplicated nodes", 
        "message": "Natural duplicated nodes", 
        "object_id": "node/8460713263", 
        "josm_remote_url": "http://127.0.0.1:8111/zoom?left=85.2467666&right=85.2473666&top=28.0991149&bottom=28.0985149&select=node8460713263"
      }
    }, 
    {
      "type": "Feature", 
      "geometry": {
        "coordinates": [
          85.1849306, 
          27.9752372
        ], 
        "type": "Point"
      }, 
      "properties": {
        "severity": "Warnings", 
        "rule": "Duplicated nodes", 
        "message": "Mixed type duplicated nodes", 
        "object_id": "node/14138281497", 
        "josm_remote_url": "http://127.0.0.1:8111/zoom?left=85.1846306&right=85.1852306&top=27.9755372&bottom=27.9749372&select=node14138281497"
      }
    }, 
    {
      "type": "Feature", 
      "geometry": {
        "coordinates": [
          85.18518, 
          27.9751022
        ], 
        "type": "Point"
      }, 
      "properties": {
        "severity": "Warnings", 
        "rule": "Duplicated nodes", 
        "message": "Mixed type duplicated nodes", 
        "object_id": "node/8475908123", 
        "josm_remote_url": "http://127.0.0.1:8111/zoom?left=85.18488&right=85.18548&top=27.9754022&bottom=27.9748022&select=node8475908123"
      }
    }, 
    {
      "type": "Feature", 
      "geometry": {
        "coordinates": [
          85.2981267, 
          28.1275022
        ], 
        "type": "Point"
      }, 
      "properties": {
        "severity": "Warnings", 
        "rule": "Duplicated nodes", 
        "message": "Mixed type duplicated nodes", 
        "object_id": "node/14132413637", 
        "josm_remote_url": "http://127.0.0.1:8111/zoom?left=85.2978267&right=85.2984267&top=28.1278022&bottom=28.1272022&select=node14132413637"
      }
    }, 
    {
      "type": "Feature", 
      "geometry": {
        "coordinates": [
          85.2469861, 
          28.1019949
        ], 
        "type": "Point"
      }, 
      "properties": {
        "severity": "Errors", 
        "rule": "Duplicated nodes", 
        "message": "Natural duplicated nodes", 
        "object_id": "node/14129549523", 
        "josm_remote_url": "http://127.0.0.1:8111/zoom?left=85.2466861&right=85.2472861&top=28.1022949&bottom=28.1016949&select=node14129549523"
      }
    }, 
    {
      "type": "Feature", 
      "geometry": {
        "coordinates": [
          85.2475065, 
          28.1020753
        ], 
        "type": "Point"
      }, 
      "properties": {
        "severity": "Errors", 
        "rule": "Duplicated nodes", 
        "message": "Natural duplicated nodes", 
        "object_id": "node/8460714088", 
        "josm_remote_url": "http://127.0.0.1:8111/zoom?left=85.2472065&right=85.2478065&top=28.1023753&bottom=28.1017753&select=node8460714088"
      }
    }, 
    {
      "type": "Feature", 
      "geometry": {
        "coordinates": [
          85.247308, 
          28.0992314
        ], 
        "type": "Point"
      }, 
      "properties": {
        "severity": "Errors", 
        "rule": "Duplicated nodes", 
        "message": "Natural duplicated nodes", 
        "object_id": "node/8460713270", 
        "josm_remote_url": "http://127.0.0.1:8111/zoom?left=85.247008&right=85.247608&top=28.0995314&bottom=28.0989314&select=node8460713270"
      }
    }, 
    {
      "type": "Feature", 
      "geometry": {
        "coordinates": [
          85.1736422, 
          27.9712527
        ], 
        "type": "Point"
      }, 
      "properties": {
        "severity": "Warnings", 
        "rule": "Duplicated nodes", 
        "message": "Mixed type duplicated nodes", 
        "object_id": "node/3487790712", 
        "josm_remote_url": "http://127.0.0.1:8111/zoom?left=85.1733422&right=85.1739422&top=27.9715527&bottom=27.9709527&select=node3487790712"
      }
    }, 
    {
      "type": "Feature", 
      "geometry": {
        "coordinates": [
          85.1736074, 
          27.9716377
        ], 
        "type": "Point"
      }, 
      "properties": {
        "severity": "Warnings", 
        "rule": "Duplicated nodes", 
        "message": "Mixed type duplicated nodes", 
        "object_id": "node/14137516403", 
        "josm_remote_url": "http://127.0.0.1:8111/zoom?left=85.1733074&right=85.1739074&top=27.9719377&bottom=27.9713377&select=node14137516403"
      }
    }, 
    {
      "type": "Feature", 
      "geometry": {
        "coordinates": [
          85.2470559, 
          28.1017204
        ], 
        "type": "Point"
      }, 
      "properties": {
        "severity": "Errors", 
        "rule": "Duplicated nodes", 
        "message": "Natural duplicated nodes", 
        "object_id": "node/8460713302", 
        "josm_remote_url": "http://127.0.0.1:8111/zoom?left=85.2467559&right=85.2473559&top=28.1020204&bottom=28.1014204&select=node8460713302"
      }
    }, 
    {
      "type": "Feature", 
      "geometry": {
        "coordinates": [
          85.2481556, 
          28.1034855
        ], 
        "type": "Point"
      }, 
      "properties": {
        "severity": "Errors", 
        "rule": "Duplicated nodes", 
        "message": "Natural duplicated nodes", 
        "object_id": "node/8460714119", 
        "josm_remote_url": "http://127.0.0.1:8111/zoom?left=85.2478556&right=85.2484556&top=28.1037855&bottom=28.1031855&select=node8460714119"
      }
    }, 
    {
      "type": "Feature", 
      "geometry": {
        "coordinates": [
          85.1850191, 
          27.9752348
        ], 
        "type": "Point"
      }, 
      "properties": {
        "severity": "Warnings", 
        "rule": "Duplicated nodes", 
        "message": "Mixed type duplicated nodes", 
        "object_id": "node/8475908117", 
        "josm_remote_url": "http://127.0.0.1:8111/zoom?left=85.1847191&right=85.1853191&top=27.9755348&bottom=27.9749348&select=node8475908117"
      }
    }, 
    {
      "type": "Feature", 
      "geometry": {
        "coordinates": [
          85.1327242, 
          27.8840547
        ], 
        "type": "Point"
      }, 
      "properties": {
        "severity": "Warnings", 
        "rule": "Duplicated nodes", 
        "message": "Mixed type duplicated nodes", 
        "object_id": "node/14137672448", 
        "josm_remote_url": "http://127.0.0.1:8111/zoom?left=85.1324242&right=85.1330242&top=27.8843547&bottom=27.8837547&select=node14137672448"
      }
    }, 
    {
      "type": "Feature", 
      "geometry": {
        "coordinates": [
          85.2760825, 
          28.1089799
        ], 
        "type": "Point"
      }, 
      "properties": {
        "severity": "Warnings", 
        "rule": "Duplicated nodes", 
        "message": "Mixed type duplicated nodes", 
        "object_id": "node/14132413661", 
        "josm_remote_url": "http://127.0.0.1:8111/zoom?left=85.2757825&right=85.2763825&top=28.1092799&bottom=28.1086799&select=node14132413661"
      }
    }, 
    {
      "type": "Feature", 
      "geometry": {
        "coordinates": [
          85.247131, 
          28.0990658
        ], 
        "type": "Point"
      }, 
      "properties": {
        "severity": "Errors", 
        "rule": "Duplicated nodes", 
        "message": "Natural duplicated nodes", 
        "object_id": "node/8460713267", 
        "josm_remote_url": "http://127.0.0.1:8111/zoom?left=85.246831&right=85.247431&top=28.0993658&bottom=28.0987658&select=node8460713267"
      }
    }, 
    {
      "type": "Feature", 
      "geometry": {
        "coordinates": [
          85.1276607, 
          27.875819
        ], 
        "type": "Point"
      }, 
      "properties": {
        "severity": "Errors", 
        "rule": "Duplicated nodes", 
        "message": "Landuse duplicated nodes", 
        "object_id": "node/3495025633", 
        "josm_remote_url": "http://127.0.0.1:8111/zoom?left=85.1273607&right=85.1279607&top=27.876119&bottom=27.875519&select=node3495025633"
      }
    }, 
    {
      "type": "Feature", 
      "geometry": {
        "coordinates": [
          85.247072, 
          28.1018198
        ], 
        "type": "Point"
      }, 
      "properties": {
        "severity": "Errors", 
        "rule": "Duplicated nodes", 
        "message": "Natural duplicated nodes", 
        "object_id": "node/14129549522", 
        "josm_remote_url": "http://127.0.0.1:8111/zoom?left=85.246772&right=85.247372&top=28.1021198&bottom=28.1015198&select=node14129549522"
      }
    }, 
    {
      "type": "Feature", 
      "geometry": {
        "coordinates": [
          85.1329179, 
          27.8851839
        ], 
        "type": "Point"
      }, 
      "properties": {
        "severity": "Warnings", 
        "rule": "Duplicated nodes", 
        "message": "Mixed type duplicated nodes", 
        "object_id": "node/3494962252", 
        "josm_remote_url": "http://127.0.0.1:8111/zoom?left=85.1326179&right=85.1332179&top=27.8854839&bottom=27.8848839&select=node3494962252"
      }
    }, 
    {
      "type": "Feature", 
      "geometry": {
        "coordinates": [
          85.1759327, 
          27.970553
        ], 
        "type": "Point"
      }, 
      "properties": {
        "severity": "Warnings", 
        "rule": "Duplicated nodes", 
        "message": "Mixed type duplicated nodes", 
        "object_id": "node/14137516426", 
        "josm_remote_url": "http://127.0.0.1:8111/zoom?left=85.1756327&right=85.1762327&top=27.970853&bottom=27.970253&select=node14137516426"
      }
    }, 
    {
      "type": "Feature", 
      "geometry": {
        "coordinates": [
          85.2471363, 
          28.1013655
        ], 
        "type": "Point"
      }, 
      "properties": {
        "severity": "Errors", 
        "rule": "Duplicated nodes", 
        "message": "Natural duplicated nodes", 
        "object_id": "node/14129549513", 
        "josm_remote_url": "http://127.0.0.1:8111/zoom?left=85.2468363&right=85.2474363&top=28.1016655&bottom=28.1010655&select=node14129549513"
      }
    }, 
    {
      "type": "Feature", 
      "geometry": {
        "coordinates": [
          85.2096939, 
          28.0721076
        ], 
        "type": "Point"
      }, 
      "properties": {
        "severity": "Warnings", 
        "rule": "Duplicated nodes", 
        "message": "Mixed type duplicated nodes", 
        "object_id": "node/14137435340", 
        "josm_remote_url": "http://127.0.0.1:8111/zoom?left=85.2093939&right=85.2099939&top=28.0724076&bottom=28.0718076&select=node14137435340"
      }
    }, 
    {
      "type": "Feature", 
      "geometry": {
        "coordinates": [
          85.2481931, 
          28.1030975
        ], 
        "type": "Point"
      }, 
      "properties": {
        "severity": "Errors", 
        "rule": "Duplicated nodes", 
        "message": "Natural duplicated nodes", 
        "object_id": "node/14129529839", 
        "josm_remote_url": "http://127.0.0.1:8111/zoom?left=85.2478931&right=85.2484931&top=28.1033975&bottom=28.1027975&select=node14129529839"
      }
    }, 
    {
      "type": "Feature", 
      "geometry": {
        "coordinates": [
          85.2472275, 
          28.0996194
        ], 
        "type": "Point"
      }, 
      "properties": {
        "severity": "Errors", 
        "rule": "Duplicated nodes", 
        "message": "Natural duplicated nodes", 
        "object_id": "node/14129529868", 
        "josm_remote_url": "http://127.0.0.1:8111/zoom?left=85.2469275&right=85.2475275&top=28.0999194&bottom=28.0993194&select=node14129529868"
      }
    }, 
    {
      "type": "Feature", 
      "geometry": {
        "coordinates": [
          85.1735067, 
          27.9713757
        ], 
        "type": "Point"
      }, 
      "properties": {
        "severity": "Warnings", 
        "rule": "Duplicated nodes", 
        "message": "Mixed type duplicated nodes", 
        "object_id": "node/3487359745", 
        "josm_remote_url": "http://127.0.0.1:8111/zoom?left=85.1732067&right=85.1738067&top=27.9716757&bottom=27.9710757&select=node3487359745"
      }
    }, 
    {
      "type": "Feature", 
      "geometry": {
        "coordinates": [
          85.2473563, 
          28.0998844
        ], 
        "type": "Point"
      }, 
      "properties": {
        "severity": "Errors", 
        "rule": "Duplicated nodes", 
        "message": "Natural duplicated nodes", 
        "object_id": "node/8460713279", 
        "josm_remote_url": "http://127.0.0.1:8111/zoom?left=85.2470563&right=85.2476563&top=28.1001844&bottom=28.0995844&select=node8460713279"
      }
    }, 
    {
      "type": "Feature", 
      "geometry": {
        "coordinates": [
          85.2987956, 
          28.128339
        ], 
        "type": "Point"
      }, 
      "properties": {
        "severity": "Warnings", 
        "rule": "Duplicated nodes", 
        "message": "Mixed type duplicated nodes", 
        "object_id": "node/10315607344", 
        "josm_remote_url": "http://127.0.0.1:8111/zoom?left=85.2984956&right=85.2990956&top=28.128639&bottom=28.128039&select=node10315607344"
      }
    }, 
    {
      "type": "Feature", 
      "geometry": {
        "coordinates": [
          85.248161, 
          28.1028798
        ], 
        "type": "Point"
      }, 
      "properties": {
        "severity": "Errors", 
        "rule": "Duplicated nodes", 
        "message": "Natural duplicated nodes", 
        "object_id": "node/8460714110", 
        "josm_remote_url": "http://127.0.0.1:8111/zoom?left=85.247861&right=85.248461&top=28.1031798&bottom=28.1025798&select=node8460714110"
      }
    }, 
    {
      "type": "Feature", 
      "geometry": {
        "coordinates": [
          85.208692, 
          28.0730534
        ], 
        "type": "Point"
      }, 
      "properties": {
        "severity": "Warnings", 
        "rule": "Duplicated nodes", 
        "message": "Mixed type duplicated nodes", 
        "object_id": "node/14137435367", 
        "josm_remote_url": "http://127.0.0.1:8111/zoom?left=85.208392&right=85.208992&top=28.0733534&bottom=28.0727534&select=node14137435367"
      }
    }, 
    {
      "type": "Feature", 
      "geometry": {
        "coordinates": [
          85.2475709, 
          28.1019239
        ], 
        "type": "Point"
      }, 
      "properties": {
        "severity": "Errors", 
        "rule": "Duplicated nodes", 
        "message": "Natural duplicated nodes", 
        "object_id": "node/14129529898", 
        "josm_remote_url": "http://127.0.0.1:8111/zoom?left=85.2472709&right=85.2478709&top=28.1022239&bottom=28.1016239&select=node14129529898"
      }
    }, 
    {
      "type": "Feature", 
      "geometry": {
        "coordinates": [
          85.1272209, 
          27.8755866
        ], 
        "type": "Point"
      }, 
      "properties": {
        "severity": "Errors", 
        "rule": "Duplicated nodes", 
        "message": "Landuse duplicated nodes", 
        "object_id": "node/3495025355", 
        "josm_remote_url": "http://127.0.0.1:8111/zoom?left=85.1269209&right=85.1275209&top=27.8758866&bottom=27.8752866&select=node3495025355"
      }
    }, 
    {
      "type": "Feature", 
      "geometry": {
        "coordinates": [
          85.2469486, 
          28.1016021
        ], 
        "type": "Point"
      }, 
      "properties": {
        "severity": "Errors", 
        "rule": "Duplicated nodes", 
        "message": "Natural duplicated nodes", 
        "object_id": "node/14129549516", 
        "josm_remote_url": "http://127.0.0.1:8111/zoom?left=85.2466486&right=85.2472486&top=28.1019021&bottom=28.1013021&select=node14129549516"
      }
    }, 
    {
      "type": "Feature", 
      "geometry": {
        "coordinates": [
          85.247308, 
          28.1002251
        ], 
        "type": "Point"
      }, 
      "properties": {
        "severity": "Errors", 
        "rule": "Duplicated nodes", 
        "message": "Natural duplicated nodes", 
        "object_id": "node/14129549533", 
        "josm_remote_url": "http://127.0.0.1:8111/zoom?left=85.247008&right=85.247608&top=28.1005251&bottom=28.0999251&select=node14129549533"
      }
    }, 
    {
      "type": "Feature", 
      "geometry": {
        "coordinates": [
          85.248118, 
          28.1028277
        ], 
        "type": "Point"
      }, 
      "properties": {
        "severity": "Errors", 
        "rule": "Duplicated nodes", 
        "message": "Natural duplicated nodes", 
        "object_id": "node/14129529893", 
        "josm_remote_url": "http://127.0.0.1:8111/zoom?left=85.247818&right=85.248418&top=28.1031277&bottom=28.1025277&select=node14129529893"
      }
    }, 
    {
      "type": "Feature", 
      "geometry": {
        "coordinates": [
          85.2743947, 
          28.1076544
        ], 
        "type": "Point"
      }, 
      "properties": {
        "severity": "Warnings", 
        "rule": "Duplicated nodes", 
        "message": "Mixed type duplicated nodes", 
        "object_id": "node/14132413667", 
        "josm_remote_url": "http://127.0.0.1:8111/zoom?left=85.2740947&right=85.2746947&top=28.1079544&bottom=28.1073544&select=node14132413667"
      }
    }, 
    {
      "type": "Feature", 
      "geometry": {
        "coordinates": [
          85.2476084, 
          28.1016116
        ], 
        "type": "Point"
      }, 
      "properties": {
        "severity": "Errors", 
        "rule": "Duplicated nodes", 
        "message": "Natural duplicated nodes", 
        "object_id": "node/14129529895", 
        "josm_remote_url": "http://127.0.0.1:8111/zoom?left=85.2473084&right=85.2479084&top=28.1019116&bottom=28.1013116&select=node14129529895"
      }
    }, 
    {
      "type": "Feature", 
      "geometry": {
        "coordinates": [
          85.2472973, 
          28.0993733
        ], 
        "type": "Point"
      }, 
      "properties": {
        "severity": "Errors", 
        "rule": "Duplicated nodes", 
        "message": "Natural duplicated nodes", 
        "object_id": "node/8460713272", 
        "josm_remote_url": "http://127.0.0.1:8111/zoom?left=85.2469973&right=85.2475973&top=28.0996733&bottom=28.0990733&select=node8460713272"
      }
    }, 
    {
      "type": "Feature", 
      "geometry": {
        "coordinates": [
          85.1280284, 
          27.8793182
        ], 
        "type": "Point"
      }, 
      "properties": {
        "severity": "Errors", 
        "rule": "Duplicated nodes", 
        "message": "Landuse duplicated nodes", 
        "object_id": "node/14137672462", 
        "josm_remote_url": "http://127.0.0.1:8111/zoom?left=85.1277284&right=85.1283284&top=27.8796182&bottom=27.8790182&select=node14137672462"
      }
    }, 
    {
      "type": "Feature", 
      "geometry": {
        "coordinates": [
          85.2469754, 
          28.1020517
        ], 
        "type": "Point"
      }, 
      "properties": {
        "severity": "Errors", 
        "rule": "Duplicated nodes", 
        "message": "Natural duplicated nodes", 
        "object_id": "node/14129549519", 
        "josm_remote_url": "http://127.0.0.1:8111/zoom?left=85.2466754&right=85.2472754&top=28.1023517&bottom=28.1017517&select=node14129549519"
      }
    }, 
    {
      "type": "Feature", 
      "geometry": {
        "coordinates": [
          85.247764, 
          28.1034098
        ], 
        "type": "Point"
      }, 
      "properties": {
        "severity": "Errors", 
        "rule": "Duplicated nodes", 
        "message": "Natural duplicated nodes", 
        "object_id": "node/8460714128", 
        "josm_remote_url": "http://127.0.0.1:8111/zoom?left=85.247464&right=85.248064&top=28.1037098&bottom=28.1031098&select=node8460714128"
      }
    }, 
    {
      "type": "Feature", 
      "geometry": {
        "coordinates": [
          85.2099539, 
          28.0745107
        ], 
        "type": "Point"
      }, 
      "properties": {
        "severity": "Warnings", 
        "rule": "Duplicated nodes", 
        "message": "Mixed type duplicated nodes", 
        "object_id": "node/8475517351", 
        "josm_remote_url": "http://127.0.0.1:8111/zoom?left=85.2096539&right=85.2102539&top=28.0748107&bottom=28.0742107&select=node8475517351"
      }
    }, 
    {
      "type": "Feature", 
      "geometry": {
        "coordinates": [
          85.1276983, 
          27.8801672
        ], 
        "type": "Point"
      }, 
      "properties": {
        "severity": "Errors", 
        "rule": "Duplicated nodes", 
        "message": "Landuse duplicated nodes", 
        "object_id": "node/14137672457", 
        "josm_remote_url": "http://127.0.0.1:8111/zoom?left=85.1273983&right=85.1279983&top=27.8804672&bottom=27.8798672&select=node14137672457"
      }
    }, 
    {
      "type": "Feature", 
      "geometry": {
        "coordinates": [
          85.2109319, 
          28.0739588
        ], 
        "type": "Point"
      }, 
      "properties": {
        "severity": "Warnings", 
        "rule": "Duplicated nodes", 
        "message": "Mixed type duplicated nodes", 
        "object_id": "node/14130653364", 
        "josm_remote_url": "http://127.0.0.1:8111/zoom?left=85.2106319&right=85.2112319&top=28.0742588&bottom=28.0736588&select=node14130653364"
      }
    }, 
    {
      "type": "Feature", 
      "geometry": {
        "coordinates": [
          85.2470183, 
          28.0988954
        ], 
        "type": "Point"
      }, 
      "properties": {
        "severity": "Errors", 
        "rule": "Duplicated nodes", 
        "message": "Natural duplicated nodes", 
        "object_id": "node/8460713265", 
        "josm_remote_url": "http://127.0.0.1:8111/zoom?left=85.2467183&right=85.2473183&top=28.0991954&bottom=28.0985954&select=node8460713265"
      }
    }, 
    {
      "type": "Feature", 
      "geometry": {
        "coordinates": [
          85.1757275, 
          27.9703718
        ], 
        "type": "Point"
      }, 
      "properties": {
        "severity": "Warnings", 
        "rule": "Duplicated nodes", 
        "message": "Mixed type duplicated nodes", 
        "object_id": "node/14137516425", 
        "josm_remote_url": "http://127.0.0.1:8111/zoom?left=85.1754275&right=85.1760275&top=27.9706718&bottom=27.9700718&select=node14137516425"
      }
    }, 
    {
      "type": "Feature", 
      "geometry": {
        "coordinates": [
          85.1838577, 
          27.9753083
        ], 
        "type": "Point"
      }, 
      "properties": {
        "severity": "Warnings", 
        "rule": "Duplicated nodes", 
        "message": "Mixed type duplicated nodes", 
        "object_id": "node/14138281483", 
        "josm_remote_url": "http://127.0.0.1:8111/zoom?left=85.1835577&right=85.1841577&top=27.9756083&bottom=27.9750083&select=node14138281483"
      }
    }, 
    {
      "type": "Feature", 
      "geometry": {
        "coordinates": [
          85.2474904, 
          28.1021889
        ], 
        "type": "Point"
      }, 
      "properties": {
        "severity": "Errors", 
        "rule": "Duplicated nodes", 
        "message": "Natural duplicated nodes", 
        "object_id": "node/8460714090", 
        "josm_remote_url": "http://127.0.0.1:8111/zoom?left=85.2471904&right=85.2477904&top=28.1024889&bottom=28.1018889&select=node8460714090"
      }
    }, 
    {
      "type": "Feature", 
      "geometry": {
        "coordinates": [
          85.1854965, 
          27.9751993
        ], 
        "type": "Point"
      }, 
      "properties": {
        "severity": "Warnings", 
        "rule": "Duplicated nodes", 
        "message": "Mixed type duplicated nodes", 
        "object_id": "node/8475908126", 
        "josm_remote_url": "http://127.0.0.1:8111/zoom?left=85.1851965&right=85.1857965&top=27.9754993&bottom=27.9748993&select=node8475908126"
      }
    }, 
    {
      "type": "Feature", 
      "geometry": {
        "coordinates": [
          85.2497816, 
          28.0930975
        ], 
        "type": "Point"
      }, 
      "properties": {
        "severity": "Warnings", 
        "rule": "Self-intersecting ways", 
        "message": "Self-intersecting ways", 
        "object_id": "way/341221427", 
        "josm_remote_url": "http://127.0.0.1:8111/zoom?left=85.2494816&right=85.2500816&top=28.0933975&bottom=28.0927975&select=way341221427"
      }
    }, 
    {
      "type": "Feature", 
      "geometry": {
        "coordinates": [
          85.3769618, 
          28.2740601
        ], 
        "type": "Point"
      }, 
      "properties": {
        "severity": "Warnings", 
        "rule": "Addresses", 
        "message": "House number without street", 
        "object_id": "way/1552793903", 
        "josm_remote_url": "http://127.0.0.1:8111/zoom?left=85.3766618&right=85.3772618&top=28.2743601&bottom=28.2737601&select=way1552793903"
      }
    }, 
    {
      "type": "Feature", 
      "geometry": {
        "coordinates": [
          85.361737, 
          28.208482
        ], 
        "type": "Point"
      }, 
      "properties": {
        "severity": "Warnings", 
        "rule": "Addresses", 
        "message": "House number without street", 
        "object_id": "node/11347637670", 
        "josm_remote_url": "http://127.0.0.1:8111/zoom?left=85.361437&right=85.362037&top=28.208782&bottom=28.208182&select=node11347637670"
      }
    }, 
    {
      "type": "Feature", 
      "geometry": {
        "coordinates": [
          85.1470417, 
          27.9360757
        ], 
        "type": "Point"
      }, 
      "properties": {
        "severity": "Warnings", 
        "rule": "Untagged, empty and one node ways", 
        "message": "Unnamed ways", 
        "object_id": "way/1390919148", 
        "josm_remote_url": "http://127.0.0.1:8111/zoom?left=85.1467417&right=85.1473417&top=27.9363757&bottom=27.9357757&select=way1390919148"
      }
    }, 
    {
      "type": "Feature", 
      "geometry": {
        "coordinates": [
          85.1477739, 
          27.8987809
        ], 
        "type": "Point"
      }, 
      "properties": {
        "severity": "Warnings", 
        "rule": "Untagged, empty and one node ways", 
        "message": "Unnamed ways", 
        "object_id": "way/340443795", 
        "josm_remote_url": "http://127.0.0.1:8111/zoom?left=85.1474739&right=85.1480739&top=27.8990809&bottom=27.8984809&select=way340443795"
      }
    }, 
    {
      "type": "Feature", 
      "geometry": {
        "coordinates": [
          85.1477739, 
          27.8987809
        ], 
        "type": "Point"
      }, 
      "properties": {
        "severity": "Warnings", 
        "rule": "Untagged, empty and one node ways", 
        "message": "Unnamed ways", 
        "object_id": "way/303036296", 
        "josm_remote_url": "http://127.0.0.1:8111/zoom?left=85.1474739&right=85.1480739&top=27.8990809&bottom=27.8984809&select=way303036296"
      }
    }, 
    {
      "type": "Feature", 
      "geometry": {
        "coordinates": [
          85.147649, 
          27.9354202
        ], 
        "type": "Point"
      }, 
      "properties": {
        "severity": "Warnings", 
        "rule": "Untagged, empty and one node ways", 
        "message": "Unnamed ways", 
        "object_id": "way/1390919147", 
        "josm_remote_url": "http://127.0.0.1:8111/zoom?left=85.147349&right=85.147949&top=27.9357202&bottom=27.9351202&select=way1390919147"
      }
    }, 
    {
      "type": "Feature", 
      "geometry": {
        "coordinates": [
          85.1119355, 
          27.8610613
        ], 
        "type": "Point"
      }, 
      "properties": {
        "severity": "Warnings", 
        "rule": "Untagged, empty and one node ways", 
        "message": "Unnamed ways", 
        "object_id": "way/340616286", 
        "josm_remote_url": "http://127.0.0.1:8111/zoom?left=85.1116355&right=85.1122355&top=27.8613613&bottom=27.8607613&select=way340616286"
      }
    }, 
    {
      "type": "Feature", 
      "geometry": {
        "coordinates": [
          85.1300417, 
          27.871105
        ], 
        "type": "Point"
      }, 
      "properties": {
        "severity": "Warnings", 
        "rule": "Untagged, empty and one node ways", 
        "message": "Unnamed ways", 
        "object_id": "way/341026785", 
        "josm_remote_url": "http://127.0.0.1:8111/zoom?left=85.1297417&right=85.1303417&top=27.871405&bottom=27.870805&select=way341026785"
      }
    }, 
    {
      "type": "Feature", 
      "geometry": {
        "coordinates": [
          85.1093171, 
          27.8588806
        ], 
        "type": "Point"
      }, 
      "properties": {
        "severity": "Warnings", 
        "rule": "Untagged, empty and one node ways", 
        "message": "Unnamed ways", 
        "object_id": "way/340615867", 
        "josm_remote_url": "http://127.0.0.1:8111/zoom?left=85.1090171&right=85.1096171&top=27.8591806&bottom=27.8585806&select=way340615867"
      }
    }, 
    {
      "type": "Feature", 
      "geometry": {
        "coordinates": [
          85.1530551, 
          27.9277277
        ], 
        "type": "Point"
      }, 
      "properties": {
        "severity": "Warnings", 
        "rule": "Untagged, empty and one node ways", 
        "message": "Unnamed ways", 
        "object_id": "way/1553191090", 
        "josm_remote_url": "http://127.0.0.1:8111/zoom?left=85.1527551&right=85.1533551&top=27.9280277&bottom=27.9274277&select=way1553191090"
      }
    }, 
    {
      "type": "Feature", 
      "geometry": {
        "coordinates": [
          85.1355927, 
          27.8851649
        ], 
        "type": "Point"
      }, 
      "properties": {
        "severity": "Warnings", 
        "rule": "Untagged, empty and one node ways", 
        "message": "Unnamed ways", 
        "object_id": "way/341954704", 
        "josm_remote_url": "http://127.0.0.1:8111/zoom?left=85.1352927&right=85.1358927&top=27.8854649&bottom=27.8848649&select=way341954704"
      }
    }, 
    {
      "type": "Feature", 
      "geometry": {
        "coordinates": [
          85.2400635, 
          28.0941088
        ], 
        "type": "Point"
      }, 
      "properties": {
        "severity": "Warnings", 
        "rule": "Untagged, empty and one node ways", 
        "message": "Untagged ways", 
        "object_id": "way/912360494", 
        "josm_remote_url": "http://127.0.0.1:8111/zoom?left=85.2397635&right=85.2403635&top=28.0944088&bottom=28.0938088&select=way912360494"
      }
    }, 
    {
      "type": "Feature", 
      "geometry": {
        "coordinates": [
          85.1852149, 
          27.9729738
        ], 
        "type": "Point"
      }, 
      "properties": {
        "severity": "Warnings", 
        "rule": "Untagged, empty and one node ways", 
        "message": "Unnamed ways", 
        "object_id": "way/1434607565", 
        "josm_remote_url": "http://127.0.0.1:8111/zoom?left=85.1849149&right=85.1855149&top=27.9732738&bottom=27.9726738&select=way1434607565"
      }
    }, 
    {
      "type": "Feature", 
      "geometry": {
        "coordinates": [
          85.2951096, 
          28.1132026
        ], 
        "type": "Point"
      }, 
      "properties": {
        "severity": "Warnings", 
        "rule": "Untagged, empty and one node ways", 
        "message": "Unnamed ways", 
        "object_id": "way/341352189", 
        "josm_remote_url": "http://127.0.0.1:8111/zoom?left=85.2948096&right=85.2954096&top=28.1135026&bottom=28.1129026&select=way341352189"
      }
    }, 
    {
      "type": "Feature", 
      "geometry": {
        "coordinates": [
          85.0968229, 
          27.8652667
        ], 
        "type": "Point"
      }, 
      "properties": {
        "severity": "Warnings", 
        "rule": "Untagged, empty and one node ways", 
        "message": "Unnamed ways", 
        "object_id": "way/340484528", 
        "josm_remote_url": "http://127.0.0.1:8111/zoom?left=85.0965229&right=85.0971229&top=27.8655667&bottom=27.8649667&select=way340484528"
      }
    }, 
    {
      "type": "Feature", 
      "geometry": {
        "coordinates": [
          85.1478944, 
          27.9024647
        ], 
        "type": "Point"
      }, 
      "properties": {
        "severity": "Warnings", 
        "rule": "Untagged, empty and one node ways", 
        "message": "Unnamed ways", 
        "object_id": "way/1553090324", 
        "josm_remote_url": "http://127.0.0.1:8111/zoom?left=85.1475944&right=85.1481944&top=27.9027647&bottom=27.9021647&select=way1553090324"
      }
    }, 
    {
      "type": "Feature", 
      "geometry": {
        "coordinates": [
          85.0711706, 
          27.8602579
        ], 
        "type": "Point"
      }, 
      "properties": {
        "severity": "Warnings", 
        "rule": "Untagged, empty and one node ways", 
        "message": "Unnamed ways", 
        "object_id": "way/1552739021", 
        "josm_remote_url": "http://127.0.0.1:8111/zoom?left=85.0708706&right=85.0714706&top=27.8605579&bottom=27.8599579&select=way1552739021"
      }
    }, 
    {
      "type": "Feature", 
      "geometry": {
        "coordinates": [
          85.0786495, 
          27.8584992
        ], 
        "type": "Point"
      }, 
      "properties": {
        "severity": "Warnings", 
        "rule": "Untagged, empty and one node ways", 
        "message": "Unnamed ways", 
        "object_id": "way/340614627", 
        "josm_remote_url": "http://127.0.0.1:8111/zoom?left=85.0783495&right=85.0789495&top=27.8587992&bottom=27.8581992&select=way340614627"
      }
    }, 
    {
      "type": "Feature", 
      "geometry": {
        "coordinates": [
          85.1453473, 
          27.9040847
        ], 
        "type": "Point"
      }, 
      "properties": {
        "severity": "Warnings", 
        "rule": "Untagged, empty and one node ways", 
        "message": "Unnamed ways", 
        "object_id": "way/1553090323", 
        "josm_remote_url": "http://127.0.0.1:8111/zoom?left=85.1450473&right=85.1456473&top=27.9043847&bottom=27.9037847&select=way1553090323"
      }
    }, 
    {
      "type": "Feature", 
      "geometry": {
        "coordinates": [
          85.1410469, 
          27.8821202
        ], 
        "type": "Point"
      }, 
      "properties": {
        "severity": "Warnings", 
        "rule": "Untagged, empty and one node ways", 
        "message": "Unnamed ways", 
        "object_id": "way/340466646", 
        "josm_remote_url": "http://127.0.0.1:8111/zoom?left=85.1407469&right=85.1413469&top=27.8824202&bottom=27.8818202&select=way340466646"
      }
    }, 
    {
      "type": "Feature", 
      "geometry": {
        "coordinates": [
          85.1423043, 
          27.8931058
        ], 
        "type": "Point"
      }, 
      "properties": {
        "severity": "Warnings", 
        "rule": "Untagged, empty and one node ways", 
        "message": "Unnamed ways", 
        "object_id": "way/1552949476", 
        "josm_remote_url": "http://127.0.0.1:8111/zoom?left=85.1420043&right=85.1426043&top=27.8934058&bottom=27.8928058&select=way1552949476"
      }
    }, 
    {
      "type": "Feature", 
      "geometry": {
        "coordinates": [
          85.1296722, 
          27.8818069
        ], 
        "type": "Point"
      }, 
      "properties": {
        "severity": "Warnings", 
        "rule": "Untagged, empty and one node ways", 
        "message": "Unnamed ways", 
        "object_id": "way/1553163898", 
        "josm_remote_url": "http://127.0.0.1:8111/zoom?left=85.1293722&right=85.1299722&top=27.8821069&bottom=27.8815069&select=way1553163898"
      }
    }, 
    {
      "type": "Feature", 
      "geometry": {
        "coordinates": [
          85.1414204, 
          27.9259195
        ], 
        "type": "Point"
      }, 
      "properties": {
        "severity": "Warnings", 
        "rule": "Untagged, empty and one node ways", 
        "message": "Unnamed ways", 
        "object_id": "way/1264845337", 
        "josm_remote_url": "http://127.0.0.1:8111/zoom?left=85.1411204&right=85.1417204&top=27.9262195&bottom=27.9256195&select=way1264845337"
      }
    }, 
    {
      "type": "Feature", 
      "geometry": {
        "coordinates": [
          85.1416163, 
          27.9112795
        ], 
        "type": "Point"
      }, 
      "properties": {
        "severity": "Warnings", 
        "rule": "Untagged, empty and one node ways", 
        "message": "Unnamed ways", 
        "object_id": "way/340485618", 
        "josm_remote_url": "http://127.0.0.1:8111/zoom?left=85.1413163&right=85.1419163&top=27.9115795&bottom=27.9109795&select=way340485618"
      }
    }, 
    {
      "type": "Feature", 
      "geometry": {
        "coordinates": [
          85.1429204, 
          27.9132205
        ], 
        "type": "Point"
      }, 
      "properties": {
        "severity": "Warnings", 
        "rule": "Untagged, empty and one node ways", 
        "message": "Unnamed ways", 
        "object_id": "way/298744769", 
        "josm_remote_url": "http://127.0.0.1:8111/zoom?left=85.1426204&right=85.1432204&top=27.9135205&bottom=27.9129205&select=way298744769"
      }
    }, 
    {
      "type": "Feature", 
      "geometry": {
        "coordinates": [
          85.1441188, 
          27.896614
        ], 
        "type": "Point"
      }, 
      "properties": {
        "severity": "Warnings", 
        "rule": "Untagged, empty and one node ways", 
        "message": "Unnamed ways", 
        "object_id": "way/340453045", 
        "josm_remote_url": "http://127.0.0.1:8111/zoom?left=85.1438188&right=85.1444188&top=27.896914&bottom=27.896314&select=way340453045"
      }
    }, 
    {
      "type": "Feature", 
      "geometry": {
        "coordinates": [
          85.1430627, 
          27.9128412
        ], 
        "type": "Point"
      }, 
      "properties": {
        "severity": "Warnings", 
        "rule": "Untagged, empty and one node ways", 
        "message": "Unnamed ways", 
        "object_id": "way/340606147", 
        "josm_remote_url": "http://127.0.0.1:8111/zoom?left=85.1427627&right=85.1433627&top=27.9131412&bottom=27.9125412&select=way340606147"
      }
    }, 
    {
      "type": "Feature", 
      "geometry": {
        "coordinates": [
          85.1524448, 
          27.9299304
        ], 
        "type": "Point"
      }, 
      "properties": {
        "severity": "Warnings", 
        "rule": "Untagged, empty and one node ways", 
        "message": "Unnamed ways", 
        "object_id": "way/1554211463", 
        "josm_remote_url": "http://127.0.0.1:8111/zoom?left=85.1521448&right=85.1527448&top=27.9302304&bottom=27.9296304&select=way1554211463"
      }
    }, 
    {
      "type": "Feature", 
      "geometry": {
        "coordinates": [
          85.1293699, 
          27.8706137
        ], 
        "type": "Point"
      }, 
      "properties": {
        "severity": "Warnings", 
        "rule": "Untagged, empty and one node ways", 
        "message": "Unnamed ways", 
        "object_id": "way/1553092025", 
        "josm_remote_url": "http://127.0.0.1:8111/zoom?left=85.1290699&right=85.1296699&top=27.8709137&bottom=27.8703137&select=way1553092025"
      }
    }, 
    {
      "type": "Feature", 
      "geometry": {
        "coordinates": [
          85.1601564, 
          27.9557366
        ], 
        "type": "Point"
      }, 
      "properties": {
        "severity": "Warnings", 
        "rule": "Untagged, empty and one node ways", 
        "message": "Unnamed ways", 
        "object_id": "way/1553853716", 
        "josm_remote_url": "http://127.0.0.1:8111/zoom?left=85.1598564&right=85.1604564&top=27.9560366&bottom=27.9554366&select=way1553853716"
      }
    }, 
    {
      "type": "Feature", 
      "geometry": {
        "coordinates": [
          85.1600304, 
          27.9555767
        ], 
        "type": "Point"
      }, 
      "properties": {
        "severity": "Warnings", 
        "rule": "Untagged, empty and one node ways", 
        "message": "Unnamed ways", 
        "object_id": "way/1553853715", 
        "josm_remote_url": "http://127.0.0.1:8111/zoom?left=85.1597304&right=85.1603304&top=27.9558767&bottom=27.9552767&select=way1553853715"
      }
    }, 
    {
      "type": "Feature", 
      "geometry": {
        "coordinates": [
          85.1474887, 
          27.9040048
        ], 
        "type": "Point"
      }, 
      "properties": {
        "severity": "Warnings", 
        "rule": "Untagged, empty and one node ways", 
        "message": "Unnamed ways", 
        "object_id": "way/303584573", 
        "josm_remote_url": "http://127.0.0.1:8111/zoom?left=85.1471887&right=85.1477887&top=27.9043048&bottom=27.9037048&select=way303584573"
      }
    }, 
    {
      "type": "Feature", 
      "geometry": {
        "coordinates": [
          85.1457968, 
          27.9258623
        ], 
        "type": "Point"
      }, 
      "properties": {
        "severity": "Warnings", 
        "rule": "Untagged, empty and one node ways", 
        "message": "Unnamed ways", 
        "object_id": "way/237590759", 
        "josm_remote_url": "http://127.0.0.1:8111/zoom?left=85.1454968&right=85.1460968&top=27.9261623&bottom=27.9255623&select=way237590759"
      }
    }, 
    {
      "type": "Feature", 
      "geometry": {
        "coordinates": [
          85.1480982, 
          27.9021767
        ], 
        "type": "Point"
      }, 
      "properties": {
        "severity": "Warnings", 
        "rule": "Untagged, empty and one node ways", 
        "message": "Unnamed ways", 
        "object_id": "way/1553090319", 
        "josm_remote_url": "http://127.0.0.1:8111/zoom?left=85.1477982&right=85.1483982&top=27.9024767&bottom=27.9018767&select=way1553090319"
      }
    }, 
    {
      "type": "Feature", 
      "geometry": {
        "coordinates": [
          85.3403644, 
          28.1653303
        ], 
        "type": "Point"
      }, 
      "properties": {
        "severity": "Warnings", 
        "rule": "Untagged, empty and one node ways", 
        "message": "Unnamed ways", 
        "object_id": "way/760438582", 
        "josm_remote_url": "http://127.0.0.1:8111/zoom?left=85.3400644&right=85.3406644&top=28.1656303&bottom=28.1650303&select=way760438582"
      }
    }, 
    {
      "type": "Feature", 
      "geometry": {
        "coordinates": [
          85.1479737, 
          27.9226294
        ], 
        "type": "Point"
      }, 
      "properties": {
        "severity": "Warnings", 
        "rule": "Untagged, empty and one node ways", 
        "message": "Unnamed ways", 
        "object_id": "way/303470445", 
        "josm_remote_url": "http://127.0.0.1:8111/zoom?left=85.1476737&right=85.1482737&top=27.9229294&bottom=27.9223294&select=way303470445"
      }
    }, 
    {
      "type": "Feature", 
      "geometry": {
        "coordinates": [
          85.1456244, 
          27.9337123
        ], 
        "type": "Point"
      }, 
      "properties": {
        "severity": "Warnings", 
        "rule": "Untagged, empty and one node ways", 
        "message": "Unnamed ways", 
        "object_id": "way/1396294760", 
        "josm_remote_url": "http://127.0.0.1:8111/zoom?left=85.1453244&right=85.1459244&top=27.9340123&bottom=27.9334123&select=way1396294760"
      }
    }, 
    {
      "type": "Feature", 
      "geometry": {
        "coordinates": [
          85.0781948, 
          27.8524096
        ], 
        "type": "Point"
      }, 
      "properties": {
        "severity": "Warnings", 
        "rule": "Untagged, empty and one node ways", 
        "message": "Unnamed ways", 
        "object_id": "way/1553097539", 
        "josm_remote_url": "http://127.0.0.1:8111/zoom?left=85.0778948&right=85.0784948&top=27.8527096&bottom=27.8521096&select=way1553097539"
      }
    }, 
    {
      "type": "Feature", 
      "geometry": {
        "coordinates": [
          85.1445632, 
          27.8925196
        ], 
        "type": "Point"
      }, 
      "properties": {
        "severity": "Warnings", 
        "rule": "Untagged, empty and one node ways", 
        "message": "Unnamed ways", 
        "object_id": "way/1472424146", 
        "josm_remote_url": "http://127.0.0.1:8111/zoom?left=85.1442632&right=85.1448632&top=27.8928196&bottom=27.8922196&select=way1472424146"
      }
    }, 
    {
      "type": "Feature", 
      "geometry": {
        "coordinates": [
          85.1454927, 
          27.8931194
        ], 
        "type": "Point"
      }, 
      "properties": {
        "severity": "Warnings", 
        "rule": "Untagged, empty and one node ways", 
        "message": "Unnamed ways", 
        "object_id": "way/340553028", 
        "josm_remote_url": "http://127.0.0.1:8111/zoom?left=85.1451927&right=85.1457927&top=27.8934194&bottom=27.8928194&select=way340553028"
      }
    }, 
    {
      "type": "Feature", 
      "geometry": {
        "coordinates": [
          85.1398147, 
          27.9092986
        ], 
        "type": "Point"
      }, 
      "properties": {
        "severity": "Warnings", 
        "rule": "Untagged, empty and one node ways", 
        "message": "Unnamed ways", 
        "object_id": "way/1552636112", 
        "josm_remote_url": "http://127.0.0.1:8111/zoom?left=85.1395147&right=85.1401147&top=27.9095986&bottom=27.9089986&select=way1552636112"
      }
    }, 
    {
      "type": "Feature", 
      "geometry": {
        "coordinates": [
          85.1866901, 
          27.9739723
        ], 
        "type": "Point"
      }, 
      "properties": {
        "severity": "Warnings", 
        "rule": "Untagged, empty and one node ways", 
        "message": "Unnamed ways", 
        "object_id": "way/1553160121", 
        "josm_remote_url": "http://127.0.0.1:8111/zoom?left=85.1863901&right=85.1869901&top=27.9742723&bottom=27.9736723&select=way1553160121"
      }
    }, 
    {
      "type": "Feature", 
      "geometry": {
        "coordinates": [
          85.1466253, 
          27.9094778
        ], 
        "type": "Point"
      }, 
      "properties": {
        "severity": "Warnings", 
        "rule": "Untagged, empty and one node ways", 
        "message": "Unnamed ways", 
        "object_id": "way/1553065170", 
        "josm_remote_url": "http://127.0.0.1:8111/zoom?left=85.1463253&right=85.1469253&top=27.9097778&bottom=27.9091778&select=way1553065170"
      }
    }, 
    {
      "type": "Feature", 
      "geometry": {
        "coordinates": [
          85.1393245, 
          27.9112578
        ], 
        "type": "Point"
      }, 
      "properties": {
        "severity": "Warnings", 
        "rule": "Untagged, empty and one node ways", 
        "message": "Unnamed ways", 
        "object_id": "way/303470431", 
        "josm_remote_url": "http://127.0.0.1:8111/zoom?left=85.1390245&right=85.1396245&top=27.9115578&bottom=27.9109578&select=way303470431"
      }
    }, 
    {
      "type": "Feature", 
      "geometry": {
        "coordinates": [
          85.1485103, 
          27.899728
        ], 
        "type": "Point"
      }, 
      "properties": {
        "severity": "Warnings", 
        "rule": "Untagged, empty and one node ways", 
        "message": "Unnamed ways", 
        "object_id": "way/342354243", 
        "josm_remote_url": "http://127.0.0.1:8111/zoom?left=85.1482103&right=85.1488103&top=27.900028&bottom=27.899428&select=way342354243"
      }
    }, 
    {
      "type": "Feature", 
      "geometry": {
        "coordinates": [
          85.1490985, 
          27.8964994
        ], 
        "type": "Point"
      }, 
      "properties": {
        "severity": "Warnings", 
        "rule": "Untagged, empty and one node ways", 
        "message": "Unnamed ways", 
        "object_id": "way/341482761", 
        "josm_remote_url": "http://127.0.0.1:8111/zoom?left=85.1487985&right=85.1493985&top=27.8967994&bottom=27.8961994&select=way341482761"
      }
    }, 
    {
      "type": "Feature", 
      "geometry": {
        "coordinates": [
          85.1474887, 
          27.9040048
        ], 
        "type": "Point"
      }, 
      "properties": {
        "severity": "Warnings", 
        "rule": "Untagged, empty and one node ways", 
        "message": "Unnamed ways", 
        "object_id": "way/340492652", 
        "josm_remote_url": "http://127.0.0.1:8111/zoom?left=85.1471887&right=85.1477887&top=27.9043048&bottom=27.9037048&select=way340492652"
      }
    }, 
    {
      "type": "Feature", 
      "geometry": {
        "coordinates": [
          85.1468888, 
          27.8991139
        ], 
        "type": "Point"
      }, 
      "properties": {
        "severity": "Warnings", 
        "rule": "Untagged, empty and one node ways", 
        "message": "Unnamed ways", 
        "object_id": "way/303036280", 
        "josm_remote_url": "http://127.0.0.1:8111/zoom?left=85.1465888&right=85.1471888&top=27.8994139&bottom=27.8988139&select=way303036280"
      }
    }, 
    {
      "type": "Feature", 
      "geometry": {
        "coordinates": [
          85.1327283, 
          27.8813779
        ], 
        "type": "Point"
      }, 
      "properties": {
        "severity": "Warnings", 
        "rule": "Untagged, empty and one node ways", 
        "message": "Unnamed ways", 
        "object_id": "way/1553166182", 
        "josm_remote_url": "http://127.0.0.1:8111/zoom?left=85.1324283&right=85.1330283&top=27.8816779&bottom=27.8810779&select=way1553166182"
      }
    }, 
    {
      "type": "Feature", 
      "geometry": {
        "coordinates": [
          85.1372366, 
          27.8839135
        ], 
        "type": "Point"
      }, 
      "properties": {
        "severity": "Warnings", 
        "rule": "Untagged, empty and one node ways", 
        "message": "Unnamed ways", 
        "object_id": "way/1553160736", 
        "josm_remote_url": "http://127.0.0.1:8111/zoom?left=85.1369366&right=85.1375366&top=27.8842135&bottom=27.8836135&select=way1553160736"
      }
    }, 
    {
      "type": "Feature", 
      "geometry": {
        "coordinates": [
          85.126894, 
          27.8684301
        ], 
        "type": "Point"
      }, 
      "properties": {
        "severity": "Warnings", 
        "rule": "Untagged, empty and one node ways", 
        "message": "Unnamed ways", 
        "object_id": "way/340444987", 
        "josm_remote_url": "http://127.0.0.1:8111/zoom?left=85.126594&right=85.127194&top=27.8687301&bottom=27.8681301&select=way340444987"
      }
    }, 
    {
      "type": "Feature", 
      "geometry": {
        "coordinates": [
          85.1462508, 
          27.9271366
        ], 
        "type": "Point"
      }, 
      "properties": {
        "severity": "Warnings", 
        "rule": "Untagged, empty and one node ways", 
        "message": "Unnamed ways", 
        "object_id": "way/303466450", 
        "josm_remote_url": "http://127.0.0.1:8111/zoom?left=85.1459508&right=85.1465508&top=27.9274366&bottom=27.9268366&select=way303466450"
      }
    }, 
    {
      "type": "Feature", 
      "geometry": {
        "coordinates": [
          85.1451928, 
          27.8970416
        ], 
        "type": "Point"
      }, 
      "properties": {
        "severity": "Warnings", 
        "rule": "Untagged, empty and one node ways", 
        "message": "Untagged ways", 
        "object_id": "way/342163815", 
        "josm_remote_url": "http://127.0.0.1:8111/zoom?left=85.1448928&right=85.1454928&top=27.8973416&bottom=27.8967416&select=way342163815"
      }
    }, 
    {
      "type": "Feature", 
      "geometry": {
        "coordinates": [
          85.1411376, 
          27.923893
        ], 
        "type": "Point"
      }, 
      "properties": {
        "severity": "Warnings", 
        "rule": "Untagged, empty and one node ways", 
        "message": "Unnamed ways", 
        "object_id": "way/342212060", 
        "josm_remote_url": "http://127.0.0.1:8111/zoom?left=85.1408376&right=85.1414376&top=27.924193&bottom=27.923593&select=way342212060"
      }
    }, 
    {
      "type": "Feature", 
      "geometry": {
        "coordinates": [
          85.1953603, 
          28.0160272
        ], 
        "type": "Point"
      }, 
      "properties": {
        "severity": "Warnings", 
        "rule": "Untagged, empty and one node ways", 
        "message": "Unnamed ways", 
        "object_id": "way/862422109", 
        "josm_remote_url": "http://127.0.0.1:8111/zoom?left=85.1950603&right=85.1956603&top=28.0163272&bottom=28.0157272&select=way862422109"
      }
    }, 
    {
      "type": "Feature", 
      "geometry": {
        "coordinates": [
          85.1394462, 
          27.8873461
        ], 
        "type": "Point"
      }, 
      "properties": {
        "severity": "Warnings", 
        "rule": "Untagged, empty and one node ways", 
        "message": "Unnamed ways", 
        "object_id": "way/1552996212", 
        "josm_remote_url": "http://127.0.0.1:8111/zoom?left=85.1391462&right=85.1397462&top=27.8876461&bottom=27.8870461&select=way1552996212"
      }
    }, 
    {
      "type": "Feature", 
      "geometry": {
        "coordinates": [
          85.1418124, 
          27.8866104
        ], 
        "type": "Point"
      }, 
      "properties": {
        "severity": "Warnings", 
        "rule": "Untagged, empty and one node ways", 
        "message": "Unnamed ways", 
        "object_id": "way/340610585", 
        "josm_remote_url": "http://127.0.0.1:8111/zoom?left=85.1415124&right=85.1421124&top=27.8869104&bottom=27.8863104&select=way340610585"
      }
    }, 
    {
      "type": "Feature", 
      "geometry": {
        "coordinates": [
          85.1478939, 
          27.9021735
        ], 
        "type": "Point"
      }, 
      "properties": {
        "severity": "Warnings", 
        "rule": "Untagged, empty and one node ways", 
        "message": "Unnamed ways", 
        "object_id": "way/1553090320", 
        "josm_remote_url": "http://127.0.0.1:8111/zoom?left=85.1475939&right=85.1481939&top=27.9024735&bottom=27.9018735&select=way1553090320"
      }
    }, 
    {
      "type": "Feature", 
      "geometry": {
        "coordinates": [
          85.1699447, 
          27.9649255
        ], 
        "type": "Point"
      }, 
      "properties": {
        "severity": "Warnings", 
        "rule": "Untagged, empty and one node ways", 
        "message": "Unnamed ways", 
        "object_id": "way/340421705", 
        "josm_remote_url": "http://127.0.0.1:8111/zoom?left=85.1696447&right=85.1702447&top=27.9652255&bottom=27.9646255&select=way340421705"
      }
    }, 
    {
      "type": "Feature", 
      "geometry": {
        "coordinates": [
          85.0728113, 
          27.8466077
        ], 
        "type": "Point"
      }, 
      "properties": {
        "severity": "Warnings", 
        "rule": "Untagged, empty and one node ways", 
        "message": "Unnamed ways", 
        "object_id": "way/1552715275", 
        "josm_remote_url": "http://127.0.0.1:8111/zoom?left=85.0725113&right=85.0731113&top=27.8469077&bottom=27.8463077&select=way1552715275"
      }
    }, 
    {
      "type": "Feature", 
      "geometry": {
        "coordinates": [
          85.1422872, 
          27.9095471
        ], 
        "type": "Point"
      }, 
      "properties": {
        "severity": "Warnings", 
        "rule": "Untagged, empty and one node ways", 
        "message": "Unnamed ways", 
        "object_id": "way/340485619", 
        "josm_remote_url": "http://127.0.0.1:8111/zoom?left=85.1419872&right=85.1425872&top=27.9098471&bottom=27.9092471&select=way340485619"
      }
    }, 
    {
      "type": "Feature", 
      "geometry": {
        "coordinates": [
          85.1292709, 
          27.8826495
        ], 
        "type": "Point"
      }, 
      "properties": {
        "severity": "Warnings", 
        "rule": "Untagged, empty and one node ways", 
        "message": "Unnamed ways", 
        "object_id": "way/1553162205", 
        "josm_remote_url": "http://127.0.0.1:8111/zoom?left=85.1289709&right=85.1295709&top=27.8829495&bottom=27.8823495&select=way1553162205"
      }
    }, 
    {
      "type": "Feature", 
      "geometry": {
        "coordinates": [
          85.160998, 
          27.9271877
        ], 
        "type": "Point"
      }, 
      "properties": {
        "severity": "Warnings", 
        "rule": "Untagged, empty and one node ways", 
        "message": "Unnamed ways", 
        "object_id": "way/1554211460", 
        "josm_remote_url": "http://127.0.0.1:8111/zoom?left=85.160698&right=85.161298&top=27.9274877&bottom=27.9268877&select=way1554211460"
      }
    }, 
    {
      "type": "Feature", 
      "geometry": {
        "coordinates": [
          85.1457394, 
          27.8958843
        ], 
        "type": "Point"
      }, 
      "properties": {
        "severity": "Warnings", 
        "rule": "Untagged, empty and one node ways", 
        "message": "Unnamed ways", 
        "object_id": "way/1472417176", 
        "josm_remote_url": "http://127.0.0.1:8111/zoom?left=85.1454394&right=85.1460394&top=27.8961843&bottom=27.8955843&select=way1472417176"
      }
    }, 
    {
      "type": "Feature", 
      "geometry": {
        "coordinates": [
          85.1468723, 
          27.934404
        ], 
        "type": "Point"
      }, 
      "properties": {
        "severity": "Warnings", 
        "rule": "Untagged, empty and one node ways", 
        "message": "Unnamed ways", 
        "object_id": "way/342019208", 
        "josm_remote_url": "http://127.0.0.1:8111/zoom?left=85.1465723&right=85.1471723&top=27.934704&bottom=27.934104&select=way342019208"
      }
    }, 
    {
      "type": "Feature", 
      "geometry": {
        "coordinates": [
          85.1361432, 
          27.8826022
        ], 
        "type": "Point"
      }, 
      "properties": {
        "severity": "Warnings", 
        "rule": "Untagged, empty and one node ways", 
        "message": "Unnamed ways", 
        "object_id": "way/341954673", 
        "josm_remote_url": "http://127.0.0.1:8111/zoom?left=85.1358432&right=85.1364432&top=27.8829022&bottom=27.8823022&select=way341954673"
      }
    }, 
    {
      "type": "Feature", 
      "geometry": {
        "coordinates": [
          85.1458529, 
          27.927118
        ], 
        "type": "Point"
      }, 
      "properties": {
        "severity": "Warnings", 
        "rule": "Untagged, empty and one node ways", 
        "message": "Unnamed ways", 
        "object_id": "way/237590756", 
        "josm_remote_url": "http://127.0.0.1:8111/zoom?left=85.1455529&right=85.1461529&top=27.927418&bottom=27.926818&select=way237590756"
      }
    }, 
    {
      "type": "Feature", 
      "geometry": {
        "coordinates": [
          85.111308, 
          27.8619977
        ], 
        "type": "Point"
      }, 
      "properties": {
        "severity": "Warnings", 
        "rule": "Untagged, empty and one node ways", 
        "message": "Unnamed ways", 
        "object_id": "way/1553326166", 
        "josm_remote_url": "http://127.0.0.1:8111/zoom?left=85.111008&right=85.111608&top=27.8622977&bottom=27.8616977&select=way1553326166"
      }
    }, 
    {
      "type": "Feature", 
      "geometry": {
        "coordinates": [
          85.1372002, 
          27.9135891
        ], 
        "type": "Point"
      }, 
      "properties": {
        "severity": "Warnings", 
        "rule": "Untagged, empty and one node ways", 
        "message": "Unnamed ways", 
        "object_id": "way/1552647554", 
        "josm_remote_url": "http://127.0.0.1:8111/zoom?left=85.1369002&right=85.1375002&top=27.9138891&bottom=27.9132891&select=way1552647554"
      }
    }, 
    {
      "type": "Feature", 
      "geometry": {
        "coordinates": [
          85.1238419, 
          27.8788079
        ], 
        "type": "Point"
      }, 
      "properties": {
        "severity": "Warnings", 
        "rule": "Untagged, empty and one node ways", 
        "message": "Unnamed ways", 
        "object_id": "way/1553204722", 
        "josm_remote_url": "http://127.0.0.1:8111/zoom?left=85.1235419&right=85.1241419&top=27.8791079&bottom=27.8785079&select=way1553204722"
      }
    }, 
    {
      "type": "Feature", 
      "geometry": {
        "coordinates": [
          85.1441513, 
          27.9347482
        ], 
        "type": "Point"
      }, 
      "properties": {
        "severity": "Warnings", 
        "rule": "Untagged, empty and one node ways", 
        "message": "Unnamed ways", 
        "object_id": "way/1396294761", 
        "josm_remote_url": "http://127.0.0.1:8111/zoom?left=85.1438513&right=85.1444513&top=27.9350482&bottom=27.9344482&select=way1396294761"
      }
    }, 
    {
      "type": "Feature", 
      "geometry": {
        "coordinates": [
          85.1557025, 
          27.9235911
        ], 
        "type": "Point"
      }, 
      "properties": {
        "severity": "Warnings", 
        "rule": "Untagged, empty and one node ways", 
        "message": "Unnamed ways", 
        "object_id": "way/264572836", 
        "josm_remote_url": "http://127.0.0.1:8111/zoom?left=85.1554025&right=85.1560025&top=27.9238911&bottom=27.9232911&select=way264572836"
      }
    }, 
    {
      "type": "Feature", 
      "geometry": {
        "coordinates": [
          85.1791023, 
          27.9877054
        ], 
        "type": "Point"
      }, 
      "properties": {
        "severity": "Warnings", 
        "rule": "Untagged, empty and one node ways", 
        "message": "Unnamed ways", 
        "object_id": "way/340424574", 
        "josm_remote_url": "http://127.0.0.1:8111/zoom?left=85.1788023&right=85.1794023&top=27.9880054&bottom=27.9874054&select=way340424574"
      }
    }, 
    {
      "type": "Feature", 
      "geometry": {
        "coordinates": [
          85.0968229, 
          27.8652667
        ], 
        "type": "Point"
      }, 
      "properties": {
        "severity": "Warnings", 
        "rule": "Untagged, empty and one node ways", 
        "message": "Unnamed ways", 
        "object_id": "way/340471996", 
        "josm_remote_url": "http://127.0.0.1:8111/zoom?left=85.0965229&right=85.0971229&top=27.8655667&bottom=27.8649667&select=way340471996"
      }
    }, 
    {
      "type": "Feature", 
      "geometry": {
        "coordinates": [
          85.1457115, 
          27.8931269
        ], 
        "type": "Point"
      }, 
      "properties": {
        "severity": "Warnings", 
        "rule": "Untagged, empty and one node ways", 
        "message": "Unnamed ways", 
        "object_id": "way/1472424148", 
        "josm_remote_url": "http://127.0.0.1:8111/zoom?left=85.1454115&right=85.1460115&top=27.8934269&bottom=27.8928269&select=way1472424148"
      }
    }, 
    {
      "type": "Feature", 
      "geometry": {
        "coordinates": [
          85.1919352, 
          28.0137031
        ], 
        "type": "Point"
      }, 
      "properties": {
        "severity": "Warnings", 
        "rule": "Untagged, empty and one node ways", 
        "message": "Unnamed ways", 
        "object_id": "way/1552957560", 
        "josm_remote_url": "http://127.0.0.1:8111/zoom?left=85.1916352&right=85.1922352&top=28.0140031&bottom=28.0134031&select=way1552957560"
      }
    }, 
    {
      "type": "Feature", 
      "geometry": {
        "coordinates": [
          85.144552, 
          27.8912971
        ], 
        "type": "Point"
      }, 
      "properties": {
        "severity": "Warnings", 
        "rule": "Untagged, empty and one node ways", 
        "message": "Unnamed ways", 
        "object_id": "way/1472424147", 
        "josm_remote_url": "http://127.0.0.1:8111/zoom?left=85.144252&right=85.144852&top=27.8915971&bottom=27.8909971&select=way1472424147"
      }
    }, 
    {
      "type": "Feature", 
      "geometry": {
        "coordinates": [
          85.1460615, 
          27.8925874
        ], 
        "type": "Point"
      }, 
      "properties": {
        "severity": "Warnings", 
        "rule": "Untagged, empty and one node ways", 
        "message": "Unnamed ways", 
        "object_id": "way/340553029", 
        "josm_remote_url": "http://127.0.0.1:8111/zoom?left=85.1457615&right=85.1463615&top=27.8928874&bottom=27.8922874&select=way340553029"
      }
    }, 
    {
      "type": "Feature", 
      "geometry": {
        "coordinates": [
          85.081265, 
          27.8544481
        ], 
        "type": "Point"
      }, 
      "properties": {
        "severity": "Warnings", 
        "rule": "Untagged, empty and one node ways", 
        "message": "Unnamed ways", 
        "object_id": "way/1553097546", 
        "josm_remote_url": "http://127.0.0.1:8111/zoom?left=85.080965&right=85.081565&top=27.8547481&bottom=27.8541481&select=way1553097546"
      }
    }, 
    {
      "type": "Feature", 
      "geometry": {
        "coordinates": [
          85.1450475, 
          27.932501
        ], 
        "type": "Point"
      }, 
      "properties": {
        "severity": "Warnings", 
        "rule": "Untagged, empty and one node ways", 
        "message": "Unnamed ways", 
        "object_id": "way/1390919145", 
        "josm_remote_url": "http://127.0.0.1:8111/zoom?left=85.1447475&right=85.1453475&top=27.932801&bottom=27.932201&select=way1390919145"
      }
    }, 
    {
      "type": "Feature", 
      "geometry": {
        "coordinates": [
          85.1477811, 
          27.9277685
        ], 
        "type": "Point"
      }, 
      "properties": {
        "severity": "Warnings", 
        "rule": "Untagged, empty and one node ways", 
        "message": "Unnamed ways", 
        "object_id": "way/306486130", 
        "josm_remote_url": "http://127.0.0.1:8111/zoom?left=85.1474811&right=85.1480811&top=27.9280685&bottom=27.9274685&select=way306486130"
      }
    }, 
    {
      "type": "Feature", 
      "geometry": {
        "coordinates": [
          85.1257831, 
          27.8679372
        ], 
        "type": "Point"
      }, 
      "properties": {
        "severity": "Warnings", 
        "rule": "Untagged, empty and one node ways", 
        "message": "Unnamed ways", 
        "object_id": "way/340444989", 
        "josm_remote_url": "http://127.0.0.1:8111/zoom?left=85.1254831&right=85.1260831&top=27.8682372&bottom=27.8676372&select=way340444989"
      }
    }, 
    {
      "type": "Feature", 
      "geometry": {
        "coordinates": [
          85.1456014, 
          27.9326193
        ], 
        "type": "Point"
      }, 
      "properties": {
        "severity": "Warnings", 
        "rule": "Untagged, empty and one node ways", 
        "message": "Unnamed ways", 
        "object_id": "way/340503507", 
        "josm_remote_url": "http://127.0.0.1:8111/zoom?left=85.1453014&right=85.1459014&top=27.9329193&bottom=27.9323193&select=way340503507"
      }
    }, 
    {
      "type": "Feature", 
      "geometry": {
        "coordinates": [
          85.2783206, 
          28.1108658
        ], 
        "type": "Point"
      }, 
      "properties": {
        "severity": "Warnings", 
        "rule": "Untagged, empty and one node ways", 
        "message": "Untagged ways", 
        "object_id": "way/911181403", 
        "josm_remote_url": "http://127.0.0.1:8111/zoom?left=85.2780206&right=85.2786206&top=28.1111658&bottom=28.1105658&select=way911181403"
      }
    }, 
    {
      "type": "Feature", 
      "geometry": {
        "coordinates": [
          85.1420319, 
          27.8870729
        ], 
        "type": "Point"
      }, 
      "properties": {
        "severity": "Warnings", 
        "rule": "Untagged, empty and one node ways", 
        "message": "Unnamed ways", 
        "object_id": "way/1553160737", 
        "josm_remote_url": "http://127.0.0.1:8111/zoom?left=85.1417319&right=85.1423319&top=27.8873729&bottom=27.8867729&select=way1553160737"
      }
    }, 
    {
      "type": "Feature", 
      "geometry": {
        "coordinates": [
          85.1443099, 
          27.8939001
        ], 
        "type": "Point"
      }, 
      "properties": {
        "severity": "Warnings", 
        "rule": "Untagged, empty and one node ways", 
        "message": "Unnamed ways", 
        "object_id": "way/1472424143", 
        "josm_remote_url": "http://127.0.0.1:8111/zoom?left=85.1440099&right=85.1446099&top=27.8942001&bottom=27.8936001&select=way1472424143"
      }
    }, 
    {
      "type": "Feature", 
      "geometry": {
        "coordinates": [
          85.1429954, 
          27.8851396
        ], 
        "type": "Point"
      }, 
      "properties": {
        "severity": "Warnings", 
        "rule": "Untagged, empty and one node ways", 
        "message": "Unnamed ways", 
        "object_id": "way/340581855", 
        "josm_remote_url": "http://127.0.0.1:8111/zoom?left=85.1426954&right=85.1432954&top=27.8854396&bottom=27.8848396&select=way340581855"
      }
    }, 
    {
      "type": "Feature", 
      "geometry": {
        "coordinates": [
          85.1212976, 
          27.8687347
        ], 
        "type": "Point"
      }, 
      "properties": {
        "severity": "Warnings", 
        "rule": "Untagged, empty and one node ways", 
        "message": "Unnamed ways", 
        "object_id": "way/1320002023", 
        "josm_remote_url": "http://127.0.0.1:8111/zoom?left=85.1209976&right=85.1215976&top=27.8690347&bottom=27.8684347&select=way1320002023"
      }
    }, 
    {
      "type": "Feature", 
      "geometry": {
        "coordinates": [
          85.1391563, 
          27.909931
        ], 
        "type": "Point"
      }, 
      "properties": {
        "severity": "Warnings", 
        "rule": "Untagged, empty and one node ways", 
        "message": "Unnamed ways", 
        "object_id": "way/1552998044", 
        "josm_remote_url": "http://127.0.0.1:8111/zoom?left=85.1388563&right=85.1394563&top=27.910231&bottom=27.909631&select=way1552998044"
      }
    }, 
    {
      "type": "Feature", 
      "geometry": {
        "coordinates": [
          85.1851827, 
          27.9724803
        ], 
        "type": "Point"
      }, 
      "properties": {
        "severity": "Warnings", 
        "rule": "Untagged, empty and one node ways", 
        "message": "Unnamed ways", 
        "object_id": "way/1434607566", 
        "josm_remote_url": "http://127.0.0.1:8111/zoom?left=85.1848827&right=85.1854827&top=27.9727803&bottom=27.9721803&select=way1434607566"
      }
    }, 
    {
      "type": "Feature", 
      "geometry": {
        "coordinates": [
          85.1479387, 
          27.9030827
        ], 
        "type": "Point"
      }, 
      "properties": {
        "severity": "Warnings", 
        "rule": "Untagged, empty and one node ways", 
        "message": "Unnamed ways", 
        "object_id": "way/756588560", 
        "josm_remote_url": "http://127.0.0.1:8111/zoom?left=85.1476387&right=85.1482387&top=27.9033827&bottom=27.9027827&select=way756588560"
      }
    }, 
    {
      "type": "Feature", 
      "geometry": {
        "coordinates": [
          85.1397684, 
          27.9002858
        ], 
        "type": "Point"
      }, 
      "properties": {
        "severity": "Warnings", 
        "rule": "Untagged, empty and one node ways", 
        "message": "Unnamed ways", 
        "object_id": "way/340455593", 
        "josm_remote_url": "http://127.0.0.1:8111/zoom?left=85.1394684&right=85.1400684&top=27.9005858&bottom=27.8999858&select=way340455593"
      }
    }, 
    {
      "type": "Feature", 
      "geometry": {
        "coordinates": [
          85.1459382, 
          27.9044283
        ], 
        "type": "Point"
      }, 
      "properties": {
        "severity": "Warnings", 
        "rule": "Untagged, empty and one node ways", 
        "message": "Unnamed ways", 
        "object_id": "way/1553090321", 
        "josm_remote_url": "http://127.0.0.1:8111/zoom?left=85.1456382&right=85.1462382&top=27.9047283&bottom=27.9041283&select=way1553090321"
      }
    }, 
    {
      "type": "Feature", 
      "geometry": {
        "coordinates": [
          85.1288586, 
          27.8822188
        ], 
        "type": "Point"
      }, 
      "properties": {
        "severity": "Warnings", 
        "rule": "Untagged, empty and one node ways", 
        "message": "Unnamed ways", 
        "object_id": "way/1553163896", 
        "josm_remote_url": "http://127.0.0.1:8111/zoom?left=85.1285586&right=85.1291586&top=27.8825188&bottom=27.8819188&select=way1553163896"
      }
    }, 
    {
      "type": "Feature", 
      "geometry": {
        "coordinates": [
          85.1400451, 
          27.9006161
        ], 
        "type": "Point"
      }, 
      "properties": {
        "severity": "Warnings", 
        "rule": "Untagged, empty and one node ways", 
        "message": "Unnamed ways", 
        "object_id": "way/340608127", 
        "josm_remote_url": "http://127.0.0.1:8111/zoom?left=85.1397451&right=85.1403451&top=27.9009161&bottom=27.9003161&select=way340608127"
      }
    }, 
    {
      "type": "Feature", 
      "geometry": {
        "coordinates": [
          85.1474628, 
          27.9277333
        ], 
        "type": "Point"
      }, 
      "properties": {
        "severity": "Warnings", 
        "rule": "Untagged, empty and one node ways", 
        "message": "Unnamed ways", 
        "object_id": "way/237590772", 
        "josm_remote_url": "http://127.0.0.1:8111/zoom?left=85.1471628&right=85.1477628&top=27.9280333&bottom=27.9274333&select=way237590772"
      }
    }, 
    {
      "type": "Feature", 
      "geometry": {
        "coordinates": [
          85.1483596, 
          27.8997398
        ], 
        "type": "Point"
      }, 
      "properties": {
        "severity": "Warnings", 
        "rule": "Untagged, empty and one node ways", 
        "message": "Unnamed ways", 
        "object_id": "way/1552981476", 
        "josm_remote_url": "http://127.0.0.1:8111/zoom?left=85.1480596&right=85.1486596&top=27.9000398&bottom=27.8994398&select=way1552981476"
      }
    }, 
    {
      "type": "Feature", 
      "geometry": {
        "coordinates": [
          85.172241, 
          27.9825281
        ], 
        "type": "Point"
      }, 
      "properties": {
        "severity": "Warnings", 
        "rule": "Untagged, empty and one node ways", 
        "message": "Unnamed ways", 
        "object_id": "way/346389975", 
        "josm_remote_url": "http://127.0.0.1:8111/zoom?left=85.171941&right=85.172541&top=27.9828281&bottom=27.9822281&select=way346389975"
      }
    }, 
    {
      "type": "Feature", 
      "geometry": {
        "coordinates": [
          85.1415769, 
          27.8932816
        ], 
        "type": "Point"
      }, 
      "properties": {
        "severity": "Warnings", 
        "rule": "Untagged, empty and one node ways", 
        "message": "Unnamed ways", 
        "object_id": "way/1553113858", 
        "josm_remote_url": "http://127.0.0.1:8111/zoom?left=85.1412769&right=85.1418769&top=27.8935816&bottom=27.8929816&select=way1553113858"
      }
    }, 
    {
      "type": "Feature", 
      "geometry": {
        "coordinates": [
          85.1389608, 
          27.9097853
        ], 
        "type": "Point"
      }, 
      "properties": {
        "severity": "Warnings", 
        "rule": "Untagged, empty and one node ways", 
        "message": "Unnamed ways", 
        "object_id": "way/340606145", 
        "josm_remote_url": "http://127.0.0.1:8111/zoom?left=85.1386608&right=85.1392608&top=27.9100853&bottom=27.9094853&select=way340606145"
      }
    }, 
    {
      "type": "Feature", 
      "geometry": {
        "coordinates": [
          85.1480475, 
          27.9208994
        ], 
        "type": "Point"
      }, 
      "properties": {
        "severity": "Warnings", 
        "rule": "Untagged, empty and one node ways", 
        "message": "Unnamed ways", 
        "object_id": "way/1463147995", 
        "josm_remote_url": "http://127.0.0.1:8111/zoom?left=85.1477475&right=85.1483475&top=27.9211994&bottom=27.9205994&select=way1463147995"
      }
    }, 
    {
      "type": "Feature", 
      "geometry": {
        "coordinates": [
          85.1443089, 
          27.911417
        ], 
        "type": "Point"
      }, 
      "properties": {
        "severity": "Warnings", 
        "rule": "Untagged, empty and one node ways", 
        "message": "Unnamed ways", 
        "object_id": "way/340485626", 
        "josm_remote_url": "http://127.0.0.1:8111/zoom?left=85.1440089&right=85.1446089&top=27.911717&bottom=27.911117&select=way340485626"
      }
    }, 
    {
      "type": "Feature", 
      "geometry": {
        "coordinates": [
          85.1385391, 
          27.8811528
        ], 
        "type": "Point"
      }, 
      "properties": {
        "severity": "Warnings", 
        "rule": "Untagged, empty and one node ways", 
        "message": "Unnamed ways", 
        "object_id": "way/1553118986", 
        "josm_remote_url": "http://127.0.0.1:8111/zoom?left=85.1382391&right=85.1388391&top=27.8814528&bottom=27.8808528&select=way1553118986"
      }
    }, 
    {
      "type": "Feature", 
      "geometry": {
        "coordinates": [
          85.1467343, 
          27.9254465
        ], 
        "type": "Point"
      }, 
      "properties": {
        "severity": "Warnings", 
        "rule": "Untagged, empty and one node ways", 
        "message": "Unnamed ways", 
        "object_id": "way/303466442", 
        "josm_remote_url": "http://127.0.0.1:8111/zoom?left=85.1464343&right=85.1470343&top=27.9257465&bottom=27.9251465&select=way303466442"
      }
    }, 
    {
      "type": "Feature", 
      "geometry": {
        "coordinates": [
          85.1351043, 
          27.8810927
        ], 
        "type": "Point"
      }, 
      "properties": {
        "severity": "Warnings", 
        "rule": "Untagged, empty and one node ways", 
        "message": "Unnamed ways", 
        "object_id": "way/1553160734", 
        "josm_remote_url": "http://127.0.0.1:8111/zoom?left=85.1348043&right=85.1354043&top=27.8813927&bottom=27.8807927&select=way1553160734"
      }
    }, 
    {
      "type": "Feature", 
      "geometry": {
        "coordinates": [
          85.1454624, 
          27.9264406
        ], 
        "type": "Point"
      }, 
      "properties": {
        "severity": "Warnings", 
        "rule": "Untagged, empty and one node ways", 
        "message": "Unnamed ways", 
        "object_id": "way/237590757", 
        "josm_remote_url": "http://127.0.0.1:8111/zoom?left=85.1451624&right=85.1457624&top=27.9267406&bottom=27.9261406&select=way237590757"
      }
    }, 
    {
      "type": "Feature", 
      "geometry": {
        "coordinates": [
          85.1065491, 
          27.8593187
        ], 
        "type": "Point"
      }, 
      "properties": {
        "severity": "Warnings", 
        "rule": "Untagged, empty and one node ways", 
        "message": "Unnamed ways", 
        "object_id": "way/340477899", 
        "josm_remote_url": "http://127.0.0.1:8111/zoom?left=85.1062491&right=85.1068491&top=27.8596187&bottom=27.8590187&select=way340477899"
      }
    }, 
    {
      "type": "Feature", 
      "geometry": {
        "coordinates": [
          85.1455952, 
          27.925092
        ], 
        "type": "Point"
      }, 
      "properties": {
        "severity": "Warnings", 
        "rule": "Untagged, empty and one node ways", 
        "message": "Unnamed ways", 
        "object_id": "way/533183932", 
        "josm_remote_url": "http://127.0.0.1:8111/zoom?left=85.1452952&right=85.1458952&top=27.925392&bottom=27.924792&select=way533183932"
      }
    }, 
    {
      "type": "Feature", 
      "geometry": {
        "coordinates": [
          85.3318333, 
          28.1636559
        ], 
        "type": "Point"
      }, 
      "properties": {
        "severity": "Warnings", 
        "rule": "Untagged, empty and one node ways", 
        "message": "Unnamed ways", 
        "object_id": "way/934964432", 
        "josm_remote_url": "http://127.0.0.1:8111/zoom?left=85.3315333&right=85.3321333&top=28.1639559&bottom=28.1633559&select=way934964432"
      }
    }, 
    {
      "type": "Feature", 
      "geometry": {
        "coordinates": [
          85.1379109, 
          27.9125227
        ], 
        "type": "Point"
      }, 
      "properties": {
        "severity": "Warnings", 
        "rule": "Untagged, empty and one node ways", 
        "message": "Unnamed ways", 
        "object_id": "way/1552647555", 
        "josm_remote_url": "http://127.0.0.1:8111/zoom?left=85.1376109&right=85.1382109&top=27.9128227&bottom=27.9122227&select=way1552647555"
      }
    }, 
    {
      "type": "Feature", 
      "geometry": {
        "coordinates": [
          85.1267294, 
          27.8650691
        ], 
        "type": "Point"
      }, 
      "properties": {
        "severity": "Warnings", 
        "rule": "Untagged, empty and one node ways", 
        "message": "Unnamed ways", 
        "object_id": "way/1553110906", 
        "josm_remote_url": "http://127.0.0.1:8111/zoom?left=85.1264294&right=85.1270294&top=27.8653691&bottom=27.8647691&select=way1553110906"
      }
    }, 
    {
      "type": "Feature", 
      "geometry": {
        "coordinates": [
          85.1380361, 
          27.9091332
        ], 
        "type": "Point"
      }, 
      "properties": {
        "severity": "Warnings", 
        "rule": "Untagged, empty and one node ways", 
        "message": "Unnamed ways", 
        "object_id": "way/340606143", 
        "josm_remote_url": "http://127.0.0.1:8111/zoom?left=85.1377361&right=85.1383361&top=27.9094332&bottom=27.9088332&select=way340606143"
      }
    }, 
    {
      "type": "Feature", 
      "geometry": {
        "coordinates": [
          85.1492227, 
          27.9258501
        ], 
        "type": "Point"
      }, 
      "properties": {
        "severity": "Warnings", 
        "rule": "Untagged, empty and one node ways", 
        "message": "Unnamed ways", 
        "object_id": "way/303470446", 
        "josm_remote_url": "http://127.0.0.1:8111/zoom?left=85.1489227&right=85.1495227&top=27.9261501&bottom=27.9255501&select=way303470446"
      }
    }, 
    {
      "type": "Feature", 
      "geometry": {
        "coordinates": [
          85.0942102, 
          27.8646597
        ], 
        "type": "Point"
      }, 
      "properties": {
        "severity": "Warnings", 
        "rule": "Untagged, empty and one node ways", 
        "message": "Unnamed ways", 
        "object_id": "way/1553100923", 
        "josm_remote_url": "http://127.0.0.1:8111/zoom?left=85.0939102&right=85.0945102&top=27.8649597&bottom=27.8643597&select=way1553100923"
      }
    }, 
    {
      "type": "Feature", 
      "geometry": {
        "coordinates": [
          85.1943816, 
          28.0119581
        ], 
        "type": "Point"
      }, 
      "properties": {
        "severity": "Warnings", 
        "rule": "Untagged, empty and one node ways", 
        "message": "Unnamed ways", 
        "object_id": "way/1553006510", 
        "josm_remote_url": "http://127.0.0.1:8111/zoom?left=85.1940816&right=85.1946816&top=28.0122581&bottom=28.0116581&select=way1553006510"
      }
    }, 
    {
      "type": "Feature", 
      "geometry": {
        "coordinates": [
          85.1445632, 
          27.8925196
        ], 
        "type": "Point"
      }, 
      "properties": {
        "severity": "Warnings", 
        "rule": "Untagged, empty and one node ways", 
        "message": "Unnamed ways", 
        "object_id": "way/1472424144", 
        "josm_remote_url": "http://127.0.0.1:8111/zoom?left=85.1442632&right=85.1448632&top=27.8928196&bottom=27.8922196&select=way1472424144"
      }
    }, 
    {
      "type": "Feature", 
      "geometry": {
        "coordinates": [
          85.1423276, 
          27.884021
        ], 
        "type": "Point"
      }, 
      "properties": {
        "severity": "Warnings", 
        "rule": "Untagged, empty and one node ways", 
        "message": "Unnamed ways", 
        "object_id": "way/340581858", 
        "josm_remote_url": "http://127.0.0.1:8111/zoom?left=85.1420276&right=85.1426276&top=27.884321&bottom=27.883721&select=way340581858"
      }
    }, 
    {
      "type": "Feature", 
      "geometry": {
        "coordinates": [
          85.0937959, 
          27.8585458
        ], 
        "type": "Point"
      }, 
      "properties": {
        "severity": "Warnings", 
        "rule": "Untagged, empty and one node ways", 
        "message": "Unnamed ways", 
        "object_id": "way/341986977", 
        "josm_remote_url": "http://127.0.0.1:8111/zoom?left=85.0934959&right=85.0940959&top=27.8588458&bottom=27.8582458&select=way341986977"
      }
    }, 
    {
      "type": "Feature", 
      "geometry": {
        "coordinates": [
          85.1443674, 
          27.9101101
        ], 
        "type": "Point"
      }, 
      "properties": {
        "severity": "Warnings", 
        "rule": "Untagged, empty and one node ways", 
        "message": "Unnamed ways", 
        "object_id": "way/1552736382", 
        "josm_remote_url": "http://127.0.0.1:8111/zoom?left=85.1440674&right=85.1446674&top=27.9104101&bottom=27.9098101&select=way1552736382"
      }
    }, 
    {
      "type": "Feature", 
      "geometry": {
        "coordinates": [
          85.1242322, 
          27.8786467
        ], 
        "type": "Point"
      }, 
      "properties": {
        "severity": "Warnings", 
        "rule": "Untagged, empty and one node ways", 
        "message": "Unnamed ways", 
        "object_id": "way/1553204719", 
        "josm_remote_url": "http://127.0.0.1:8111/zoom?left=85.1239322&right=85.1245322&top=27.8789467&bottom=27.8783467&select=way1553204719"
      }
    }, 
    {
      "type": "Feature", 
      "geometry": {
        "coordinates": [
          85.1222179, 
          27.8765359
        ], 
        "type": "Point"
      }, 
      "properties": {
        "severity": "Warnings", 
        "rule": "Untagged, empty and one node ways", 
        "message": "Unnamed ways", 
        "object_id": "way/340457289", 
        "josm_remote_url": "http://127.0.0.1:8111/zoom?left=85.1219179&right=85.1225179&top=27.8768359&bottom=27.8762359&select=way340457289"
      }
    }, 
    {
      "type": "Feature", 
      "geometry": {
        "coordinates": [
          85.1474831, 
          27.8981686
        ], 
        "type": "Point"
      }, 
      "properties": {
        "severity": "Warnings", 
        "rule": "Untagged, empty and one node ways", 
        "message": "Unnamed ways", 
        "object_id": "way/341482767", 
        "josm_remote_url": "http://127.0.0.1:8111/zoom?left=85.1471831&right=85.1477831&top=27.8984686&bottom=27.8978686&select=way341482767"
      }
    }, 
    {
      "type": "Feature", 
      "geometry": {
        "coordinates": [
          85.1463036, 
          27.9267386
        ], 
        "type": "Point"
      }, 
      "properties": {
        "severity": "Warnings", 
        "rule": "Untagged, empty and one node ways", 
        "message": "Unnamed ways", 
        "object_id": "way/303467531", 
        "josm_remote_url": "http://127.0.0.1:8111/zoom?left=85.1460036&right=85.1466036&top=27.9270386&bottom=27.9264386&select=way303467531"
      }
    }, 
    {
      "type": "Feature", 
      "geometry": {
        "coordinates": [
          85.1170592, 
          27.8696081
        ], 
        "type": "Point"
      }, 
      "properties": {
        "severity": "Warnings", 
        "rule": "Untagged, empty and one node ways", 
        "message": "Unnamed ways", 
        "object_id": "way/342017022", 
        "josm_remote_url": "http://127.0.0.1:8111/zoom?left=85.1167592&right=85.1173592&top=27.8699081&bottom=27.8693081&select=way342017022"
      }
    }, 
    {
      "type": "Feature", 
      "geometry": {
        "coordinates": [
          85.1460615, 
          27.8925874
        ], 
        "type": "Point"
      }, 
      "properties": {
        "severity": "Warnings", 
        "rule": "Untagged, empty and one node ways", 
        "message": "Unnamed ways", 
        "object_id": "way/341486221", 
        "josm_remote_url": "http://127.0.0.1:8111/zoom?left=85.1457615&right=85.1463615&top=27.8928874&bottom=27.8922874&select=way341486221"
      }
    }, 
    {
      "type": "Feature", 
      "geometry": {
        "coordinates": [
          85.1457864, 
          27.9287799
        ], 
        "type": "Point"
      }, 
      "properties": {
        "severity": "Warnings", 
        "rule": "Untagged, empty and one node ways", 
        "message": "Unnamed ways", 
        "object_id": "way/303466453", 
        "josm_remote_url": "http://127.0.0.1:8111/zoom?left=85.1454864&right=85.1460864&top=27.9290799&bottom=27.9284799&select=way303466453"
      }
    }, 
    {
      "type": "Feature", 
      "geometry": {
        "coordinates": [
          85.1355927, 
          27.8851649
        ], 
        "type": "Point"
      }, 
      "properties": {
        "severity": "Warnings", 
        "rule": "Untagged, empty and one node ways", 
        "message": "Unnamed ways", 
        "object_id": "way/341954706", 
        "josm_remote_url": "http://127.0.0.1:8111/zoom?left=85.1352927&right=85.1358927&top=27.8854649&bottom=27.8848649&select=way341954706"
      }
    }, 
    {
      "type": "Feature", 
      "geometry": {
        "coordinates": [
          85.1390545, 
          27.9096873
        ], 
        "type": "Point"
      }, 
      "properties": {
        "severity": "Warnings", 
        "rule": "Untagged, empty and one node ways", 
        "message": "Unnamed ways", 
        "object_id": "way/1552998045", 
        "josm_remote_url": "http://127.0.0.1:8111/zoom?left=85.1387545&right=85.1393545&top=27.9099873&bottom=27.9093873&select=way1552998045"
      }
    }, 
    {
      "type": "Feature", 
      "geometry": {
        "coordinates": [
          85.0933868, 
          27.8595218
        ], 
        "type": "Point"
      }, 
      "properties": {
        "severity": "Warnings", 
        "rule": "Untagged, empty and one node ways", 
        "message": "Unnamed ways", 
        "object_id": "way/340539720", 
        "josm_remote_url": "http://127.0.0.1:8111/zoom?left=85.0930868&right=85.0936868&top=27.8598218&bottom=27.8592218&select=way340539720"
      }
    }, 
    {
      "type": "Feature", 
      "geometry": {
        "coordinates": [
          85.1292709, 
          27.8826495
        ], 
        "type": "Point"
      }, 
      "properties": {
        "severity": "Warnings", 
        "rule": "Untagged, empty and one node ways", 
        "message": "Unnamed ways", 
        "object_id": "way/1553163897", 
        "josm_remote_url": "http://127.0.0.1:8111/zoom?left=85.1289709&right=85.1295709&top=27.8829495&bottom=27.8823495&select=way1553163897"
      }
    }, 
    {
      "type": "Feature", 
      "geometry": {
        "coordinates": [
          85.1164688, 
          27.8617732
        ], 
        "type": "Point"
      }, 
      "properties": {
        "severity": "Warnings", 
        "rule": "Untagged, empty and one node ways", 
        "message": "Unnamed ways", 
        "object_id": "way/342139901", 
        "josm_remote_url": "http://127.0.0.1:8111/zoom?left=85.1161688&right=85.1167688&top=27.8620732&bottom=27.8614732&select=way342139901"
      }
    }, 
    {
      "type": "Feature", 
      "geometry": {
        "coordinates": [
          85.1416163, 
          27.9112795
        ], 
        "type": "Point"
      }, 
      "properties": {
        "severity": "Warnings", 
        "rule": "Untagged, empty and one node ways", 
        "message": "Unnamed ways", 
        "object_id": "way/340485617", 
        "josm_remote_url": "http://127.0.0.1:8111/zoom?left=85.1413163&right=85.1419163&top=27.9115795&bottom=27.9109795&select=way340485617"
      }
    }, 
    {
      "type": "Feature", 
      "geometry": {
        "coordinates": [
          85.2948997, 
          28.1137128
        ], 
        "type": "Point"
      }, 
      "properties": {
        "severity": "Warnings", 
        "rule": "Untagged, empty and one node ways", 
        "message": "Unnamed ways", 
        "object_id": "way/341352186", 
        "josm_remote_url": "http://127.0.0.1:8111/zoom?left=85.2945997&right=85.2951997&top=28.1140128&bottom=28.1134128&select=way341352186"
      }
    }, 
    {
      "type": "Feature", 
      "geometry": {
        "coordinates": [
          85.1385165, 
          27.8748496
        ], 
        "type": "Point"
      }, 
      "properties": {
        "severity": "Warnings", 
        "rule": "Untagged, empty and one node ways", 
        "message": "Unnamed ways", 
        "object_id": "way/225746347", 
        "josm_remote_url": "http://127.0.0.1:8111/zoom?left=85.1382165&right=85.1388165&top=27.8751496&bottom=27.8745496&select=way225746347"
      }
    }, 
    {
      "type": "Feature", 
      "geometry": {
        "coordinates": [
          85.075046, 
          27.8546675
        ], 
        "type": "Point"
      }, 
      "properties": {
        "severity": "Warnings", 
        "rule": "Untagged, empty and one node ways", 
        "message": "Unnamed ways", 
        "object_id": "way/340614632", 
        "josm_remote_url": "http://127.0.0.1:8111/zoom?left=85.074746&right=85.075346&top=27.8549675&bottom=27.8543675&select=way340614632"
      }
    }, 
    {
      "type": "Feature", 
      "geometry": {
        "coordinates": [
          85.3321994, 
          28.1627304
        ], 
        "type": "Point"
      }, 
      "properties": {
        "severity": "Warnings", 
        "rule": "Untagged, empty and one node ways", 
        "message": "Unnamed ways", 
        "object_id": "way/504509851", 
        "josm_remote_url": "http://127.0.0.1:8111/zoom?left=85.3318994&right=85.3324994&top=28.1630304&bottom=28.1624304&select=way504509851"
      }
    }, 
    {
      "type": "Feature", 
      "geometry": {
        "coordinates": [
          85.1467037, 
          27.9038299
        ], 
        "type": "Point"
      }, 
      "properties": {
        "severity": "Warnings", 
        "rule": "Untagged, empty and one node ways", 
        "message": "Unnamed ways", 
        "object_id": "way/1553090328", 
        "josm_remote_url": "http://127.0.0.1:8111/zoom?left=85.1464037&right=85.1470037&top=27.9041299&bottom=27.9035299&select=way1553090328"
      }
    }, 
    {
      "type": "Feature", 
      "geometry": {
        "coordinates": [
          85.1321679, 
          27.8746465
        ], 
        "type": "Point"
      }, 
      "properties": {
        "severity": "Warnings", 
        "rule": "Untagged, empty and one node ways", 
        "message": "Unnamed ways", 
        "object_id": "way/1553092028", 
        "josm_remote_url": "http://127.0.0.1:8111/zoom?left=85.1318679&right=85.1324679&top=27.8749465&bottom=27.8743465&select=way1553092028"
      }
    }, 
    {
      "type": "Feature", 
      "geometry": {
        "coordinates": [
          85.1358376, 
          27.885636
        ], 
        "type": "Point"
      }, 
      "properties": {
        "severity": "Warnings", 
        "rule": "Untagged, empty and one node ways", 
        "message": "Unnamed ways", 
        "object_id": "way/341954702", 
        "josm_remote_url": "http://127.0.0.1:8111/zoom?left=85.1355376&right=85.1361376&top=27.885936&bottom=27.885336&select=way341954702"
      }
    }, 
    {
      "type": "Feature", 
      "geometry": {
        "coordinates": [
          85.3409257, 
          28.1667894
        ], 
        "type": "Point"
      }, 
      "properties": {
        "severity": "Warnings", 
        "rule": "Untagged, empty and one node ways", 
        "message": "Unnamed ways", 
        "object_id": "way/121203554", 
        "josm_remote_url": "http://127.0.0.1:8111/zoom?left=85.3406257&right=85.3412257&top=28.1670894&bottom=28.1664894&select=way121203554"
      }
    }, 
    {
      "type": "Feature", 
      "geometry": {
        "coordinates": [
          85.1310316, 
          27.8732741
        ], 
        "type": "Point"
      }, 
      "properties": {
        "severity": "Warnings", 
        "rule": "Untagged, empty and one node ways", 
        "message": "Unnamed ways", 
        "object_id": "way/1553092027", 
        "josm_remote_url": "http://127.0.0.1:8111/zoom?left=85.1307316&right=85.1313316&top=27.8735741&bottom=27.8729741&select=way1553092027"
      }
    }, 
    {
      "type": "Feature", 
      "geometry": {
        "coordinates": [
          85.1462123, 
          27.8934824
        ], 
        "type": "Point"
      }, 
      "properties": {
        "severity": "Warnings", 
        "rule": "Untagged, empty and one node ways", 
        "message": "Unnamed ways", 
        "object_id": "way/756588557", 
        "josm_remote_url": "http://127.0.0.1:8111/zoom?left=85.1459123&right=85.1465123&top=27.8937824&bottom=27.8931824&select=way756588557"
      }
    }, 
    {
      "type": "Feature", 
      "geometry": {
        "coordinates": [
          85.097675, 
          27.861425
        ], 
        "type": "Point"
      }, 
      "properties": {
        "severity": "Warnings", 
        "rule": "Untagged, empty and one node ways", 
        "message": "Unnamed ways", 
        "object_id": "way/1553053158", 
        "josm_remote_url": "http://127.0.0.1:8111/zoom?left=85.097375&right=85.097975&top=27.861725&bottom=27.861125&select=way1553053158"
      }
    }, 
    {
      "type": "Feature", 
      "geometry": {
        "coordinates": [
          85.1278467, 
          27.8657081
        ], 
        "type": "Point"
      }, 
      "properties": {
        "severity": "Warnings", 
        "rule": "Untagged, empty and one node ways", 
        "message": "Unnamed ways", 
        "object_id": "way/1553110908", 
        "josm_remote_url": "http://127.0.0.1:8111/zoom?left=85.1275467&right=85.1281467&top=27.8660081&bottom=27.8654081&select=way1553110908"
      }
    }, 
    {
      "type": "Feature", 
      "geometry": {
        "coordinates": [
          85.0967008, 
          27.8672719
        ], 
        "type": "Point"
      }, 
      "properties": {
        "severity": "Warnings", 
        "rule": "Untagged, empty and one node ways", 
        "message": "Unnamed ways", 
        "object_id": "way/1552749759", 
        "josm_remote_url": "http://127.0.0.1:8111/zoom?left=85.0964008&right=85.0970008&top=27.8675719&bottom=27.8669719&select=way1552749759"
      }
    }, 
    {
      "type": "Feature", 
      "geometry": {
        "coordinates": [
          85.1476523, 
          27.927365
        ], 
        "type": "Point"
      }, 
      "properties": {
        "severity": "Warnings", 
        "rule": "Untagged, empty and one node ways", 
        "message": "Unnamed ways", 
        "object_id": "way/1553181558", 
        "josm_remote_url": "http://127.0.0.1:8111/zoom?left=85.1473523&right=85.1479523&top=27.927665&bottom=27.927065&select=way1553181558"
      }
    }, 
    {
      "type": "Feature", 
      "geometry": {
        "coordinates": [
          85.1260915, 
          27.8658462
        ], 
        "type": "Point"
      }, 
      "properties": {
        "severity": "Warnings", 
        "rule": "Untagged, empty and one node ways", 
        "message": "Unnamed ways", 
        "object_id": "way/1553110907", 
        "josm_remote_url": "http://127.0.0.1:8111/zoom?left=85.1257915&right=85.1263915&top=27.8661462&bottom=27.8655462&select=way1553110907"
      }
    }, 
    {
      "type": "Feature", 
      "geometry": {
        "coordinates": [
          85.1242382, 
          27.8787522
        ], 
        "type": "Point"
      }, 
      "properties": {
        "severity": "Warnings", 
        "rule": "Untagged, empty and one node ways", 
        "message": "Unnamed ways", 
        "object_id": "way/1553204720", 
        "josm_remote_url": "http://127.0.0.1:8111/zoom?left=85.1239382&right=85.1245382&top=27.8790522&bottom=27.8784522&select=way1553204720"
      }
    }, 
    {
      "type": "Feature", 
      "geometry": {
        "coordinates": [
          85.1431524, 
          27.9277347
        ], 
        "type": "Point"
      }, 
      "properties": {
        "severity": "Warnings", 
        "rule": "Untagged, empty and one node ways", 
        "message": "Unnamed ways", 
        "object_id": "way/237590764", 
        "josm_remote_url": "http://127.0.0.1:8111/zoom?left=85.1428524&right=85.1434524&top=27.9280347&bottom=27.9274347&select=way237590764"
      }
    }, 
    {
      "type": "Feature", 
      "geometry": {
        "coordinates": [
          85.1446952, 
          27.9302526
        ], 
        "type": "Point"
      }, 
      "properties": {
        "severity": "Warnings", 
        "rule": "Untagged, empty and one node ways", 
        "message": "Unnamed ways", 
        "object_id": "way/340630657", 
        "josm_remote_url": "http://127.0.0.1:8111/zoom?left=85.1443952&right=85.1449952&top=27.9305526&bottom=27.9299526&select=way340630657"
      }
    }, 
    {
      "type": "Feature", 
      "geometry": {
        "coordinates": [
          85.1448874, 
          27.9185068
        ], 
        "type": "Point"
      }, 
      "properties": {
        "severity": "Warnings", 
        "rule": "Untagged, empty and one node ways", 
        "message": "Unnamed ways", 
        "object_id": "way/303470442", 
        "josm_remote_url": "http://127.0.0.1:8111/zoom?left=85.1445874&right=85.1451874&top=27.9188068&bottom=27.9182068&select=way303470442"
      }
    }, 
    {
      "type": "Feature", 
      "geometry": {
        "coordinates": [
          85.1093171, 
          27.8588806
        ], 
        "type": "Point"
      }, 
      "properties": {
        "severity": "Warnings", 
        "rule": "Untagged, empty and one node ways", 
        "message": "Unnamed ways", 
        "object_id": "way/340471993", 
        "josm_remote_url": "http://127.0.0.1:8111/zoom?left=85.1090171&right=85.1096171&top=27.8591806&bottom=27.8585806&select=way340471993"
      }
    }, 
    {
      "type": "Feature", 
      "geometry": {
        "coordinates": [
          85.1450992, 
          27.893664
        ], 
        "type": "Point"
      }, 
      "properties": {
        "severity": "Warnings", 
        "rule": "Untagged, empty and one node ways", 
        "message": "Unnamed ways", 
        "object_id": "way/1472424145", 
        "josm_remote_url": "http://127.0.0.1:8111/zoom?left=85.1447992&right=85.1453992&top=27.893964&bottom=27.893364&select=way1472424145"
      }
    }, 
    {
      "type": "Feature", 
      "geometry": {
        "coordinates": [
          85.1374299, 
          27.8862079
        ], 
        "type": "Point"
      }, 
      "properties": {
        "severity": "Warnings", 
        "rule": "Untagged, empty and one node ways", 
        "message": "Unnamed ways", 
        "object_id": "way/340581859", 
        "josm_remote_url": "http://127.0.0.1:8111/zoom?left=85.1371299&right=85.1377299&top=27.8865079&bottom=27.8859079&select=way340581859"
      }
    }, 
    {
      "type": "Feature", 
      "geometry": {
        "coordinates": [
          85.0812975, 
          27.8544513
        ], 
        "type": "Point"
      }, 
      "properties": {
        "severity": "Warnings", 
        "rule": "Untagged, empty and one node ways", 
        "message": "Unnamed ways", 
        "object_id": "way/1553097544", 
        "josm_remote_url": "http://127.0.0.1:8111/zoom?left=85.0809975&right=85.0815975&top=27.8547513&bottom=27.8541513&select=way1553097544"
      }
    }, 
    {
      "type": "Feature", 
      "geometry": {
        "coordinates": [
          85.1258067, 
          27.8673196
        ], 
        "type": "Point"
      }, 
      "properties": {
        "severity": "Warnings", 
        "rule": "Untagged, empty and one node ways", 
        "message": "Unnamed ways", 
        "object_id": "way/340619595", 
        "josm_remote_url": "http://127.0.0.1:8111/zoom?left=85.1255067&right=85.1261067&top=27.8676196&bottom=27.8670196&select=way340619595"
      }
    }, 
    {
      "type": "Feature", 
      "geometry": {
        "coordinates": [
          85.1456693, 
          27.9336268
        ], 
        "type": "Point"
      }, 
      "properties": {
        "severity": "Warnings", 
        "rule": "Untagged, empty and one node ways", 
        "message": "Unnamed ways", 
        "object_id": "way/1390919146", 
        "josm_remote_url": "http://127.0.0.1:8111/zoom?left=85.1453693&right=85.1459693&top=27.9339268&bottom=27.9333268&select=way1390919146"
      }
    }, 
    {
      "type": "Feature", 
      "geometry": {
        "coordinates": [
          85.1335798, 
          27.8823151
        ], 
        "type": "Point"
      }, 
      "properties": {
        "severity": "Warnings", 
        "rule": "Untagged, empty and one node ways", 
        "message": "Unnamed ways", 
        "object_id": "way/1553166181", 
        "josm_remote_url": "http://127.0.0.1:8111/zoom?left=85.1332798&right=85.1338798&top=27.8826151&bottom=27.8820151&select=way1553166181"
      }
    }, 
    {
      "type": "Feature", 
      "geometry": {
        "coordinates": [
          85.143879, 
          27.8984978
        ], 
        "type": "Point"
      }, 
      "properties": {
        "severity": "Warnings", 
        "rule": "Untagged, empty and one node ways", 
        "message": "Unnamed ways", 
        "object_id": "way/341482763", 
        "josm_remote_url": "http://127.0.0.1:8111/zoom?left=85.143579&right=85.144179&top=27.8987978&bottom=27.8981978&select=way341482763"
      }
    }, 
    {
      "type": "Feature", 
      "geometry": {
        "coordinates": [
          85.1443415, 
          27.8925596
        ], 
        "type": "Point"
      }, 
      "properties": {
        "severity": "Warnings", 
        "rule": "Untagged, empty and one node ways", 
        "message": "Unnamed ways", 
        "object_id": "way/1472424141", 
        "josm_remote_url": "http://127.0.0.1:8111/zoom?left=85.1440415&right=85.1446415&top=27.8928596&bottom=27.8922596&select=way1472424141"
      }
    }, 
    {
      "type": "Feature", 
      "geometry": {
        "coordinates": [
          85.1475206, 
          27.9039584
        ], 
        "type": "Point"
      }, 
      "properties": {
        "severity": "Warnings", 
        "rule": "Untagged, empty and one node ways", 
        "message": "Unnamed ways", 
        "object_id": "way/340492654", 
        "josm_remote_url": "http://127.0.0.1:8111/zoom?left=85.1472206&right=85.1478206&top=27.9042584&bottom=27.9036584&select=way340492654"
      }
    }, 
    {
      "type": "Feature", 
      "geometry": {
        "coordinates": [
          85.1622, 
          27.9671209
        ], 
        "type": "Point"
      }, 
      "properties": {
        "severity": "Warnings", 
        "rule": "Untagged, empty and one node ways", 
        "message": "Unnamed ways", 
        "object_id": "way/859950105", 
        "josm_remote_url": "http://127.0.0.1:8111/zoom?left=85.1619&right=85.1625&top=27.9674209&bottom=27.9668209&select=way859950105"
      }
    }, 
    {
      "type": "Feature", 
      "geometry": {
        "coordinates": [
          85.1411902, 
          27.9256493
        ], 
        "type": "Point"
      }, 
      "properties": {
        "severity": "Warnings", 
        "rule": "Untagged, empty and one node ways", 
        "message": "Unnamed ways", 
        "object_id": "way/303466460", 
        "josm_remote_url": "http://127.0.0.1:8111/zoom?left=85.1408902&right=85.1414902&top=27.9259493&bottom=27.9253493&select=way303466460"
      }
    }, 
    {
      "type": "Feature", 
      "geometry": {
        "coordinates": [
          85.1350271, 
          27.8700422
        ], 
        "type": "Point"
      }, 
      "properties": {
        "severity": "Warnings", 
        "rule": "Untagged, empty and one node ways", 
        "message": "Unnamed ways", 
        "object_id": "way/1553092034", 
        "josm_remote_url": "http://127.0.0.1:8111/zoom?left=85.1347271&right=85.1353271&top=27.8703422&bottom=27.8697422&select=way1553092034"
      }
    }, 
    {
      "type": "Feature", 
      "geometry": {
        "coordinates": [
          85.0757015, 
          27.8469015
        ], 
        "type": "Point"
      }, 
      "properties": {
        "severity": "Warnings", 
        "rule": "Untagged, empty and one node ways", 
        "message": "Unnamed ways", 
        "object_id": "way/1552715329", 
        "josm_remote_url": "http://127.0.0.1:8111/zoom?left=85.0754015&right=85.0760015&top=27.8472015&bottom=27.8466015&select=way1552715329"
      }
    }, 
    {
      "type": "Feature", 
      "geometry": {
        "coordinates": [
          85.1455941, 
          27.8935503
        ], 
        "type": "Point"
      }, 
      "properties": {
        "severity": "Warnings", 
        "rule": "Untagged, empty and one node ways", 
        "message": "Unnamed ways", 
        "object_id": "way/341067304", 
        "josm_remote_url": "http://127.0.0.1:8111/zoom?left=85.1452941&right=85.1458941&top=27.8938503&bottom=27.8932503&select=way341067304"
      }
    }, 
    {
      "type": "Feature", 
      "geometry": {
        "coordinates": [
          85.1426612, 
          27.888495
        ], 
        "type": "Point"
      }, 
      "properties": {
        "severity": "Warnings", 
        "rule": "Untagged, empty and one node ways", 
        "message": "Unnamed ways", 
        "object_id": "way/1552864414", 
        "josm_remote_url": "http://127.0.0.1:8111/zoom?left=85.1423612&right=85.1429612&top=27.888795&bottom=27.888195&select=way1552864414"
      }
    }, 
    {
      "type": "Feature", 
      "geometry": {
        "coordinates": [
          85.1445638, 
          27.9132664
        ], 
        "type": "Point"
      }, 
      "properties": {
        "severity": "Warnings", 
        "rule": "Untagged, empty and one node ways", 
        "message": "Unnamed ways", 
        "object_id": "way/756588568", 
        "josm_remote_url": "http://127.0.0.1:8111/zoom?left=85.1442638&right=85.1448638&top=27.9135664&bottom=27.9129664&select=way756588568"
      }
    }, 
    {
      "type": "Feature", 
      "geometry": {
        "coordinates": [
          85.1279811, 
          27.8676379
        ], 
        "type": "Point"
      }, 
      "properties": {
        "severity": "Warnings", 
        "rule": "Untagged, empty and one node ways", 
        "message": "Unnamed ways", 
        "object_id": "way/1553114009", 
        "josm_remote_url": "http://127.0.0.1:8111/zoom?left=85.1276811&right=85.1282811&top=27.8679379&bottom=27.8673379&select=way1553114009"
      }
    }, 
    {
      "type": "Feature", 
      "geometry": {
        "coordinates": [
          85.1317929, 
          27.8742463
        ], 
        "type": "Point"
      }, 
      "properties": {
        "severity": "Warnings", 
        "rule": "Untagged, empty and one node ways", 
        "message": "Unnamed ways", 
        "object_id": "way/1553092029", 
        "josm_remote_url": "http://127.0.0.1:8111/zoom?left=85.1314929&right=85.1320929&top=27.8745463&bottom=27.8739463&select=way1553092029"
      }
    }, 
    {
      "type": "Feature", 
      "geometry": {
        "coordinates": [
          85.1480131, 
          27.89914
        ], 
        "type": "Point"
      }, 
      "properties": {
        "severity": "Warnings", 
        "rule": "Untagged, empty and one node ways", 
        "message": "Unnamed ways", 
        "object_id": "way/756588551", 
        "josm_remote_url": "http://127.0.0.1:8111/zoom?left=85.1477131&right=85.1483131&top=27.89944&bottom=27.89884&select=way756588551"
      }
    }, 
    {
      "type": "Feature", 
      "geometry": {
        "coordinates": [
          85.1375647, 
          27.9144839
        ], 
        "type": "Point"
      }, 
      "properties": {
        "severity": "Warnings", 
        "rule": "Untagged, empty and one node ways", 
        "message": "Unnamed ways", 
        "object_id": "way/340485624", 
        "josm_remote_url": "http://127.0.0.1:8111/zoom?left=85.1372647&right=85.1378647&top=27.9147839&bottom=27.9141839&select=way340485624"
      }
    }, 
    {
      "type": "Feature", 
      "geometry": {
        "coordinates": [
          85.1415717, 
          27.9248183
        ], 
        "type": "Point"
      }, 
      "properties": {
        "severity": "Warnings", 
        "rule": "Untagged, empty and one node ways", 
        "message": "Unnamed ways", 
        "object_id": "way/237590780", 
        "josm_remote_url": "http://127.0.0.1:8111/zoom?left=85.1412717&right=85.1418717&top=27.9251183&bottom=27.9245183&select=way237590780"
      }
    }, 
    {
      "type": "Feature", 
      "geometry": {
        "coordinates": [
          85.1450992, 
          27.893664
        ], 
        "type": "Point"
      }, 
      "properties": {
        "severity": "Warnings", 
        "rule": "Untagged, empty and one node ways", 
        "message": "Unnamed ways", 
        "object_id": "way/341486240", 
        "josm_remote_url": "http://127.0.0.1:8111/zoom?left=85.1447992&right=85.1453992&top=27.893964&bottom=27.893364&select=way341486240"
      }
    }, 
    {
      "type": "Feature", 
      "geometry": {
        "coordinates": [
          85.1443627, 
          27.9238833
        ], 
        "type": "Point"
      }, 
      "properties": {
        "severity": "Warnings", 
        "rule": "Untagged, empty and one node ways", 
        "message": "Unnamed ways", 
        "object_id": "way/237590779", 
        "josm_remote_url": "http://127.0.0.1:8111/zoom?left=85.1440627&right=85.1446627&top=27.9241833&bottom=27.9235833&select=way237590779"
      }
    }, 
    {
      "type": "Feature", 
      "geometry": {
        "coordinates": [
          85.1343833, 
          27.8823673
        ], 
        "type": "Point"
      }, 
      "properties": {
        "severity": "Warnings", 
        "rule": "Untagged, empty and one node ways", 
        "message": "Unnamed ways", 
        "object_id": "way/341954675", 
        "josm_remote_url": "http://127.0.0.1:8111/zoom?left=85.1340833&right=85.1346833&top=27.8826673&bottom=27.8820673&select=way341954675"
      }
    }, 
    {
      "type": "Feature", 
      "geometry": {
        "coordinates": [
          85.1234991, 
          27.8667827
        ], 
        "type": "Point"
      }, 
      "properties": {
        "severity": "Warnings", 
        "rule": "Untagged, empty and one node ways", 
        "message": "Unnamed ways", 
        "object_id": "way/1553110909", 
        "josm_remote_url": "http://127.0.0.1:8111/zoom?left=85.1231991&right=85.1237991&top=27.8670827&bottom=27.8664827&select=way1553110909"
      }
    }, 
    {
      "type": "Feature", 
      "geometry": {
        "coordinates": [
          85.1455952, 
          27.925092
        ], 
        "type": "Point"
      }, 
      "properties": {
        "severity": "Warnings", 
        "rule": "Untagged, empty and one node ways", 
        "message": "Unnamed ways", 
        "object_id": "way/237590758", 
        "josm_remote_url": "http://127.0.0.1:8111/zoom?left=85.1452952&right=85.1458952&top=27.925392&bottom=27.924792&select=way237590758"
      }
    }, 
    {
      "type": "Feature", 
      "geometry": {
        "coordinates": [
          85.1454893, 
          27.9106256
        ], 
        "type": "Point"
      }, 
      "properties": {
        "severity": "Warnings", 
        "rule": "Untagged, empty and one node ways", 
        "message": "Unnamed ways", 
        "object_id": "way/1553065187", 
        "josm_remote_url": "http://127.0.0.1:8111/zoom?left=85.1451893&right=85.1457893&top=27.9109256&bottom=27.9103256&select=way1553065187"
      }
    }, 
    {
      "type": "Feature", 
      "geometry": {
        "coordinates": [
          85.1372002, 
          27.9135891
        ], 
        "type": "Point"
      }, 
      "properties": {
        "severity": "Warnings", 
        "rule": "Untagged, empty and one node ways", 
        "message": "Unnamed ways", 
        "object_id": "way/1552647553", 
        "josm_remote_url": "http://127.0.0.1:8111/zoom?left=85.1369002&right=85.1375002&top=27.9138891&bottom=27.9132891&select=way1552647553"
      }
    }, 
    {
      "type": "Feature", 
      "geometry": {
        "coordinates": [
          85.1469699, 
          27.9020936
        ], 
        "type": "Point"
      }, 
      "properties": {
        "severity": "Warnings", 
        "rule": "Untagged, empty and one node ways", 
        "message": "Unnamed ways", 
        "object_id": "way/1553090318", 
        "josm_remote_url": "http://127.0.0.1:8111/zoom?left=85.1466699&right=85.1472699&top=27.9023936&bottom=27.9017936&select=way1553090318"
      }
    }, 
    {
      "type": "Feature", 
      "geometry": {
        "coordinates": [
          85.1241893, 
          27.8786301
        ], 
        "type": "Point"
      }, 
      "properties": {
        "severity": "Warnings", 
        "rule": "Untagged, empty and one node ways", 
        "message": "Unnamed ways", 
        "object_id": "way/1553204721", 
        "josm_remote_url": "http://127.0.0.1:8111/zoom?left=85.1238893&right=85.1244893&top=27.8789301&bottom=27.8783301&select=way1553204721"
      }
    }, 
    {
      "type": "Feature", 
      "geometry": {
        "coordinates": [
          85.1433952, 
          27.9341332
        ], 
        "type": "Point"
      }, 
      "properties": {
        "severity": "Warnings", 
        "rule": "Untagged, empty and one node ways", 
        "message": "Unnamed ways", 
        "object_id": "way/1396294764", 
        "josm_remote_url": "http://127.0.0.1:8111/zoom?left=85.1430952&right=85.1436952&top=27.9344332&bottom=27.9338332&select=way1396294764"
      }
    }, 
    {
      "type": "Feature", 
      "geometry": {
        "coordinates": [
          85.139095, 
          27.9158523
        ], 
        "type": "Point"
      }, 
      "properties": {
        "severity": "Warnings", 
        "rule": "Untagged, empty and one node ways", 
        "message": "Unnamed ways", 
        "object_id": "way/1552614881", 
        "josm_remote_url": "http://127.0.0.1:8111/zoom?left=85.138795&right=85.139395&top=27.9161523&bottom=27.9155523&select=way1552614881"
      }
    }, 
    {
      "type": "Feature", 
      "geometry": {
        "coordinates": [
          85.081189, 
          27.8544481
        ], 
        "type": "Point"
      }, 
      "properties": {
        "severity": "Warnings", 
        "rule": "Untagged, empty and one node ways", 
        "message": "Unnamed ways", 
        "object_id": "way/1553097543", 
        "josm_remote_url": "http://127.0.0.1:8111/zoom?left=85.080889&right=85.081489&top=27.8547481&bottom=27.8541481&select=way1553097543"
      }
    }, 
    {
      "type": "Feature", 
      "geometry": {
        "coordinates": [
          85.1350877, 
          27.8816986
        ], 
        "type": "Point"
      }, 
      "properties": {
        "severity": "Warnings", 
        "rule": "Untagged, empty and one node ways", 
        "message": "Unnamed ways", 
        "object_id": "way/341658805", 
        "josm_remote_url": "http://127.0.0.1:8111/zoom?left=85.1347877&right=85.1353877&top=27.8819986&bottom=27.8813986&select=way341658805"
      }
    }, 
    {
      "type": "Feature", 
      "geometry": {
        "coordinates": [
          85.143819, 
          27.9351296
        ], 
        "type": "Point"
      }, 
      "properties": {
        "severity": "Warnings", 
        "rule": "Untagged, empty and one node ways", 
        "message": "Unnamed ways", 
        "object_id": "way/1396294763", 
        "josm_remote_url": "http://127.0.0.1:8111/zoom?left=85.143519&right=85.144119&top=27.9354296&bottom=27.9348296&select=way1396294763"
      }
    }, 
    {
      "type": "Feature", 
      "geometry": {
        "coordinates": [
          85.1210468, 
          27.8657403
        ], 
        "type": "Point"
      }, 
      "properties": {
        "severity": "Warnings", 
        "rule": "Untagged, empty and one node ways", 
        "message": "Unnamed ways", 
        "object_id": "way/541435794", 
        "josm_remote_url": "http://127.0.0.1:8111/zoom?left=85.1207468&right=85.1213468&top=27.8660403&bottom=27.8654403&select=way541435794"
      }
    }, 
    {
      "type": "Feature", 
      "geometry": {
        "coordinates": [
          85.1397684, 
          27.9002858
        ], 
        "type": "Point"
      }, 
      "properties": {
        "severity": "Warnings", 
        "rule": "Untagged, empty and one node ways", 
        "message": "Unnamed ways", 
        "object_id": "way/1553013266", 
        "josm_remote_url": "http://127.0.0.1:8111/zoom?left=85.1394684&right=85.1400684&top=27.9005858&bottom=27.8999858&select=way1553013266"
      }
    }, 
    {
      "type": "Feature", 
      "geometry": {
        "coordinates": [
          85.1459259, 
          27.892243
        ], 
        "type": "Point"
      }, 
      "properties": {
        "severity": "Warnings", 
        "rule": "Untagged, empty and one node ways", 
        "message": "Unnamed ways", 
        "object_id": "way/1464551214", 
        "josm_remote_url": "http://127.0.0.1:8111/zoom?left=85.1456259&right=85.1462259&top=27.892543&bottom=27.891943&select=way1464551214"
      }
    }, 
    {
      "type": "Feature", 
      "geometry": {
        "coordinates": [
          85.0808726, 
          27.8544513
        ], 
        "type": "Point"
      }, 
      "properties": {
        "severity": "Warnings", 
        "rule": "Untagged, empty and one node ways", 
        "message": "Unnamed ways", 
        "object_id": "way/1553097545", 
        "josm_remote_url": "http://127.0.0.1:8111/zoom?left=85.0805726&right=85.0811726&top=27.8547513&bottom=27.8541513&select=way1553097545"
      }
    }, 
    {
      "type": "Feature", 
      "geometry": {
        "coordinates": [
          85.1660319, 
          28.0378818
        ], 
        "type": "Point"
      }, 
      "properties": {
        "severity": "Warnings", 
        "rule": "Crossing ways", 
        "message": "Crossing highway/waterway", 
        "object_id": "way/340466911", 
        "josm_remote_url": "http://127.0.0.1:8111/zoom?left=85.1657319&right=85.1663319&top=28.0381818&bottom=28.0375818&select=way340466911"
      }
    }, 
    {
      "type": "Feature", 
      "geometry": {
        "coordinates": [
          85.2068518, 
          28.0618385
        ], 
        "type": "Point"
      }, 
      "properties": {
        "severity": "Warnings", 
        "rule": "Crossing ways", 
        "message": "Crossing building/highway", 
        "object_id": "way/854112708", 
        "josm_remote_url": "http://127.0.0.1:8111/zoom?left=85.2065518&right=85.2071518&top=28.0621385&bottom=28.0615385&select=way854112708"
      }
    }, 
    {
      "type": "Feature", 
      "geometry": {
        "coordinates": [
          85.1880066, 
          28.0106313
        ], 
        "type": "Point"
      }, 
      "properties": {
        "severity": "Warnings", 
        "rule": "Crossing ways", 
        "message": "Crossing building/residential area", 
        "object_id": "way/344655336", 
        "josm_remote_url": "http://127.0.0.1:8111/zoom?left=85.1877066&right=85.1883066&top=28.0109313&bottom=28.0103313&select=way344655336"
      }
    }, 
    {
      "type": "Feature", 
      "geometry": {
        "coordinates": [
          85.1945693, 
          28.0132635
        ], 
        "type": "Point"
      }, 
      "properties": {
        "severity": "Warnings", 
        "rule": "Crossing ways", 
        "message": "Crossing building/residential area", 
        "object_id": "way/344655335", 
        "josm_remote_url": "http://127.0.0.1:8111/zoom?left=85.1942693&right=85.1948693&top=28.0135635&bottom=28.0129635&select=way344655335"
      }
    }, 
    {
      "type": "Feature", 
      "geometry": {
        "coordinates": [
          85.1289529, 
          27.8864787
        ], 
        "type": "Point"
      }, 
      "properties": {
        "severity": "Warnings", 
        "rule": "Crossing ways", 
        "message": "Crossing building/residential area", 
        "object_id": "way/1552960184", 
        "josm_remote_url": "http://127.0.0.1:8111/zoom?left=85.1286529&right=85.1292529&top=27.8867787&bottom=27.8861787&select=way1552960184"
      }
    }, 
    {
      "type": "Feature", 
      "geometry": {
        "coordinates": [
          85.1725703, 
          27.9537146
        ], 
        "type": "Point"
      }, 
      "properties": {
        "severity": "Warnings", 
        "rule": "Crossing ways", 
        "message": "Crossing building/residential area", 
        "object_id": "way/1553778040", 
        "josm_remote_url": "http://127.0.0.1:8111/zoom?left=85.1722703&right=85.1728703&top=27.9540146&bottom=27.9534146&select=way1553778040"
      }
    }, 
    {
      "type": "Feature", 
      "geometry": {
        "coordinates": [
          85.1924568, 
          28.009758
        ], 
        "type": "Point"
      }, 
      "properties": {
        "severity": "Warnings", 
        "rule": "Crossing ways", 
        "message": "Crossing building/residential area", 
        "object_id": "way/1552957614", 
        "josm_remote_url": "http://127.0.0.1:8111/zoom?left=85.1921568&right=85.1927568&top=28.010058&bottom=28.009458&select=way1552957614"
      }
    }, 
    {
      "type": "Feature", 
      "geometry": {
        "coordinates": [
          85.1931513, 
          28.0100529
        ], 
        "type": "Point"
      }, 
      "properties": {
        "severity": "Warnings", 
        "rule": "Crossing ways", 
        "message": "Crossing building/residential area", 
        "object_id": "way/1552957554", 
        "josm_remote_url": "http://127.0.0.1:8111/zoom?left=85.1928513&right=85.1934513&top=28.0103529&bottom=28.0097529&select=way1552957554"
      }
    }, 
    {
      "type": "Feature", 
      "geometry": {
        "coordinates": [
          85.1933674, 
          28.0106531
        ], 
        "type": "Point"
      }, 
      "properties": {
        "severity": "Warnings", 
        "rule": "Crossing ways", 
        "message": "Crossing building/residential area", 
        "object_id": "way/1552957559", 
        "josm_remote_url": "http://127.0.0.1:8111/zoom?left=85.1930674&right=85.1936674&top=28.0109531&bottom=28.0103531&select=way1552957559"
      }
    }, 
    {
      "type": "Feature", 
      "geometry": {
        "coordinates": [
          85.1900529, 
          27.9673617
        ], 
        "type": "Point"
      }, 
      "properties": {
        "severity": "Warnings", 
        "rule": "Crossing ways", 
        "message": "Crossing building/residential area", 
        "object_id": "way/1552645311", 
        "josm_remote_url": "http://127.0.0.1:8111/zoom?left=85.1897529&right=85.1903529&top=27.9676617&bottom=27.9670617&select=way1552645311"
      }
    }, 
    {
      "type": "Feature", 
      "geometry": {
        "coordinates": [
          85.1967477, 
          28.0166059
        ], 
        "type": "Point"
      }, 
      "properties": {
        "severity": "Warnings", 
        "rule": "Crossing ways", 
        "message": "Crossing building/residential area", 
        "object_id": "way/1554317098", 
        "josm_remote_url": "http://127.0.0.1:8111/zoom?left=85.1964477&right=85.1970477&top=28.0169059&bottom=28.0163059&select=way1554317098"
      }
    }, 
    {
      "type": "Feature", 
      "geometry": {
        "coordinates": [
          85.1128727, 
          27.8781287
        ], 
        "type": "Point"
      }, 
      "properties": {
        "severity": "Warnings", 
        "rule": "Crossing ways", 
        "message": "Crossing building/residential area", 
        "object_id": "way/1554020450", 
        "josm_remote_url": "http://127.0.0.1:8111/zoom?left=85.1125727&right=85.1131727&top=27.8784287&bottom=27.8778287&select=way1554020450"
      }
    }, 
    {
      "type": "Feature", 
      "geometry": {
        "coordinates": [
          85.193515, 
          28.010646
        ], 
        "type": "Point"
      }, 
      "properties": {
        "severity": "Warnings", 
        "rule": "Crossing ways", 
        "message": "Crossing building/residential area", 
        "object_id": "way/1553693149", 
        "josm_remote_url": "http://127.0.0.1:8111/zoom?left=85.193215&right=85.193815&top=28.010946&bottom=28.010346&select=way1553693149"
      }
    }, 
    {
      "type": "Feature", 
      "geometry": {
        "coordinates": [
          85.1889177, 
          28.0090523
        ], 
        "type": "Point"
      }, 
      "properties": {
        "severity": "Warnings", 
        "rule": "Crossing ways", 
        "message": "Crossing building/residential area", 
        "object_id": "way/1553693143", 
        "josm_remote_url": "http://127.0.0.1:8111/zoom?left=85.1886177&right=85.1892177&top=28.0093523&bottom=28.0087523&select=way1553693143"
      }
    }, 
    {
      "type": "Feature", 
      "geometry": {
        "coordinates": [
          85.1923576, 
          28.0096183
        ], 
        "type": "Point"
      }, 
      "properties": {
        "severity": "Warnings", 
        "rule": "Crossing ways", 
        "message": "Crossing building/residential area", 
        "object_id": "way/1553693157", 
        "josm_remote_url": "http://127.0.0.1:8111/zoom?left=85.1920576&right=85.1926576&top=28.0099183&bottom=28.0093183&select=way1553693157"
      }
    }, 
    {
      "type": "Feature", 
      "geometry": {
        "coordinates": [
          85.1330161, 
          27.8884824
        ], 
        "type": "Point"
      }, 
      "properties": {
        "severity": "Warnings", 
        "rule": "Crossing ways", 
        "message": "Crossing building/residential area", 
        "object_id": "way/1553135997", 
        "josm_remote_url": "http://127.0.0.1:8111/zoom?left=85.1327161&right=85.1333161&top=27.8887824&bottom=27.8881824&select=way1553135997"
      }
    }, 
    {
      "type": "Feature", 
      "geometry": {
        "coordinates": [
          85.1948343, 
          28.0138841
        ], 
        "type": "Point"
      }, 
      "properties": {
        "severity": "Warnings", 
        "rule": "Crossing ways", 
        "message": "Crossing building/residential area", 
        "object_id": "way/1554316122", 
        "josm_remote_url": "http://127.0.0.1:8111/zoom?left=85.1945343&right=85.1951343&top=28.0141841&bottom=28.0135841&select=way1554316122"
      }
    }, 
    {
      "type": "Feature", 
      "geometry": {
        "coordinates": [
          85.1948343, 
          28.0138841
        ], 
        "type": "Point"
      }, 
      "properties": {
        "severity": "Warnings", 
        "rule": "Crossing ways", 
        "message": "Crossing building/residential area", 
        "object_id": "way/1554316122", 
        "josm_remote_url": "http://127.0.0.1:8111/zoom?left=85.1945343&right=85.1951343&top=28.0141841&bottom=28.0135841&select=way1554316122"
      }
    }, 
    {
      "type": "Feature", 
      "geometry": {
        "coordinates": [
          85.1295356, 
          27.8678988
        ], 
        "type": "Point"
      }, 
      "properties": {
        "severity": "Warnings", 
        "rule": "Crossing ways", 
        "message": "Crossing building/residential area", 
        "object_id": "way/340442410", 
        "josm_remote_url": "http://127.0.0.1:8111/zoom?left=85.1292356&right=85.1298356&top=27.8681988&bottom=27.8675988&select=way340442410"
      }
    }, 
    {
      "type": "Feature", 
      "geometry": {
        "coordinates": [
          85.1871219, 
          27.9741464
        ], 
        "type": "Point"
      }, 
      "properties": {
        "severity": "Warnings", 
        "rule": "Crossing ways", 
        "message": "Crossing building/residential area", 
        "object_id": "way/846895902", 
        "josm_remote_url": "http://127.0.0.1:8111/zoom?left=85.1868219&right=85.1874219&top=27.9744464&bottom=27.9738464&select=way846895902"
      }
    }, 
    {
      "type": "Feature", 
      "geometry": {
        "coordinates": [
          85.130189, 
          27.866351
        ], 
        "type": "Point"
      }, 
      "properties": {
        "severity": "Warnings", 
        "rule": "Crossing ways", 
        "message": "Crossing building/residential area", 
        "object_id": "way/340442412", 
        "josm_remote_url": "http://127.0.0.1:8111/zoom?left=85.129889&right=85.130489&top=27.866651&bottom=27.866051&select=way340442412"
      }
    }, 
    {
      "type": "Feature", 
      "geometry": {
        "coordinates": [
          85.130189, 
          27.866351
        ], 
        "type": "Point"
      }, 
      "properties": {
        "severity": "Warnings", 
        "rule": "Crossing ways", 
        "message": "Crossing building/residential area", 
        "object_id": "way/340442412", 
        "josm_remote_url": "http://127.0.0.1:8111/zoom?left=85.129889&right=85.130489&top=27.866651&bottom=27.866051&select=way340442412"
      }
    }, 
    {
      "type": "Feature", 
      "geometry": {
        "coordinates": [
          85.1856481, 
          28.0325977
        ], 
        "type": "Point"
      }, 
      "properties": {
        "severity": "Warnings", 
        "rule": "Crossing ways", 
        "message": "Crossing building/residential area", 
        "object_id": "way/1554708187", 
        "josm_remote_url": "http://127.0.0.1:8111/zoom?left=85.1853481&right=85.1859481&top=28.0328977&bottom=28.0322977&select=way1554708187"
      }
    }, 
    {
      "type": "Feature", 
      "geometry": {
        "coordinates": [
          85.1292543, 
          27.8662846
        ], 
        "type": "Point"
      }, 
      "properties": {
        "severity": "Warnings", 
        "rule": "Crossing ways", 
        "message": "Crossing building/residential area", 
        "object_id": "way/1552609466", 
        "josm_remote_url": "http://127.0.0.1:8111/zoom?left=85.1289543&right=85.1295543&top=27.8665846&bottom=27.8659846&select=way1552609466"
      }
    }, 
    {
      "type": "Feature", 
      "geometry": {
        "coordinates": [
          85.1291908, 
          27.8663403
        ], 
        "type": "Point"
      }, 
      "properties": {
        "severity": "Warnings", 
        "rule": "Crossing ways", 
        "message": "Crossing building/residential area", 
        "object_id": "way/1552609464", 
        "josm_remote_url": "http://127.0.0.1:8111/zoom?left=85.1288908&right=85.1294908&top=27.8666403&bottom=27.8660403&select=way1552609464"
      }
    }, 
    {
      "type": "Feature", 
      "geometry": {
        "coordinates": [
          85.1267302, 
          27.8655415
        ], 
        "type": "Point"
      }, 
      "properties": {
        "severity": "Warnings", 
        "rule": "Crossing ways", 
        "message": "Crossing building/residential area", 
        "object_id": "way/1552609486", 
        "josm_remote_url": "http://127.0.0.1:8111/zoom?left=85.1264302&right=85.1270302&top=27.8658415&bottom=27.8652415&select=way1552609486"
      }
    }, 
    {
      "type": "Feature", 
      "geometry": {
        "coordinates": [
          85.1682908, 
          27.9547794
        ], 
        "type": "Point"
      }, 
      "properties": {
        "severity": "Warnings", 
        "rule": "Crossing ways", 
        "message": "Crossing building/residential area", 
        "object_id": "way/342800990", 
        "josm_remote_url": "http://127.0.0.1:8111/zoom?left=85.1679908&right=85.1685908&top=27.9550794&bottom=27.9544794&select=way342800990"
      }
    }, 
    {
      "type": "Feature", 
      "geometry": {
        "coordinates": [
          85.1028635, 
          27.8542329
        ], 
        "type": "Point"
      }, 
      "properties": {
        "severity": "Warnings", 
        "rule": "Crossing ways", 
        "message": "Crossing building/residential area", 
        "object_id": "way/1554019203", 
        "josm_remote_url": "http://127.0.0.1:8111/zoom?left=85.1025635&right=85.1031635&top=27.8545329&bottom=27.8539329&select=way1554019203"
      }
    }, 
    {
      "type": "Feature", 
      "geometry": {
        "coordinates": [
          85.1088839, 
          27.8521932
        ], 
        "type": "Point"
      }, 
      "properties": {
        "severity": "Warnings", 
        "rule": "Crossing ways", 
        "message": "Crossing building/residential area", 
        "object_id": "way/1554019217", 
        "josm_remote_url": "http://127.0.0.1:8111/zoom?left=85.1085839&right=85.1091839&top=27.8524932&bottom=27.8518932&select=way1554019217"
      }
    }, 
    {
      "type": "Feature", 
      "geometry": {
        "coordinates": [
          85.1088839, 
          27.8521932
        ], 
        "type": "Point"
      }, 
      "properties": {
        "severity": "Warnings", 
        "rule": "Crossing ways", 
        "message": "Crossing building/residential area", 
        "object_id": "way/1554019217", 
        "josm_remote_url": "http://127.0.0.1:8111/zoom?left=85.1085839&right=85.1091839&top=27.8524932&bottom=27.8518932&select=way1554019217"
      }
    }, 
    {
      "type": "Feature", 
      "geometry": {
        "coordinates": [
          85.1968815, 
          28.0160937
        ], 
        "type": "Point"
      }, 
      "properties": {
        "severity": "Warnings", 
        "rule": "Crossing ways", 
        "message": "Crossing building/residential area", 
        "object_id": "way/1552903308", 
        "josm_remote_url": "http://127.0.0.1:8111/zoom?left=85.1965815&right=85.1971815&top=28.0163937&bottom=28.0157937&select=way1552903308"
      }
    }, 
    {
      "type": "Feature", 
      "geometry": {
        "coordinates": [
          85.1345439, 
          27.8881643
        ], 
        "type": "Point"
      }, 
      "properties": {
        "severity": "Warnings", 
        "rule": "Crossing ways", 
        "message": "Crossing building/residential area", 
        "object_id": "way/891946217", 
        "josm_remote_url": "http://127.0.0.1:8111/zoom?left=85.1342439&right=85.1348439&top=27.8884643&bottom=27.8878643&select=way891946217"
      }
    }, 
    {
      "type": "Feature", 
      "geometry": {
        "coordinates": [
          85.3198746, 
          28.1460331
        ], 
        "type": "Point"
      }, 
      "properties": {
        "severity": "Warnings", 
        "rule": "Crossing ways", 
        "message": "Crossing building/residential area", 
        "object_id": "way/1556475856", 
        "josm_remote_url": "http://127.0.0.1:8111/zoom?left=85.3195746&right=85.3201746&top=28.1463331&bottom=28.1457331&select=way1556475856"
      }
    }, 
    {
      "type": "Feature", 
      "geometry": {
        "coordinates": [
          85.1849797, 
          27.9723732
        ], 
        "type": "Point"
      }, 
      "properties": {
        "severity": "Warnings", 
        "rule": "Crossing ways", 
        "message": "Crossing building/residential area", 
        "object_id": "way/912426330", 
        "josm_remote_url": "http://127.0.0.1:8111/zoom?left=85.1846797&right=85.1852797&top=27.9726732&bottom=27.9720732&select=way912426330"
      }
    }, 
    {
      "type": "Feature", 
      "geometry": {
        "coordinates": [
          85.2102345, 
          28.0755752
        ], 
        "type": "Point"
      }, 
      "properties": {
        "severity": "Warnings", 
        "rule": "Crossing ways", 
        "message": "Crossing building/residential area", 
        "object_id": "way/1553951071", 
        "josm_remote_url": "http://127.0.0.1:8111/zoom?left=85.2099345&right=85.2105345&top=28.0758752&bottom=28.0752752&select=way1553951071"
      }
    }, 
    {
      "type": "Feature", 
      "geometry": {
        "coordinates": [
          85.1911533, 
          28.0133823
        ], 
        "type": "Point"
      }, 
      "properties": {
        "severity": "Warnings", 
        "rule": "Crossing ways", 
        "message": "Crossing building/residential area", 
        "object_id": "way/341943006", 
        "josm_remote_url": "http://127.0.0.1:8111/zoom?left=85.1908533&right=85.1914533&top=28.0136823&bottom=28.0130823&select=way341943006"
      }
    }, 
    {
      "type": "Feature", 
      "geometry": {
        "coordinates": [
          85.1911533, 
          28.0133823
        ], 
        "type": "Point"
      }, 
      "properties": {
        "severity": "Warnings", 
        "rule": "Crossing ways", 
        "message": "Crossing building/residential area", 
        "object_id": "way/341943006", 
        "josm_remote_url": "http://127.0.0.1:8111/zoom?left=85.1908533&right=85.1914533&top=28.0136823&bottom=28.0130823&select=way341943006"
      }
    }, 
    {
      "type": "Feature", 
      "geometry": {
        "coordinates": [
          85.1708651, 
          27.988806
        ], 
        "type": "Point"
      }, 
      "properties": {
        "severity": "Warnings", 
        "rule": "Crossing ways", 
        "message": "Crossing building/residential area", 
        "object_id": "way/1553984508", 
        "josm_remote_url": "http://127.0.0.1:8111/zoom?left=85.1705651&right=85.1711651&top=27.989106&bottom=27.988506&select=way1553984508"
      }
    }, 
    {
      "type": "Feature", 
      "geometry": {
        "coordinates": [
          85.1708449, 
          27.9885573
        ], 
        "type": "Point"
      }, 
      "properties": {
        "severity": "Warnings", 
        "rule": "Crossing ways", 
        "message": "Crossing building/residential area", 
        "object_id": "way/1553984507", 
        "josm_remote_url": "http://127.0.0.1:8111/zoom?left=85.1705449&right=85.1711449&top=27.9888573&bottom=27.9882573&select=way1553984507"
      }
    }, 
    {
      "type": "Feature", 
      "geometry": {
        "coordinates": [
          85.1764253, 
          27.9759005
        ], 
        "type": "Point"
      }, 
      "properties": {
        "severity": "Warnings", 
        "rule": "Crossing ways", 
        "message": "Crossing building/residential area", 
        "object_id": "way/1553984503", 
        "josm_remote_url": "http://127.0.0.1:8111/zoom?left=85.1761253&right=85.1767253&top=27.9762005&bottom=27.9756005&select=way1553984503"
      }
    }, 
    {
      "type": "Feature", 
      "geometry": {
        "coordinates": [
          85.1764253, 
          27.9759005
        ], 
        "type": "Point"
      }, 
      "properties": {
        "severity": "Warnings", 
        "rule": "Crossing ways", 
        "message": "Crossing building/residential area", 
        "object_id": "way/1553984503", 
        "josm_remote_url": "http://127.0.0.1:8111/zoom?left=85.1761253&right=85.1767253&top=27.9762005&bottom=27.9756005&select=way1553984503"
      }
    }, 
    {
      "type": "Feature", 
      "geometry": {
        "coordinates": [
          85.1331699, 
          27.871527
        ], 
        "type": "Point"
      }, 
      "properties": {
        "severity": "Warnings", 
        "rule": "Crossing ways", 
        "message": "Crossing building/residential area", 
        "object_id": "way/342011204", 
        "josm_remote_url": "http://127.0.0.1:8111/zoom?left=85.1328699&right=85.1334699&top=27.871827&bottom=27.871227&select=way342011204"
      }
    }, 
    {
      "type": "Feature", 
      "geometry": {
        "coordinates": [
          85.1961918, 
          28.014211
        ], 
        "type": "Point"
      }, 
      "properties": {
        "severity": "Warnings", 
        "rule": "Crossing ways", 
        "message": "Crossing building/residential area", 
        "object_id": "way/862423469", 
        "josm_remote_url": "http://127.0.0.1:8111/zoom?left=85.1958918&right=85.1964918&top=28.014511&bottom=28.013911&select=way862423469"
      }
    }, 
    {
      "type": "Feature", 
      "geometry": {
        "coordinates": [
          85.1294241, 
          27.8662641
        ], 
        "type": "Point"
      }, 
      "properties": {
        "severity": "Warnings", 
        "rule": "Crossing ways", 
        "message": "Crossing building/residential area", 
        "object_id": "way/889065306", 
        "josm_remote_url": "http://127.0.0.1:8111/zoom?left=85.1291241&right=85.1297241&top=27.8665641&bottom=27.8659641&select=way889065306"
      }
    }, 
    {
      "type": "Feature", 
      "geometry": {
        "coordinates": [
          85.1973493, 
          28.2149249
        ], 
        "type": "Point"
      }, 
      "properties": {
        "severity": "Warnings", 
        "rule": "Crossing ways", 
        "message": "Crossing highway/waterway", 
        "object_id": "way/24624637", 
        "josm_remote_url": "http://127.0.0.1:8111/zoom?left=85.1970493&right=85.1976493&top=28.2152249&bottom=28.2146249&select=way24624637"
      }
    }, 
    {
      "type": "Feature", 
      "geometry": {
        "coordinates": [
          85.1858365, 
          27.9720191
        ], 
        "type": "Point"
      }, 
      "properties": {
        "severity": "Warnings", 
        "rule": "Crossing ways", 
        "message": "Crossing building/residential area", 
        "object_id": "way/1553884059", 
        "josm_remote_url": "http://127.0.0.1:8111/zoom?left=85.1855365&right=85.1861365&top=27.9723191&bottom=27.9717191&select=way1553884059"
      }
    }, 
    {
      "type": "Feature", 
      "geometry": {
        "coordinates": [
          85.1858868, 
          27.9720653
        ], 
        "type": "Point"
      }, 
      "properties": {
        "severity": "Warnings", 
        "rule": "Crossing ways", 
        "message": "Crossing building/residential area", 
        "object_id": "way/1553884056", 
        "josm_remote_url": "http://127.0.0.1:8111/zoom?left=85.1855868&right=85.1861868&top=27.9723653&bottom=27.9717653&select=way1553884056"
      }
    }, 
    {
      "type": "Feature", 
      "geometry": {
        "coordinates": [
          85.1863139, 
          27.9725124
        ], 
        "type": "Point"
      }, 
      "properties": {
        "severity": "Warnings", 
        "rule": "Crossing ways", 
        "message": "Crossing building/residential area", 
        "object_id": "way/1553884046", 
        "josm_remote_url": "http://127.0.0.1:8111/zoom?left=85.1860139&right=85.1866139&top=27.9728124&bottom=27.9722124&select=way1553884046"
      }
    }, 
    {
      "type": "Feature", 
      "geometry": {
        "coordinates": [
          85.1987902, 
          28.0212849
        ], 
        "type": "Point"
      }, 
      "properties": {
        "severity": "Warnings", 
        "rule": "Crossing ways", 
        "message": "Crossing building/residential area", 
        "object_id": "way/340470710", 
        "josm_remote_url": "http://127.0.0.1:8111/zoom?left=85.1984902&right=85.1990902&top=28.0215849&bottom=28.0209849&select=way340470710"
      }
    }, 
    {
      "type": "Feature", 
      "geometry": {
        "coordinates": [
          85.2772294, 
          28.1228315
        ], 
        "type": "Point"
      }, 
      "properties": {
        "severity": "Warnings", 
        "rule": "Crossing ways", 
        "message": "Crossing highway/waterway", 
        "object_id": "way/1557306395", 
        "josm_remote_url": "http://127.0.0.1:8111/zoom?left=85.2769294&right=85.2775294&top=28.1231315&bottom=28.1225315&select=way1557306395"
      }
    }, 
    {
      "type": "Feature", 
      "geometry": {
        "coordinates": [
          85.2772294, 
          28.1228315
        ], 
        "type": "Point"
      }, 
      "properties": {
        "severity": "Warnings", 
        "rule": "Crossing ways", 
        "message": "Crossing highway/waterway", 
        "object_id": "way/1557306395", 
        "josm_remote_url": "http://127.0.0.1:8111/zoom?left=85.2769294&right=85.2775294&top=28.1231315&bottom=28.1225315&select=way1557306395"
      }
    }, 
    {
      "type": "Feature", 
      "geometry": {
        "coordinates": [
          85.2772294, 
          28.1228315
        ], 
        "type": "Point"
      }, 
      "properties": {
        "severity": "Warnings", 
        "rule": "Crossing ways", 
        "message": "Crossing highway/waterway", 
        "object_id": "way/1557306395", 
        "josm_remote_url": "http://127.0.0.1:8111/zoom?left=85.2769294&right=85.2775294&top=28.1231315&bottom=28.1225315&select=way1557306395"
      }
    }, 
    {
      "type": "Feature", 
      "geometry": {
        "coordinates": [
          85.1282032, 
          27.8665969
        ], 
        "type": "Point"
      }, 
      "properties": {
        "severity": "Warnings", 
        "rule": "Crossing ways", 
        "message": "Crossing building/residential area", 
        "object_id": "way/1552588122", 
        "josm_remote_url": "http://127.0.0.1:8111/zoom?left=85.1279032&right=85.1285032&top=27.8668969&bottom=27.8662969&select=way1552588122"
      }
    }, 
    {
      "type": "Feature", 
      "geometry": {
        "coordinates": [
          85.1280542, 
          27.8666563
        ], 
        "type": "Point"
      }, 
      "properties": {
        "severity": "Warnings", 
        "rule": "Crossing ways", 
        "message": "Crossing building/residential area", 
        "object_id": "way/1552588123", 
        "josm_remote_url": "http://127.0.0.1:8111/zoom?left=85.1277542&right=85.1283542&top=27.8669563&bottom=27.8663563&select=way1552588123"
      }
    }, 
    {
      "type": "Feature", 
      "geometry": {
        "coordinates": [
          85.1281368, 
          27.8666625
        ], 
        "type": "Point"
      }, 
      "properties": {
        "severity": "Warnings", 
        "rule": "Crossing ways", 
        "message": "Crossing building/residential area", 
        "object_id": "way/1552588126", 
        "josm_remote_url": "http://127.0.0.1:8111/zoom?left=85.1278368&right=85.1284368&top=27.8669625&bottom=27.8663625&select=way1552588126"
      }
    }, 
    {
      "type": "Feature", 
      "geometry": {
        "coordinates": [
          85.1280073, 
          27.8667059
        ], 
        "type": "Point"
      }, 
      "properties": {
        "severity": "Warnings", 
        "rule": "Crossing ways", 
        "message": "Crossing building/residential area", 
        "object_id": "way/1552588124", 
        "josm_remote_url": "http://127.0.0.1:8111/zoom?left=85.1277073&right=85.1283073&top=27.8670059&bottom=27.8664059&select=way1552588124"
      }
    }, 
    {
      "type": "Feature", 
      "geometry": {
        "coordinates": [
          85.1316495, 
          27.87001
        ], 
        "type": "Point"
      }, 
      "properties": {
        "severity": "Warnings", 
        "rule": "Crossing ways", 
        "message": "Crossing building/residential area", 
        "object_id": "way/1552588149", 
        "josm_remote_url": "http://127.0.0.1:8111/zoom?left=85.1313495&right=85.1319495&top=27.87031&bottom=27.86971&select=way1552588149"
      }
    }, 
    {
      "type": "Feature", 
      "geometry": {
        "coordinates": [
          85.1295515, 
          27.8671805
        ], 
        "type": "Point"
      }, 
      "properties": {
        "severity": "Warnings", 
        "rule": "Crossing ways", 
        "message": "Crossing building/residential area", 
        "object_id": "way/1554028730", 
        "josm_remote_url": "http://127.0.0.1:8111/zoom?left=85.1292515&right=85.1298515&top=27.8674805&bottom=27.8668805&select=way1554028730"
      }
    }, 
    {
      "type": "Feature", 
      "geometry": {
        "coordinates": [
          85.1295515, 
          27.8671805
        ], 
        "type": "Point"
      }, 
      "properties": {
        "severity": "Warnings", 
        "rule": "Crossing ways", 
        "message": "Crossing building/residential area", 
        "object_id": "way/1554028730", 
        "josm_remote_url": "http://127.0.0.1:8111/zoom?left=85.1292515&right=85.1298515&top=27.8674805&bottom=27.8668805&select=way1554028730"
      }
    }, 
    {
      "type": "Feature", 
      "geometry": {
        "coordinates": [
          85.1295515, 
          27.8671805
        ], 
        "type": "Point"
      }, 
      "properties": {
        "severity": "Warnings", 
        "rule": "Crossing ways", 
        "message": "Crossing building/residential area", 
        "object_id": "way/1554028730", 
        "josm_remote_url": "http://127.0.0.1:8111/zoom?left=85.1292515&right=85.1298515&top=27.8674805&bottom=27.8668805&select=way1554028730"
      }
    }, 
    {
      "type": "Feature", 
      "geometry": {
        "coordinates": [
          85.1315374, 
          27.8742931
        ], 
        "type": "Point"
      }, 
      "properties": {
        "severity": "Warnings", 
        "rule": "Crossing ways", 
        "message": "Crossing building/residential area", 
        "object_id": "way/1554028734", 
        "josm_remote_url": "http://127.0.0.1:8111/zoom?left=85.1312374&right=85.1318374&top=27.8745931&bottom=27.8739931&select=way1554028734"
      }
    }, 
    {
      "type": "Feature", 
      "geometry": {
        "coordinates": [
          85.1315374, 
          27.8742931
        ], 
        "type": "Point"
      }, 
      "properties": {
        "severity": "Warnings", 
        "rule": "Crossing ways", 
        "message": "Crossing building/residential area", 
        "object_id": "way/1554028734", 
        "josm_remote_url": "http://127.0.0.1:8111/zoom?left=85.1312374&right=85.1318374&top=27.8745931&bottom=27.8739931&select=way1554028734"
      }
    }, 
    {
      "type": "Feature", 
      "geometry": {
        "coordinates": [
          85.1271543, 
          27.8730743
        ], 
        "type": "Point"
      }, 
      "properties": {
        "severity": "Warnings", 
        "rule": "Crossing ways", 
        "message": "Crossing building/residential area", 
        "object_id": "way/1554028735", 
        "josm_remote_url": "http://127.0.0.1:8111/zoom?left=85.1268543&right=85.1274543&top=27.8733743&bottom=27.8727743&select=way1554028735"
      }
    }, 
    {
      "type": "Feature", 
      "geometry": {
        "coordinates": [
          85.1271543, 
          27.8730743
        ], 
        "type": "Point"
      }, 
      "properties": {
        "severity": "Warnings", 
        "rule": "Crossing ways", 
        "message": "Crossing building/residential area", 
        "object_id": "way/1554028735", 
        "josm_remote_url": "http://127.0.0.1:8111/zoom?left=85.1268543&right=85.1274543&top=27.8733743&bottom=27.8727743&select=way1554028735"
      }
    }, 
    {
      "type": "Feature", 
      "geometry": {
        "coordinates": [
          85.1450729, 
          27.9329815
        ], 
        "type": "Point"
      }, 
      "properties": {
        "severity": "Warnings", 
        "rule": "Crossing ways", 
        "message": "Crossing building/residential area", 
        "object_id": "way/1554061560", 
        "josm_remote_url": "http://127.0.0.1:8111/zoom?left=85.1447729&right=85.1453729&top=27.9332815&bottom=27.9326815&select=way1554061560"
      }
    }, 
    {
      "type": "Feature", 
      "geometry": {
        "coordinates": [
          85.1450729, 
          27.9329815
        ], 
        "type": "Point"
      }, 
      "properties": {
        "severity": "Warnings", 
        "rule": "Crossing ways", 
        "message": "Crossing building/residential area", 
        "object_id": "way/1554061560", 
        "josm_remote_url": "http://127.0.0.1:8111/zoom?left=85.1447729&right=85.1453729&top=27.9332815&bottom=27.9326815&select=way1554061560"
      }
    }, 
    {
      "type": "Feature", 
      "geometry": {
        "coordinates": [
          85.1960684, 
          28.0200336
        ], 
        "type": "Point"
      }, 
      "properties": {
        "severity": "Warnings", 
        "rule": "Crossing ways", 
        "message": "Crossing building/residential area", 
        "object_id": "way/1553700265", 
        "josm_remote_url": "http://127.0.0.1:8111/zoom?left=85.1957684&right=85.1963684&top=28.0203336&bottom=28.0197336&select=way1553700265"
      }
    }, 
    {
      "type": "Feature", 
      "geometry": {
        "coordinates": [
          85.1972245, 
          28.0188154
        ], 
        "type": "Point"
      }, 
      "properties": {
        "severity": "Warnings", 
        "rule": "Crossing ways", 
        "message": "Crossing building/residential area", 
        "object_id": "way/1553700269", 
        "josm_remote_url": "http://127.0.0.1:8111/zoom?left=85.1969245&right=85.1975245&top=28.0191154&bottom=28.0185154&select=way1553700269"
      }
    }, 
    {
      "type": "Feature", 
      "geometry": {
        "coordinates": [
          85.19714, 
          28.0211465
        ], 
        "type": "Point"
      }, 
      "properties": {
        "severity": "Warnings", 
        "rule": "Crossing ways", 
        "message": "Crossing building/residential area", 
        "object_id": "way/1553700338", 
        "josm_remote_url": "http://127.0.0.1:8111/zoom?left=85.19684&right=85.19744&top=28.0214465&bottom=28.0208465&select=way1553700338"
      }
    }, 
    {
      "type": "Feature", 
      "geometry": {
        "coordinates": [
          85.1987386, 
          28.020789
        ], 
        "type": "Point"
      }, 
      "properties": {
        "severity": "Warnings", 
        "rule": "Crossing ways", 
        "message": "Crossing building/residential area", 
        "object_id": "way/1553700330", 
        "josm_remote_url": "http://127.0.0.1:8111/zoom?left=85.1984386&right=85.1990386&top=28.021089&bottom=28.020489&select=way1553700330"
      }
    }, 
    {
      "type": "Feature", 
      "geometry": {
        "coordinates": [
          85.1998496, 
          28.0664266
        ], 
        "type": "Point"
      }, 
      "properties": {
        "severity": "Warnings", 
        "rule": "Crossing ways", 
        "message": "Crossing building/residential area", 
        "object_id": "way/1553077590", 
        "josm_remote_url": "http://127.0.0.1:8111/zoom?left=85.1995496&right=85.2001496&top=28.0667266&bottom=28.0661266&select=way1553077590"
      }
    }, 
    {
      "type": "Feature", 
      "geometry": {
        "coordinates": [
          85.1168129, 
          27.8687494
        ], 
        "type": "Point"
      }, 
      "properties": {
        "severity": "Warnings", 
        "rule": "Crossing ways", 
        "message": "Crossing building/highway", 
        "object_id": "way/1553174657", 
        "josm_remote_url": "http://127.0.0.1:8111/zoom?left=85.1165129&right=85.1171129&top=27.8690494&bottom=27.8684494&select=way1553174657"
      }
    }, 
    {
      "type": "Feature", 
      "geometry": {
        "coordinates": [
          85.1304536, 
          27.8670209
        ], 
        "type": "Point"
      }, 
      "properties": {
        "severity": "Warnings", 
        "rule": "Crossing ways", 
        "message": "Crossing building/residential area", 
        "object_id": "way/1552583808", 
        "josm_remote_url": "http://127.0.0.1:8111/zoom?left=85.1301536&right=85.1307536&top=27.8673209&bottom=27.8667209&select=way1552583808"
      }
    }, 
    {
      "type": "Feature", 
      "geometry": {
        "coordinates": [
          85.1360334, 
          27.8705398
        ], 
        "type": "Point"
      }, 
      "properties": {
        "severity": "Warnings", 
        "rule": "Crossing ways", 
        "message": "Crossing building/residential area", 
        "object_id": "way/340444243", 
        "josm_remote_url": "http://127.0.0.1:8111/zoom?left=85.1357334&right=85.1363334&top=27.8708398&bottom=27.8702398&select=way340444243"
      }
    }, 
    {
      "type": "Feature", 
      "geometry": {
        "coordinates": [
          85.1262264, 
          27.8718058
        ], 
        "type": "Point"
      }, 
      "properties": {
        "severity": "Warnings", 
        "rule": "Crossing ways", 
        "message": "Crossing building/residential area", 
        "object_id": "way/1552583699", 
        "josm_remote_url": "http://127.0.0.1:8111/zoom?left=85.1259264&right=85.1265264&top=27.8721058&bottom=27.8715058&select=way1552583699"
      }
    }, 
    {
      "type": "Feature", 
      "geometry": {
        "coordinates": [
          85.1263767, 
          27.8721709
        ], 
        "type": "Point"
      }, 
      "properties": {
        "severity": "Warnings", 
        "rule": "Crossing ways", 
        "message": "Crossing building/residential area", 
        "object_id": "way/341624425", 
        "josm_remote_url": "http://127.0.0.1:8111/zoom?left=85.1260767&right=85.1266767&top=27.8724709&bottom=27.8718709&select=way341624425"
      }
    }, 
    {
      "type": "Feature", 
      "geometry": {
        "coordinates": [
          85.1297934, 
          27.8673284
        ], 
        "type": "Point"
      }, 
      "properties": {
        "severity": "Warnings", 
        "rule": "Crossing ways", 
        "message": "Crossing building/residential area", 
        "object_id": "way/920052332", 
        "josm_remote_url": "http://127.0.0.1:8111/zoom?left=85.1294934&right=85.1300934&top=27.8676284&bottom=27.8670284&select=way920052332"
      }
    }, 
    {
      "type": "Feature", 
      "geometry": {
        "coordinates": [
          85.1293475, 
          27.8664017
        ], 
        "type": "Point"
      }, 
      "properties": {
        "severity": "Warnings", 
        "rule": "Crossing ways", 
        "message": "Crossing building/residential area", 
        "object_id": "way/920052333", 
        "josm_remote_url": "http://127.0.0.1:8111/zoom?left=85.1290475&right=85.1296475&top=27.8667017&bottom=27.8661017&select=way920052333"
      }
    }, 
    {
      "type": "Feature", 
      "geometry": {
        "coordinates": [
          85.1764905, 
          27.9759138
        ], 
        "type": "Point"
      }, 
      "properties": {
        "severity": "Warnings", 
        "rule": "Crossing ways", 
        "message": "Crossing building/residential area", 
        "object_id": "way/341623168", 
        "josm_remote_url": "http://127.0.0.1:8111/zoom?left=85.1761905&right=85.1767905&top=27.9762138&bottom=27.9756138&select=way341623168"
      }
    }, 
    {
      "type": "Feature", 
      "geometry": {
        "coordinates": [
          85.1765694, 
          27.976264
        ], 
        "type": "Point"
      }, 
      "properties": {
        "severity": "Warnings", 
        "rule": "Crossing ways", 
        "message": "Crossing building/residential area", 
        "object_id": "way/341623225", 
        "josm_remote_url": "http://127.0.0.1:8111/zoom?left=85.1762694&right=85.1768694&top=27.976564&bottom=27.975964&select=way341623225"
      }
    }, 
    {
      "type": "Feature", 
      "geometry": {
        "coordinates": [
          85.1262788, 
          27.86834
        ], 
        "type": "Point"
      }, 
      "properties": {
        "severity": "Warnings", 
        "rule": "Crossing ways", 
        "message": "Crossing building/residential area", 
        "object_id": "way/340444088", 
        "josm_remote_url": "http://127.0.0.1:8111/zoom?left=85.1259788&right=85.1265788&top=27.86864&bottom=27.86804&select=way340444088"
      }
    }, 
    {
      "type": "Feature", 
      "geometry": {
        "coordinates": [
          85.1262788, 
          27.86834
        ], 
        "type": "Point"
      }, 
      "properties": {
        "severity": "Warnings", 
        "rule": "Crossing ways", 
        "message": "Crossing building/residential area", 
        "object_id": "way/340444088", 
        "josm_remote_url": "http://127.0.0.1:8111/zoom?left=85.1259788&right=85.1265788&top=27.86864&bottom=27.86804&select=way340444088"
      }
    }, 
    {
      "type": "Feature", 
      "geometry": {
        "coordinates": [
          85.1262788, 
          27.86834
        ], 
        "type": "Point"
      }, 
      "properties": {
        "severity": "Warnings", 
        "rule": "Crossing ways", 
        "message": "Crossing building/residential area", 
        "object_id": "way/340444088", 
        "josm_remote_url": "http://127.0.0.1:8111/zoom?left=85.1259788&right=85.1265788&top=27.86864&bottom=27.86804&select=way340444088"
      }
    }, 
    {
      "type": "Feature", 
      "geometry": {
        "coordinates": [
          85.1262788, 
          27.86834
        ], 
        "type": "Point"
      }, 
      "properties": {
        "severity": "Warnings", 
        "rule": "Crossing ways", 
        "message": "Crossing building/residential area", 
        "object_id": "way/340444088", 
        "josm_remote_url": "http://127.0.0.1:8111/zoom?left=85.1259788&right=85.1265788&top=27.86864&bottom=27.86804&select=way340444088"
      }
    }, 
    {
      "type": "Feature", 
      "geometry": {
        "coordinates": [
          85.1262788, 
          27.86834
        ], 
        "type": "Point"
      }, 
      "properties": {
        "severity": "Warnings", 
        "rule": "Crossing ways", 
        "message": "Crossing building/residential area", 
        "object_id": "way/340444088", 
        "josm_remote_url": "http://127.0.0.1:8111/zoom?left=85.1259788&right=85.1265788&top=27.86864&bottom=27.86804&select=way340444088"
      }
    }, 
    {
      "type": "Feature", 
      "geometry": {
        "coordinates": [
          85.1754621, 
          27.9728115
        ], 
        "type": "Point"
      }, 
      "properties": {
        "severity": "Warnings", 
        "rule": "Crossing ways", 
        "message": "Crossing building/residential area", 
        "object_id": "way/1553171583", 
        "josm_remote_url": "http://127.0.0.1:8111/zoom?left=85.1751621&right=85.1757621&top=27.9731115&bottom=27.9725115&select=way1553171583"
      }
    }, 
    {
      "type": "Feature", 
      "geometry": {
        "coordinates": [
          85.1659365, 
          27.9352671
        ], 
        "type": "Point"
      }, 
      "properties": {
        "severity": "Warnings", 
        "rule": "Crossing ways", 
        "message": "Crossing building/residential area", 
        "object_id": "way/1553925587", 
        "josm_remote_url": "http://127.0.0.1:8111/zoom?left=85.1656365&right=85.1662365&top=27.9355671&bottom=27.9349671&select=way1553925587"
      }
    }, 
    {
      "type": "Feature", 
      "geometry": {
        "coordinates": [
          85.1810119, 
          27.9929354
        ], 
        "type": "Point"
      }, 
      "properties": {
        "severity": "Warnings", 
        "rule": "Crossing ways", 
        "message": "Crossing building/residential area", 
        "object_id": "way/1553990944", 
        "josm_remote_url": "http://127.0.0.1:8111/zoom?left=85.1807119&right=85.1813119&top=27.9932354&bottom=27.9926354&select=way1553990944"
      }
    }, 
    {
      "type": "Feature", 
      "geometry": {
        "coordinates": [
          85.1839462, 
          27.9914883
        ], 
        "type": "Point"
      }, 
      "properties": {
        "severity": "Warnings", 
        "rule": "Crossing ways", 
        "message": "Crossing building/residential area", 
        "object_id": "way/1553990932", 
        "josm_remote_url": "http://127.0.0.1:8111/zoom?left=85.1836462&right=85.1842462&top=27.9917883&bottom=27.9911883&select=way1553990932"
      }
    }, 
    {
      "type": "Feature", 
      "geometry": {
        "coordinates": [
          85.1849681, 
          27.9833098
        ], 
        "type": "Point"
      }, 
      "properties": {
        "severity": "Warnings", 
        "rule": "Crossing ways", 
        "message": "Crossing building/residential area", 
        "object_id": "way/1553990938", 
        "josm_remote_url": "http://127.0.0.1:8111/zoom?left=85.1846681&right=85.1852681&top=27.9836098&bottom=27.9830098&select=way1553990938"
      }
    }, 
    {
      "type": "Feature", 
      "geometry": {
        "coordinates": [
          85.1849681, 
          27.9833098
        ], 
        "type": "Point"
      }, 
      "properties": {
        "severity": "Warnings", 
        "rule": "Crossing ways", 
        "message": "Crossing building/residential area", 
        "object_id": "way/1553990938", 
        "josm_remote_url": "http://127.0.0.1:8111/zoom?left=85.1846681&right=85.1852681&top=27.9836098&bottom=27.9830098&select=way1553990938"
      }
    }, 
    {
      "type": "Feature", 
      "geometry": {
        "coordinates": [
          85.1841259, 
          27.9873518
        ], 
        "type": "Point"
      }, 
      "properties": {
        "severity": "Warnings", 
        "rule": "Crossing ways", 
        "message": "Crossing building/residential area", 
        "object_id": "way/1553990940", 
        "josm_remote_url": "http://127.0.0.1:8111/zoom?left=85.1838259&right=85.1844259&top=27.9876518&bottom=27.9870518&select=way1553990940"
      }
    }, 
    {
      "type": "Feature", 
      "geometry": {
        "coordinates": [
          85.1814625, 
          27.9870853
        ], 
        "type": "Point"
      }, 
      "properties": {
        "severity": "Warnings", 
        "rule": "Crossing ways", 
        "message": "Crossing building/residential area", 
        "object_id": "way/1553990942", 
        "josm_remote_url": "http://127.0.0.1:8111/zoom?left=85.1811625&right=85.1817625&top=27.9873853&bottom=27.9867853&select=way1553990942"
      }
    }, 
    {
      "type": "Feature", 
      "geometry": {
        "coordinates": [
          85.1825434, 
          27.992978
        ], 
        "type": "Point"
      }, 
      "properties": {
        "severity": "Warnings", 
        "rule": "Crossing ways", 
        "message": "Crossing building/residential area", 
        "object_id": "way/1553990943", 
        "josm_remote_url": "http://127.0.0.1:8111/zoom?left=85.1822434&right=85.1828434&top=27.993278&bottom=27.992678&select=way1553990943"
      }
    }, 
    {
      "type": "Feature", 
      "geometry": {
        "coordinates": [
          85.1825434, 
          27.992978
        ], 
        "type": "Point"
      }, 
      "properties": {
        "severity": "Warnings", 
        "rule": "Crossing ways", 
        "message": "Crossing building/residential area", 
        "object_id": "way/1553990943", 
        "josm_remote_url": "http://127.0.0.1:8111/zoom?left=85.1822434&right=85.1828434&top=27.993278&bottom=27.992678&select=way1553990943"
      }
    }, 
    {
      "type": "Feature", 
      "geometry": {
        "coordinates": [
          85.1825434, 
          27.992978
        ], 
        "type": "Point"
      }, 
      "properties": {
        "severity": "Warnings", 
        "rule": "Crossing ways", 
        "message": "Crossing building/residential area", 
        "object_id": "way/1553990943", 
        "josm_remote_url": "http://127.0.0.1:8111/zoom?left=85.1822434&right=85.1828434&top=27.993278&bottom=27.992678&select=way1553990943"
      }
    }, 
    {
      "type": "Feature", 
      "geometry": {
        "coordinates": [
          85.1825434, 
          27.992978
        ], 
        "type": "Point"
      }, 
      "properties": {
        "severity": "Warnings", 
        "rule": "Crossing ways", 
        "message": "Crossing building/residential area", 
        "object_id": "way/1553990943", 
        "josm_remote_url": "http://127.0.0.1:8111/zoom?left=85.1822434&right=85.1828434&top=27.993278&bottom=27.992678&select=way1553990943"
      }
    }, 
    {
      "type": "Feature", 
      "geometry": {
        "coordinates": [
          85.1825434, 
          27.992978
        ], 
        "type": "Point"
      }, 
      "properties": {
        "severity": "Warnings", 
        "rule": "Crossing ways", 
        "message": "Crossing building/residential area", 
        "object_id": "way/1553990943", 
        "josm_remote_url": "http://127.0.0.1:8111/zoom?left=85.1822434&right=85.1828434&top=27.993278&bottom=27.992678&select=way1553990943"
      }
    }, 
    {
      "type": "Feature", 
      "geometry": {
        "coordinates": [
          85.1825434, 
          27.992978
        ], 
        "type": "Point"
      }, 
      "properties": {
        "severity": "Warnings", 
        "rule": "Crossing ways", 
        "message": "Crossing building/residential area", 
        "object_id": "way/1553990943", 
        "josm_remote_url": "http://127.0.0.1:8111/zoom?left=85.1822434&right=85.1828434&top=27.993278&bottom=27.992678&select=way1553990943"
      }
    }, 
    {
      "type": "Feature", 
      "geometry": {
        "coordinates": [
          85.1825434, 
          27.992978
        ], 
        "type": "Point"
      }, 
      "properties": {
        "severity": "Warnings", 
        "rule": "Crossing ways", 
        "message": "Crossing building/residential area", 
        "object_id": "way/1553990943", 
        "josm_remote_url": "http://127.0.0.1:8111/zoom?left=85.1822434&right=85.1828434&top=27.993278&bottom=27.992678&select=way1553990943"
      }
    }, 
    {
      "type": "Feature", 
      "geometry": {
        "coordinates": [
          85.1825434, 
          27.992978
        ], 
        "type": "Point"
      }, 
      "properties": {
        "severity": "Warnings", 
        "rule": "Crossing ways", 
        "message": "Crossing building/residential area", 
        "object_id": "way/1553990943", 
        "josm_remote_url": "http://127.0.0.1:8111/zoom?left=85.1822434&right=85.1828434&top=27.993278&bottom=27.992678&select=way1553990943"
      }
    }, 
    {
      "type": "Feature", 
      "geometry": {
        "coordinates": [
          85.1825434, 
          27.992978
        ], 
        "type": "Point"
      }, 
      "properties": {
        "severity": "Warnings", 
        "rule": "Crossing ways", 
        "message": "Crossing building/residential area", 
        "object_id": "way/1553990943", 
        "josm_remote_url": "http://127.0.0.1:8111/zoom?left=85.1822434&right=85.1828434&top=27.993278&bottom=27.992678&select=way1553990943"
      }
    }, 
    {
      "type": "Feature", 
      "geometry": {
        "coordinates": [
          85.1825434, 
          27.992978
        ], 
        "type": "Point"
      }, 
      "properties": {
        "severity": "Warnings", 
        "rule": "Crossing ways", 
        "message": "Crossing building/residential area", 
        "object_id": "way/1553990943", 
        "josm_remote_url": "http://127.0.0.1:8111/zoom?left=85.1822434&right=85.1828434&top=27.993278&bottom=27.992678&select=way1553990943"
      }
    }, 
    {
      "type": "Feature", 
      "geometry": {
        "coordinates": [
          85.1456711, 
          27.922582
        ], 
        "type": "Point"
      }, 
      "properties": {
        "severity": "Warnings", 
        "rule": "Crossing ways", 
        "message": "Crossing waterway/way", 
        "object_id": "way/755069236", 
        "josm_remote_url": "http://127.0.0.1:8111/zoom?left=85.1453711&right=85.1459711&top=27.922882&bottom=27.922282&select=way755069236"
      }
    }, 
    {
      "type": "Feature", 
      "geometry": {
        "coordinates": [
          85.1456711, 
          27.922582
        ], 
        "type": "Point"
      }, 
      "properties": {
        "severity": "Warnings", 
        "rule": "Crossing ways", 
        "message": "Crossing waterways", 
        "object_id": "way/755069236", 
        "josm_remote_url": "http://127.0.0.1:8111/zoom?left=85.1453711&right=85.1459711&top=27.922882&bottom=27.922282&select=way755069236"
      }
    }, 
    {
      "type": "Feature", 
      "geometry": {
        "coordinates": [
          85.12932, 
          27.8709952
        ], 
        "type": "Point"
      }, 
      "properties": {
        "severity": "Warnings", 
        "rule": "Crossing ways", 
        "message": "Crossing building/residential area", 
        "object_id": "way/1552613395", 
        "josm_remote_url": "http://127.0.0.1:8111/zoom?left=85.12902&right=85.12962&top=27.8712952&bottom=27.8706952&select=way1552613395"
      }
    }, 
    {
      "type": "Feature", 
      "geometry": {
        "coordinates": [
          85.1307669, 
          27.8717928
        ], 
        "type": "Point"
      }, 
      "properties": {
        "severity": "Warnings", 
        "rule": "Crossing ways", 
        "message": "Crossing building/residential area", 
        "object_id": "way/1552613412", 
        "josm_remote_url": "http://127.0.0.1:8111/zoom?left=85.1304669&right=85.1310669&top=27.8720928&bottom=27.8714928&select=way1552613412"
      }
    }, 
    {
      "type": "Feature", 
      "geometry": {
        "coordinates": [
          85.1267565, 
          27.8874611
        ], 
        "type": "Point"
      }, 
      "properties": {
        "severity": "Warnings", 
        "rule": "Crossing ways", 
        "message": "Crossing building/residential area", 
        "object_id": "way/1552613810", 
        "josm_remote_url": "http://127.0.0.1:8111/zoom?left=85.1264565&right=85.1270565&top=27.8877611&bottom=27.8871611&select=way1552613810"
      }
    }, 
    {
      "type": "Feature", 
      "geometry": {
        "coordinates": [
          85.1907625, 
          27.9905237
        ], 
        "type": "Point"
      }, 
      "properties": {
        "severity": "Warnings", 
        "rule": "Crossing ways", 
        "message": "Crossing building/residential area", 
        "object_id": "way/1553138154", 
        "josm_remote_url": "http://127.0.0.1:8111/zoom?left=85.1904625&right=85.1910625&top=27.9908237&bottom=27.9902237&select=way1553138154"
      }
    }, 
    {
      "type": "Feature", 
      "geometry": {
        "coordinates": [
          85.1340397, 
          27.8883623
        ], 
        "type": "Point"
      }, 
      "properties": {
        "severity": "Warnings", 
        "rule": "Crossing ways", 
        "message": "Crossing building/residential area", 
        "object_id": "way/1552613752", 
        "josm_remote_url": "http://127.0.0.1:8111/zoom?left=85.1337397&right=85.1343397&top=27.8886623&bottom=27.8880623&select=way1552613752"
      }
    }, 
    {
      "type": "Feature", 
      "geometry": {
        "coordinates": [
          85.1317048, 
          27.8878194
        ], 
        "type": "Point"
      }, 
      "properties": {
        "severity": "Warnings", 
        "rule": "Crossing ways", 
        "message": "Crossing building/residential area", 
        "object_id": "way/1552613759", 
        "josm_remote_url": "http://127.0.0.1:8111/zoom?left=85.1314048&right=85.1320048&top=27.8881194&bottom=27.8875194&select=way1552613759"
      }
    }, 
    {
      "type": "Feature", 
      "geometry": {
        "coordinates": [
          85.1338841, 
          27.8882698
        ], 
        "type": "Point"
      }, 
      "properties": {
        "severity": "Warnings", 
        "rule": "Crossing ways", 
        "message": "Crossing building/residential area", 
        "object_id": "way/1552613751", 
        "josm_remote_url": "http://127.0.0.1:8111/zoom?left=85.1335841&right=85.1341841&top=27.8885698&bottom=27.8879698&select=way1552613751"
      }
    }, 
    {
      "type": "Feature", 
      "geometry": {
        "coordinates": [
          85.124267, 
          27.8830791
        ], 
        "type": "Point"
      }, 
      "properties": {
        "severity": "Warnings", 
        "rule": "Crossing ways", 
        "message": "Crossing building/residential area", 
        "object_id": "way/1552613890", 
        "josm_remote_url": "http://127.0.0.1:8111/zoom?left=85.123967&right=85.124567&top=27.8833791&bottom=27.8827791&select=way1552613890"
      }
    }, 
    {
      "type": "Feature", 
      "geometry": {
        "coordinates": [
          85.1337486, 
          27.888322
        ], 
        "type": "Point"
      }, 
      "properties": {
        "severity": "Warnings", 
        "rule": "Crossing ways", 
        "message": "Crossing building/residential area", 
        "object_id": "way/1552613982", 
        "josm_remote_url": "http://127.0.0.1:8111/zoom?left=85.1334486&right=85.1340486&top=27.888622&bottom=27.888022&select=way1552613982"
      }
    }, 
    {
      "type": "Feature", 
      "geometry": {
        "coordinates": [
          85.1344313, 
          27.8904449
        ], 
        "type": "Point"
      }, 
      "properties": {
        "severity": "Warnings", 
        "rule": "Crossing ways", 
        "message": "Crossing building/residential area", 
        "object_id": "way/1552613980", 
        "josm_remote_url": "http://127.0.0.1:8111/zoom?left=85.1341313&right=85.1347313&top=27.8907449&bottom=27.8901449&select=way1552613980"
      }
    }, 
    {
      "type": "Feature", 
      "geometry": {
        "coordinates": [
          85.2491632, 
          28.1227347
        ], 
        "type": "Point"
      }, 
      "properties": {
        "severity": "Warnings", 
        "rule": "Crossing ways", 
        "message": "Crossing highway/waterway", 
        "object_id": "way/330910855", 
        "josm_remote_url": "http://127.0.0.1:8111/zoom?left=85.2488632&right=85.2494632&top=28.1230347&bottom=28.1224347&select=way330910855"
      }
    }, 
    {
      "type": "Feature", 
      "geometry": {
        "coordinates": [
          85.1909162, 
          27.987222
        ], 
        "type": "Point"
      }, 
      "properties": {
        "severity": "Warnings", 
        "rule": "Crossing ways", 
        "message": "Crossing highways", 
        "object_id": "way/340423861", 
        "josm_remote_url": "http://127.0.0.1:8111/zoom?left=85.1906162&right=85.1912162&top=27.987522&bottom=27.986922&select=way340423861"
      }
    }, 
    {
      "type": "Feature", 
      "geometry": {
        "coordinates": [
          85.1339857, 
          27.8720933
        ], 
        "type": "Point"
      }, 
      "properties": {
        "severity": "Warnings", 
        "rule": "Crossing ways", 
        "message": "Crossing building/highway", 
        "object_id": "way/1552791918", 
        "josm_remote_url": "http://127.0.0.1:8111/zoom?left=85.1336857&right=85.1342857&top=27.8723933&bottom=27.8717933&select=way1552791918"
      }
    }, 
    {
      "type": "Feature", 
      "geometry": {
        "coordinates": [
          85.1072558, 
          27.8700576
        ], 
        "type": "Point"
      }, 
      "properties": {
        "severity": "Warnings", 
        "rule": "Crossing ways", 
        "message": "Crossing building/residential area", 
        "object_id": "way/341638444", 
        "josm_remote_url": "http://127.0.0.1:8111/zoom?left=85.1069558&right=85.1075558&top=27.8703576&bottom=27.8697576&select=way341638444"
      }
    }, 
    {
      "type": "Feature", 
      "geometry": {
        "coordinates": [
          85.1282246, 
          27.8735622
        ], 
        "type": "Point"
      }, 
      "properties": {
        "severity": "Warnings", 
        "rule": "Crossing ways", 
        "message": "Crossing building/residential area", 
        "object_id": "way/1553118881", 
        "josm_remote_url": "http://127.0.0.1:8111/zoom?left=85.1279246&right=85.1285246&top=27.8738622&bottom=27.8732622&select=way1553118881"
      }
    }, 
    {
      "type": "Feature", 
      "geometry": {
        "coordinates": [
          85.1252255, 
          27.8680545
        ], 
        "type": "Point"
      }, 
      "properties": {
        "severity": "Warnings", 
        "rule": "Crossing ways", 
        "message": "Crossing building/residential area", 
        "object_id": "way/341507806", 
        "josm_remote_url": "http://127.0.0.1:8111/zoom?left=85.1249255&right=85.1255255&top=27.8683545&bottom=27.8677545&select=way341507806"
      }
    }, 
    {
      "type": "Feature", 
      "geometry": {
        "coordinates": [
          85.1324118, 
          27.8698429
        ], 
        "type": "Point"
      }, 
      "properties": {
        "severity": "Warnings", 
        "rule": "Crossing ways", 
        "message": "Crossing building/residential area", 
        "object_id": "way/341507776", 
        "josm_remote_url": "http://127.0.0.1:8111/zoom?left=85.1321118&right=85.1327118&top=27.8701429&bottom=27.8695429&select=way341507776"
      }
    }, 
    {
      "type": "Feature", 
      "geometry": {
        "coordinates": [
          85.1275348, 
          27.8660544
        ], 
        "type": "Point"
      }, 
      "properties": {
        "severity": "Warnings", 
        "rule": "Crossing ways", 
        "message": "Crossing building/residential area", 
        "object_id": "way/341507824", 
        "josm_remote_url": "http://127.0.0.1:8111/zoom?left=85.1272348&right=85.1278348&top=27.8663544&bottom=27.8657544&select=way341507824"
      }
    }, 
    {
      "type": "Feature", 
      "geometry": {
        "coordinates": [
          85.1290957, 
          27.8864481
        ], 
        "type": "Point"
      }, 
      "properties": {
        "severity": "Warnings", 
        "rule": "Crossing ways", 
        "message": "Crossing building/residential area", 
        "object_id": "way/342294309", 
        "josm_remote_url": "http://127.0.0.1:8111/zoom?left=85.1287957&right=85.1293957&top=27.8867481&bottom=27.8861481&select=way342294309"
      }
    }, 
    {
      "type": "Feature", 
      "geometry": {
        "coordinates": [
          85.1255834, 
          27.8681842
        ], 
        "type": "Point"
      }, 
      "properties": {
        "severity": "Warnings", 
        "rule": "Crossing ways", 
        "message": "Crossing building/residential area", 
        "object_id": "way/341508075", 
        "josm_remote_url": "http://127.0.0.1:8111/zoom?left=85.1252834&right=85.1258834&top=27.8684842&bottom=27.8678842&select=way341508075"
      }
    }, 
    {
      "type": "Feature", 
      "geometry": {
        "coordinates": [
          85.3197271, 
          28.1388752
        ], 
        "type": "Point"
      }, 
      "properties": {
        "severity": "Warnings", 
        "rule": "Crossing ways", 
        "message": "Crossing building/residential area", 
        "object_id": "way/1553117929", 
        "josm_remote_url": "http://127.0.0.1:8111/zoom?left=85.3194271&right=85.3200271&top=28.1391752&bottom=28.1385752&select=way1553117929"
      }
    }, 
    {
      "type": "Feature", 
      "geometry": {
        "coordinates": [
          85.1413132, 
          27.8875374
        ], 
        "type": "Point"
      }, 
      "properties": {
        "severity": "Warnings", 
        "rule": "Crossing ways", 
        "message": "Crossing building/residential area", 
        "object_id": "way/1553052417", 
        "josm_remote_url": "http://127.0.0.1:8111/zoom?left=85.1410132&right=85.1416132&top=27.8878374&bottom=27.8872374&select=way1553052417"
      }
    }, 
    {
      "type": "Feature", 
      "geometry": {
        "coordinates": [
          85.1413132, 
          27.8875374
        ], 
        "type": "Point"
      }, 
      "properties": {
        "severity": "Warnings", 
        "rule": "Crossing ways", 
        "message": "Crossing building/residential area", 
        "object_id": "way/1553052417", 
        "josm_remote_url": "http://127.0.0.1:8111/zoom?left=85.1410132&right=85.1416132&top=27.8878374&bottom=27.8872374&select=way1553052417"
      }
    }, 
    {
      "type": "Feature", 
      "geometry": {
        "coordinates": [
          85.1413132, 
          27.8875374
        ], 
        "type": "Point"
      }, 
      "properties": {
        "severity": "Warnings", 
        "rule": "Crossing ways", 
        "message": "Crossing building/residential area", 
        "object_id": "way/1553052417", 
        "josm_remote_url": "http://127.0.0.1:8111/zoom?left=85.1410132&right=85.1416132&top=27.8878374&bottom=27.8872374&select=way1553052417"
      }
    }, 
    {
      "type": "Feature", 
      "geometry": {
        "coordinates": [
          85.1413132, 
          27.8875374
        ], 
        "type": "Point"
      }, 
      "properties": {
        "severity": "Warnings", 
        "rule": "Crossing ways", 
        "message": "Crossing building/residential area", 
        "object_id": "way/1553052417", 
        "josm_remote_url": "http://127.0.0.1:8111/zoom?left=85.1410132&right=85.1416132&top=27.8878374&bottom=27.8872374&select=way1553052417"
      }
    }, 
    {
      "type": "Feature", 
      "geometry": {
        "coordinates": [
          85.1413132, 
          27.8875374
        ], 
        "type": "Point"
      }, 
      "properties": {
        "severity": "Warnings", 
        "rule": "Crossing ways", 
        "message": "Crossing building/residential area", 
        "object_id": "way/1553052417", 
        "josm_remote_url": "http://127.0.0.1:8111/zoom?left=85.1410132&right=85.1416132&top=27.8878374&bottom=27.8872374&select=way1553052417"
      }
    }, 
    {
      "type": "Feature", 
      "geometry": {
        "coordinates": [
          85.1413132, 
          27.8875374
        ], 
        "type": "Point"
      }, 
      "properties": {
        "severity": "Warnings", 
        "rule": "Crossing ways", 
        "message": "Crossing building/residential area", 
        "object_id": "way/1553052417", 
        "josm_remote_url": "http://127.0.0.1:8111/zoom?left=85.1410132&right=85.1416132&top=27.8878374&bottom=27.8872374&select=way1553052417"
      }
    }, 
    {
      "type": "Feature", 
      "geometry": {
        "coordinates": [
          85.1413132, 
          27.8875374
        ], 
        "type": "Point"
      }, 
      "properties": {
        "severity": "Warnings", 
        "rule": "Crossing ways", 
        "message": "Crossing building/residential area", 
        "object_id": "way/1553052417", 
        "josm_remote_url": "http://127.0.0.1:8111/zoom?left=85.1410132&right=85.1416132&top=27.8878374&bottom=27.8872374&select=way1553052417"
      }
    }, 
    {
      "type": "Feature", 
      "geometry": {
        "coordinates": [
          85.1413132, 
          27.8875374
        ], 
        "type": "Point"
      }, 
      "properties": {
        "severity": "Warnings", 
        "rule": "Crossing ways", 
        "message": "Crossing building/residential area", 
        "object_id": "way/1553052417", 
        "josm_remote_url": "http://127.0.0.1:8111/zoom?left=85.1410132&right=85.1416132&top=27.8878374&bottom=27.8872374&select=way1553052417"
      }
    }, 
    {
      "type": "Feature", 
      "geometry": {
        "coordinates": [
          85.1413132, 
          27.8875374
        ], 
        "type": "Point"
      }, 
      "properties": {
        "severity": "Warnings", 
        "rule": "Crossing ways", 
        "message": "Crossing building/residential area", 
        "object_id": "way/1553052417", 
        "josm_remote_url": "http://127.0.0.1:8111/zoom?left=85.1410132&right=85.1416132&top=27.8878374&bottom=27.8872374&select=way1553052417"
      }
    }, 
    {
      "type": "Feature", 
      "geometry": {
        "coordinates": [
          85.1413132, 
          27.8875374
        ], 
        "type": "Point"
      }, 
      "properties": {
        "severity": "Warnings", 
        "rule": "Crossing ways", 
        "message": "Crossing building/residential area", 
        "object_id": "way/1553052417", 
        "josm_remote_url": "http://127.0.0.1:8111/zoom?left=85.1410132&right=85.1416132&top=27.8878374&bottom=27.8872374&select=way1553052417"
      }
    }, 
    {
      "type": "Feature", 
      "geometry": {
        "coordinates": [
          85.1413132, 
          27.8875374
        ], 
        "type": "Point"
      }, 
      "properties": {
        "severity": "Warnings", 
        "rule": "Crossing ways", 
        "message": "Crossing building/residential area", 
        "object_id": "way/1553052417", 
        "josm_remote_url": "http://127.0.0.1:8111/zoom?left=85.1410132&right=85.1416132&top=27.8878374&bottom=27.8872374&select=way1553052417"
      }
    }, 
    {
      "type": "Feature", 
      "geometry": {
        "coordinates": [
          85.1413132, 
          27.8875374
        ], 
        "type": "Point"
      }, 
      "properties": {
        "severity": "Warnings", 
        "rule": "Crossing ways", 
        "message": "Crossing building/residential area", 
        "object_id": "way/1553052417", 
        "josm_remote_url": "http://127.0.0.1:8111/zoom?left=85.1410132&right=85.1416132&top=27.8878374&bottom=27.8872374&select=way1553052417"
      }
    }, 
    {
      "type": "Feature", 
      "geometry": {
        "coordinates": [
          85.1413132, 
          27.8875374
        ], 
        "type": "Point"
      }, 
      "properties": {
        "severity": "Warnings", 
        "rule": "Crossing ways", 
        "message": "Crossing building/residential area", 
        "object_id": "way/1553052417", 
        "josm_remote_url": "http://127.0.0.1:8111/zoom?left=85.1410132&right=85.1416132&top=27.8878374&bottom=27.8872374&select=way1553052417"
      }
    }, 
    {
      "type": "Feature", 
      "geometry": {
        "coordinates": [
          85.1406544, 
          27.8862732
        ], 
        "type": "Point"
      }, 
      "properties": {
        "severity": "Warnings", 
        "rule": "Crossing ways", 
        "message": "Crossing building/residential area", 
        "object_id": "way/1553116209", 
        "josm_remote_url": "http://127.0.0.1:8111/zoom?left=85.1403544&right=85.1409544&top=27.8865732&bottom=27.8859732&select=way1553116209"
      }
    }, 
    {
      "type": "Feature", 
      "geometry": {
        "coordinates": [
          85.216303, 
          28.0493076
        ], 
        "type": "Point"
      }, 
      "properties": {
        "severity": "Warnings", 
        "rule": "Crossing ways", 
        "message": "Crossing building/residential area", 
        "object_id": "way/847069237", 
        "josm_remote_url": "http://127.0.0.1:8111/zoom?left=85.216003&right=85.216603&top=28.0496076&bottom=28.0490076&select=way847069237"
      }
    }, 
    {
      "type": "Feature", 
      "geometry": {
        "coordinates": [
          85.2163004, 
          28.0495952
        ], 
        "type": "Point"
      }, 
      "properties": {
        "severity": "Warnings", 
        "rule": "Crossing ways", 
        "message": "Crossing building/residential area", 
        "object_id": "way/847069232", 
        "josm_remote_url": "http://127.0.0.1:8111/zoom?left=85.2160004&right=85.2166004&top=28.0498952&bottom=28.0492952&select=way847069232"
      }
    }, 
    {
      "type": "Feature", 
      "geometry": {
        "coordinates": [
          85.2166423, 
          28.0497337
        ], 
        "type": "Point"
      }, 
      "properties": {
        "severity": "Warnings", 
        "rule": "Crossing ways", 
        "message": "Crossing building/residential area", 
        "object_id": "way/847069234", 
        "josm_remote_url": "http://127.0.0.1:8111/zoom?left=85.2163423&right=85.2169423&top=28.0500337&bottom=28.0494337&select=way847069234"
      }
    }, 
    {
      "type": "Feature", 
      "geometry": {
        "coordinates": [
          85.218094, 
          28.0541113
        ], 
        "type": "Point"
      }, 
      "properties": {
        "severity": "Warnings", 
        "rule": "Crossing ways", 
        "message": "Crossing building/residential area", 
        "object_id": "way/847069197", 
        "josm_remote_url": "http://127.0.0.1:8111/zoom?left=85.217794&right=85.218394&top=28.0544113&bottom=28.0538113&select=way847069197"
      }
    }, 
    {
      "type": "Feature", 
      "geometry": {
        "coordinates": [
          85.2073688, 
          28.060095
        ], 
        "type": "Point"
      }, 
      "properties": {
        "severity": "Warnings", 
        "rule": "Crossing ways", 
        "message": "Crossing building/highway", 
        "object_id": "way/340453073", 
        "josm_remote_url": "http://127.0.0.1:8111/zoom?left=85.2070688&right=85.2076688&top=28.060395&bottom=28.059795&select=way340453073"
      }
    }, 
    {
      "type": "Feature", 
      "geometry": {
        "coordinates": [
          85.1445163, 
          27.9410473
        ], 
        "type": "Point"
      }, 
      "properties": {
        "severity": "Warnings", 
        "rule": "Crossing ways", 
        "message": "Crossing building/residential area", 
        "object_id": "way/342222546", 
        "josm_remote_url": "http://127.0.0.1:8111/zoom?left=85.1442163&right=85.1448163&top=27.9413473&bottom=27.9407473&select=way342222546"
      }
    }, 
    {
      "type": "Feature", 
      "geometry": {
        "coordinates": [
          85.1445163, 
          27.9410473
        ], 
        "type": "Point"
      }, 
      "properties": {
        "severity": "Warnings", 
        "rule": "Crossing ways", 
        "message": "Crossing building/residential area", 
        "object_id": "way/342222546", 
        "josm_remote_url": "http://127.0.0.1:8111/zoom?left=85.1442163&right=85.1448163&top=27.9413473&bottom=27.9407473&select=way342222546"
      }
    }, 
    {
      "type": "Feature", 
      "geometry": {
        "coordinates": [
          85.1445163, 
          27.9410473
        ], 
        "type": "Point"
      }, 
      "properties": {
        "severity": "Warnings", 
        "rule": "Crossing ways", 
        "message": "Crossing building/residential area", 
        "object_id": "way/342222546", 
        "josm_remote_url": "http://127.0.0.1:8111/zoom?left=85.1442163&right=85.1448163&top=27.9413473&bottom=27.9407473&select=way342222546"
      }
    }, 
    {
      "type": "Feature", 
      "geometry": {
        "coordinates": [
          85.1313349, 
          27.8674197
        ], 
        "type": "Point"
      }, 
      "properties": {
        "severity": "Warnings", 
        "rule": "Crossing ways", 
        "message": "Crossing building/residential area", 
        "object_id": "way/1552591135", 
        "josm_remote_url": "http://127.0.0.1:8111/zoom?left=85.1310349&right=85.1316349&top=27.8677197&bottom=27.8671197&select=way1552591135"
      }
    }, 
    {
      "type": "Feature", 
      "geometry": {
        "coordinates": [
          85.1916631, 
          27.9926612
        ], 
        "type": "Point"
      }, 
      "properties": {
        "severity": "Warnings", 
        "rule": "Crossing ways", 
        "message": "Crossing building/residential area", 
        "object_id": "way/342221357", 
        "josm_remote_url": "http://127.0.0.1:8111/zoom?left=85.1913631&right=85.1919631&top=27.9929612&bottom=27.9923612&select=way342221357"
      }
    }, 
    {
      "type": "Feature", 
      "geometry": {
        "coordinates": [
          85.1916631, 
          27.9926612
        ], 
        "type": "Point"
      }, 
      "properties": {
        "severity": "Warnings", 
        "rule": "Crossing ways", 
        "message": "Crossing building/residential area", 
        "object_id": "way/342221357", 
        "josm_remote_url": "http://127.0.0.1:8111/zoom?left=85.1913631&right=85.1919631&top=27.9929612&bottom=27.9923612&select=way342221357"
      }
    }, 
    {
      "type": "Feature", 
      "geometry": {
        "coordinates": [
          85.1916631, 
          27.9926612
        ], 
        "type": "Point"
      }, 
      "properties": {
        "severity": "Warnings", 
        "rule": "Crossing ways", 
        "message": "Crossing building/residential area", 
        "object_id": "way/342221357", 
        "josm_remote_url": "http://127.0.0.1:8111/zoom?left=85.1913631&right=85.1919631&top=27.9929612&bottom=27.9923612&select=way342221357"
      }
    }, 
    {
      "type": "Feature", 
      "geometry": {
        "coordinates": [
          85.1916631, 
          27.9926612
        ], 
        "type": "Point"
      }, 
      "properties": {
        "severity": "Warnings", 
        "rule": "Crossing ways", 
        "message": "Crossing building/residential area", 
        "object_id": "way/342221357", 
        "josm_remote_url": "http://127.0.0.1:8111/zoom?left=85.1913631&right=85.1919631&top=27.9929612&bottom=27.9923612&select=way342221357"
      }
    }, 
    {
      "type": "Feature", 
      "geometry": {
        "coordinates": [
          85.1916631, 
          27.9926612
        ], 
        "type": "Point"
      }, 
      "properties": {
        "severity": "Warnings", 
        "rule": "Crossing ways", 
        "message": "Crossing building/residential area", 
        "object_id": "way/342221357", 
        "josm_remote_url": "http://127.0.0.1:8111/zoom?left=85.1913631&right=85.1919631&top=27.9929612&bottom=27.9923612&select=way342221357"
      }
    }, 
    {
      "type": "Feature", 
      "geometry": {
        "coordinates": [
          85.1662863, 
          28.0244777
        ], 
        "type": "Point"
      }, 
      "properties": {
        "severity": "Warnings", 
        "rule": "Crossing ways", 
        "message": "Crossing highway/waterway", 
        "object_id": "way/343007943", 
        "josm_remote_url": "http://127.0.0.1:8111/zoom?left=85.1659863&right=85.1665863&top=28.0247777&bottom=28.0241777&select=way343007943"
      }
    }, 
    {
      "type": "Feature", 
      "geometry": {
        "coordinates": [
          85.1662863, 
          28.0244777
        ], 
        "type": "Point"
      }, 
      "properties": {
        "severity": "Warnings", 
        "rule": "Crossing ways", 
        "message": "Crossing highway/waterway", 
        "object_id": "way/343007943", 
        "josm_remote_url": "http://127.0.0.1:8111/zoom?left=85.1659863&right=85.1665863&top=28.0247777&bottom=28.0241777&select=way343007943"
      }
    }, 
    {
      "type": "Feature", 
      "geometry": {
        "coordinates": [
          85.2078098, 
          28.056842
        ], 
        "type": "Point"
      }, 
      "properties": {
        "severity": "Warnings", 
        "rule": "Crossing ways", 
        "message": "Crossing building/highway", 
        "object_id": "way/1552589831", 
        "josm_remote_url": "http://127.0.0.1:8111/zoom?left=85.2075098&right=85.2081098&top=28.057142&bottom=28.056542&select=way1552589831"
      }
    }, 
    {
      "type": "Feature", 
      "geometry": {
        "coordinates": [
          85.1666289, 
          27.9385452
        ], 
        "type": "Point"
      }, 
      "properties": {
        "severity": "Warnings", 
        "rule": "Crossing ways", 
        "message": "Crossing building/residential area", 
        "object_id": "way/1553933881", 
        "josm_remote_url": "http://127.0.0.1:8111/zoom?left=85.1663289&right=85.1669289&top=27.9388452&bottom=27.9382452&select=way1553933881"
      }
    }, 
    {
      "type": "Feature", 
      "geometry": {
        "coordinates": [
          85.2078538, 
          28.0570494
        ], 
        "type": "Point"
      }, 
      "properties": {
        "severity": "Warnings", 
        "rule": "Crossing ways", 
        "message": "Crossing building/highway", 
        "object_id": "way/341536499", 
        "josm_remote_url": "http://127.0.0.1:8111/zoom?left=85.2075538&right=85.2081538&top=28.0573494&bottom=28.0567494&select=way341536499"
      }
    }, 
    {
      "type": "Feature", 
      "geometry": {
        "coordinates": [
          85.1325733, 
          27.8709853
        ], 
        "type": "Point"
      }, 
      "properties": {
        "severity": "Warnings", 
        "rule": "Crossing ways", 
        "message": "Crossing building/residential area", 
        "object_id": "way/1552590686", 
        "josm_remote_url": "http://127.0.0.1:8111/zoom?left=85.1322733&right=85.1328733&top=27.8712853&bottom=27.8706853&select=way1552590686"
      }
    }, 
    {
      "type": "Feature", 
      "geometry": {
        "coordinates": [
          85.1333726, 
          27.8716829
        ], 
        "type": "Point"
      }, 
      "properties": {
        "severity": "Warnings", 
        "rule": "Crossing ways", 
        "message": "Crossing building/residential area", 
        "object_id": "way/1552590687", 
        "josm_remote_url": "http://127.0.0.1:8111/zoom?left=85.1330726&right=85.1336726&top=27.8719829&bottom=27.8713829&select=way1552590687"
      }
    }, 
    {
      "type": "Feature", 
      "geometry": {
        "coordinates": [
          85.3574268, 
          28.2117349
        ], 
        "type": "Point"
      }, 
      "properties": {
        "severity": "Warnings", 
        "rule": "Crossing ways", 
        "message": "Crossing building/residential area", 
        "object_id": "way/1554032511", 
        "josm_remote_url": "http://127.0.0.1:8111/zoom?left=85.3571268&right=85.3577268&top=28.2120349&bottom=28.2114349&select=way1554032511"
      }
    }, 
    {
      "type": "Feature", 
      "geometry": {
        "coordinates": [
          85.2133137, 
          28.0484898
        ], 
        "type": "Point"
      }, 
      "properties": {
        "severity": "Warnings", 
        "rule": "Crossing ways", 
        "message": "Crossing building/residential area", 
        "object_id": "way/341698768", 
        "josm_remote_url": "http://127.0.0.1:8111/zoom?left=85.2130137&right=85.2136137&top=28.0487898&bottom=28.0481898&select=way341698768"
      }
    }, 
    {
      "type": "Feature", 
      "geometry": {
        "coordinates": [
          85.2130803, 
          28.0480134
        ], 
        "type": "Point"
      }, 
      "properties": {
        "severity": "Warnings", 
        "rule": "Crossing ways", 
        "message": "Crossing building/residential area", 
        "object_id": "way/341698766", 
        "josm_remote_url": "http://127.0.0.1:8111/zoom?left=85.2127803&right=85.2133803&top=28.0483134&bottom=28.0477134&select=way341698766"
      }
    }, 
    {
      "type": "Feature", 
      "geometry": {
        "coordinates": [
          85.1058369, 
          27.8597296
        ], 
        "type": "Point"
      }, 
      "properties": {
        "severity": "Warnings", 
        "rule": "Crossing ways", 
        "message": "Crossing building/residential area", 
        "object_id": "way/1181924007", 
        "josm_remote_url": "http://127.0.0.1:8111/zoom?left=85.1055369&right=85.1061369&top=27.8600296&bottom=27.8594296&select=way1181924007"
      }
    }, 
    {
      "type": "Feature", 
      "geometry": {
        "coordinates": [
          85.1926741, 
          28.0516641
        ], 
        "type": "Point"
      }, 
      "properties": {
        "severity": "Warnings", 
        "rule": "Crossing ways", 
        "message": "Crossing building/residential area", 
        "object_id": "way/1553834259", 
        "josm_remote_url": "http://127.0.0.1:8111/zoom?left=85.1923741&right=85.1929741&top=28.0519641&bottom=28.0513641&select=way1553834259"
      }
    }, 
    {
      "type": "Feature", 
      "geometry": {
        "coordinates": [
          85.1680212, 
          27.9399074
        ], 
        "type": "Point"
      }, 
      "properties": {
        "severity": "Warnings", 
        "rule": "Crossing ways", 
        "message": "Crossing building/residential area", 
        "object_id": "way/892128082", 
        "josm_remote_url": "http://127.0.0.1:8111/zoom?left=85.1677212&right=85.1683212&top=27.9402074&bottom=27.9396074&select=way892128082"
      }
    }, 
    {
      "type": "Feature", 
      "geometry": {
        "coordinates": [
          85.1274581, 
          27.8734573
        ], 
        "type": "Point"
      }, 
      "properties": {
        "severity": "Warnings", 
        "rule": "Crossing ways", 
        "message": "Crossing building/residential area", 
        "object_id": "way/341634015", 
        "josm_remote_url": "http://127.0.0.1:8111/zoom?left=85.1271581&right=85.1277581&top=27.8737573&bottom=27.8731573&select=way341634015"
      }
    }, 
    {
      "type": "Feature", 
      "geometry": {
        "coordinates": [
          85.1724017, 
          27.9643036
        ], 
        "type": "Point"
      }, 
      "properties": {
        "severity": "Warnings", 
        "rule": "Self crossing ways", 
        "message": "Self crossing ways", 
        "object_id": "way/1553016007", 
        "josm_remote_url": "http://127.0.0.1:8111/zoom?left=85.1721017&right=85.1727017&top=27.9646036&bottom=27.9640036&select=way1553016007"
      }
    }
  ]
}